[    7967ms] [LOG] [ViewMode] Switching: null → freelook @ https://test.1ink.us/streetview/static/js/main.e3ef1fc8.js:1
[    9581ms] [WARNING] Google Maps JavaScript API has been loaded directly without loading=async. This can result in suboptimal performance. For best-practice loading patterns please see https://goo.gle/js-api-loading @ https://maps.googleapis.com/maps/api/js?key=AIzaSyBNfAGRfS1TNlH0EmxNfegqTsiwzYk6reM&v=weekly&callback=initGoogleMaps&libraries=marker:1026
[    9995ms] [WARNING] google.maps.DirectionsService is deprecated as of February 25th, 2026. Please use google.maps.routes.Route.computeRoutes instead. At this time, google.maps.DirectionsService is not scheduled to be discontinued, but google.maps.routes.Route.computeRoutes is recommended over google.maps.DirectionsService.route. While google.maps.DirectionsService will continue to receive bug fixes for any major regressions, existing bugs in google.maps.DirectionsService will not be addressed. At least 12 months notice will be given before support is discontinued. Please see https://developers.google.com/maps/legacy for additional details and https://developers.google.com/maps/documentation/javascript/routes/routes-js-migration for the migration guide. @ https://maps.googleapis.com/maps/api/js?key=AIzaSyBNfAGRfS1TNlH0EmxNfegqTsiwzYk6reM&v=weekly&callback=initGoogleMaps&libraries=marker:1117
[   11486ms] [ERROR] Failed to load resource: net::ERR_BLOCKED_BY_RESPONSE.NotSameOriginAfterDefaultedToSameOriginByCoep @ https://maps.googleapis.com/maps/api/js/QuotaService.RecordEvent?1shttps%3A%2F%2Ftest.1ink.us%2Fstreetview%2Findex.html&3sAIzaSyBNfAGRfS1TNlH0EmxNfegqTsiwzYk6reM&7spz5qww&10e2&11b0&callback=_xdc_._b93sof&key=AIzaSyBNfAGRfS1TNlH0EmxNfegqTsiwzYk6reM&token=83088:0
[   11984ms] [LOG] [StreetView] Canvas ready: 780×493 @ https://test.1ink.us/streetview/static/js/main.e3ef1fc8.js:1
[   13879ms] [LOG] [App] Canvas is ready @ https://test.1ink.us/streetview/static/js/main.e3ef1fc8.js:1
[   14469ms] [LOG] [StreetView] Panorama changed event fired @ https://test.1ink.us/streetview/static/js/main.e3ef1fc8.js:1
[   17995ms] [LOG] [StreetView] Canvas stable, panorama ready @ https://test.1ink.us/streetview/static/js/main.e3ef1fc8.js:1
[  230549ms] [WARNING] No available adapters. @ https://test.1ink.us/streetview/index.html:0
[  230551ms] [WARNING] No WebGPU adapter found. Fallback active. @ https://test.1ink.us/streetview/static/js/main.e3ef1fc8.js:1
[  230552ms] [WARNING] WebGPU initialization failed. Please check your browser compatibility. @ https://test.1ink.us/streetview/static/js/main.e3ef1fc8.js:1
[  231074ms] [ERROR] The map is initialized without a valid Map ID, which will prevent use of Advanced Markers. @ https://maps.googleapis.com/maps/api/js?key=AIzaSyBNfAGRfS1TNlH0EmxNfegqTsiwzYk6reM&v=weekly&callback=initGoogleMaps&libraries=marker:1187
[  231684ms] [ERROR] The map is initialized without a valid Map ID, which will prevent use of Advanced Markers. @ https://maps.googleapis.com/maps/api/js?key=AIzaSyBNfAGRfS1TNlH0EmxNfegqTsiwzYk6reM&v=weekly&callback=initGoogleMaps&libraries=marker:1187
[  232589ms] [ERROR] The map is initialized without a valid Map ID, which will prevent use of Advanced Markers. @ https://maps.googleapis.com/maps/api/js?key=AIzaSyBNfAGRfS1TNlH0EmxNfegqTsiwzYk6reM&v=weekly&callback=initGoogleMaps&libraries=marker:1187
[  233833ms] [ERROR] The map is initialized without a valid Map ID, which will prevent use of Advanced Markers. @ https://maps.googleapis.com/maps/api/js?key=AIzaSyBNfAGRfS1TNlH0EmxNfegqTsiwzYk6reM&v=weekly&callback=initGoogleMaps&libraries=marker:1187
[  234346ms] [ERROR] The map is initialized without a valid Map ID, which will prevent use of Advanced Markers. @ https://maps.googleapis.com/maps/api/js?key=AIzaSyBNfAGRfS1TNlH0EmxNfegqTsiwzYk6reM&v=weekly&callback=initGoogleMaps&libraries=marker:1187
[  234760ms] [ERROR] The map is initialized without a valid Map ID, which will prevent use of Advanced Markers. @ https://maps.googleapis.com/maps/api/js?key=AIzaSyBNfAGRfS1TNlH0EmxNfegqTsiwzYk6reM&v=weekly&callback=initGoogleMaps&libraries=marker:1187
[  235199ms] [ERROR] The map is initialized without a valid Map ID, which will prevent use of Advanced Markers. @ https://maps.googleapis.com/maps/api/js?key=AIzaSyBNfAGRfS1TNlH0EmxNfegqTsiwzYk6reM&v=weekly&callback=initGoogleMaps&libraries=marker:1187
[  235466ms] [ERROR] The map is initialized without a valid Map ID, which will prevent use of Advanced Markers. @ https://maps.googleapis.com/maps/api/js?key=AIzaSyBNfAGRfS1TNlH0EmxNfegqTsiwzYk6reM&v=weekly&callback=initGoogleMaps&libraries=marker:1187
[  235752ms] [ERROR] The map is initialized without a valid Map ID, which will prevent use of Advanced Markers. @ https://maps.googleapis.com/maps/api/js?key=AIzaSyBNfAGRfS1TNlH0EmxNfegqTsiwzYk6reM&v=weekly&callback=initGoogleMaps&libraries=marker:1187
[  236025ms] [ERROR] The map is initialized without a valid Map ID, which will prevent use of Advanced Markers. @ https://maps.googleapis.com/maps/api/js?key=AIzaSyBNfAGRfS1TNlH0EmxNfegqTsiwzYk6reM&v=weekly&callback=initGoogleMaps&libraries=marker:1187
[  236415ms] [ERROR] The map is initialized without a valid Map ID, which will prevent use of Advanced Markers. @ https://maps.googleapis.com/maps/api/js?key=AIzaSyBNfAGRfS1TNlH0EmxNfegqTsiwzYk6reM&v=weekly&callback=initGoogleMaps&libraries=marker:1187
[  236963ms] [ERROR] The map is initialized without a valid Map ID, which will prevent use of Advanced Markers. @ https://maps.googleapis.com/maps/api/js?key=AIzaSyBNfAGRfS1TNlH0EmxNfegqTsiwzYk6reM&v=weekly&callback=initGoogleMaps&libraries=marker:1187
[  237494ms] [ERROR] The map is initialized without a valid Map ID, which will prevent use of Advanced Markers. @ https://maps.googleapis.com/maps/api/js?key=AIzaSyBNfAGRfS1TNlH0EmxNfegqTsiwzYk6reM&v=weekly&callback=initGoogleMaps&libraries=marker:1187
[  237672ms] [ERROR] The map is initialized without a valid Map ID, which will prevent use of Advanced Markers. @ https://maps.googleapis.com/maps/api/js?key=AIzaSyBNfAGRfS1TNlH0EmxNfegqTsiwzYk6reM&v=weekly&callback=initGoogleMaps&libraries=marker:1187
[  237868ms] [ERROR] The map is initialized without a valid Map ID, which will prevent use of Advanced Markers. @ https://maps.googleapis.com/maps/api/js?key=AIzaSyBNfAGRfS1TNlH0EmxNfegqTsiwzYk6reM&v=weekly&callback=initGoogleMaps&libraries=marker:1187
[  238488ms] [ERROR] The map is initialized without a valid Map ID, which will prevent use of Advanced Markers. @ https://maps.googleapis.com/maps/api/js?key=AIzaSyBNfAGRfS1TNlH0EmxNfegqTsiwzYk6reM&v=weekly&callback=initGoogleMaps&libraries=marker:1187
[  238712ms] [ERROR] The map is initialized without a valid Map ID, which will prevent use of Advanced Markers. @ https://maps.googleapis.com/maps/api/js?key=AIzaSyBNfAGRfS1TNlH0EmxNfegqTsiwzYk6reM&v=weekly&callback=initGoogleMaps&libraries=marker:1187
[  239649ms] [ERROR] The map is initialized without a valid Map ID, which will prevent use of Advanced Markers. @ https://maps.googleapis.com/maps/api/js?key=AIzaSyBNfAGRfS1TNlH0EmxNfegqTsiwzYk6reM&v=weekly&callback=initGoogleMaps&libraries=marker:1187
[  240427ms] [ERROR] The map is initialized without a valid Map ID, which will prevent use of Advanced Markers. @ https://maps.googleapis.com/maps/api/js?key=AIzaSyBNfAGRfS1TNlH0EmxNfegqTsiwzYk6reM&v=weekly&callback=initGoogleMaps&libraries=marker:1187
[  240566ms] [ERROR] The map is initialized without a valid Map ID, which will prevent use of Advanced Markers. @ https://maps.googleapis.com/maps/api/js?key=AIzaSyBNfAGRfS1TNlH0EmxNfegqTsiwzYk6reM&v=weekly&callback=initGoogleMaps&libraries=marker:1187
[  240782ms] [ERROR] The map is initialized without a valid Map ID, which will prevent use of Advanced Markers. @ https://maps.googleapis.com/maps/api/js?key=AIzaSyBNfAGRfS1TNlH0EmxNfegqTsiwzYk6reM&v=weekly&callback=initGoogleMaps&libraries=marker:1187
[  241382ms] [ERROR] The map is initialized without a valid Map ID, which will prevent use of Advanced Markers. @ https://maps.googleapis.com/maps/api/js?key=AIzaSyBNfAGRfS1TNlH0EmxNfegqTsiwzYk6reM&v=weekly&callback=initGoogleMaps&libraries=marker:1187
[  241904ms] [ERROR] The map is initialized without a valid Map ID, which will prevent use of Advanced Markers. @ https://maps.googleapis.com/maps/api/js?key=AIzaSyBNfAGRfS1TNlH0EmxNfegqTsiwzYk6reM&v=weekly&callback=initGoogleMaps&libraries=marker:1187
[  242394ms] [ERROR] The map is initialized without a valid Map ID, which will prevent use of Advanced Markers. @ https://maps.googleapis.com/maps/api/js?key=AIzaSyBNfAGRfS1TNlH0EmxNfegqTsiwzYk6reM&v=weekly&callback=initGoogleMaps&libraries=marker:1187
[  242787ms] [ERROR] The map is initialized without a valid Map ID, which will prevent use of Advanced Markers. @ https://maps.googleapis.com/maps/api/js?key=AIzaSyBNfAGRfS1TNlH0EmxNfegqTsiwzYk6reM&v=weekly&callback=initGoogleMaps&libraries=marker:1187
[  244005ms] [ERROR] The map is initialized without a valid Map ID, which will prevent use of Advanced Markers. @ https://maps.googleapis.com/maps/api/js?key=AIzaSyBNfAGRfS1TNlH0EmxNfegqTsiwzYk6reM&v=weekly&callback=initGoogleMaps&libraries=marker:1187
[  244909ms] [ERROR] The map is initialized without a valid Map ID, which will prevent use of Advanced Markers. @ https://maps.googleapis.com/maps/api/js?key=AIzaSyBNfAGRfS1TNlH0EmxNfegqTsiwzYk6reM&v=weekly&callback=initGoogleMaps&libraries=marker:1187
[  245374ms] [ERROR] The map is initialized without a valid Map ID, which will prevent use of Advanced Markers. @ https://maps.googleapis.com/maps/api/js?key=AIzaSyBNfAGRfS1TNlH0EmxNfegqTsiwzYk6reM&v=weekly&callback=initGoogleMaps&libraries=marker:1187
[  246367ms] [ERROR] The map is initialized without a valid Map ID, which will prevent use of Advanced Markers. @ https://maps.googleapis.com/maps/api/js?key=AIzaSyBNfAGRfS1TNlH0EmxNfegqTsiwzYk6reM&v=weekly&callback=initGoogleMaps&libraries=marker:1187
[  247196ms] [ERROR] The map is initialized without a valid Map ID, which will prevent use of Advanced Markers. @ https://maps.googleapis.com/maps/api/js?key=AIzaSyBNfAGRfS1TNlH0EmxNfegqTsiwzYk6reM&v=weekly&callback=initGoogleMaps&libraries=marker:1187
[  247583ms] [ERROR] The map is initialized without a valid Map ID, which will prevent use of Advanced Markers. @ https://maps.googleapis.com/maps/api/js?key=AIzaSyBNfAGRfS1TNlH0EmxNfegqTsiwzYk6reM&v=weekly&callback=initGoogleMaps&libraries=marker:1187
[  247975ms] [ERROR] The map is initialized without a valid Map ID, which will prevent use of Advanced Markers. @ https://maps.googleapis.com/maps/api/js?key=AIzaSyBNfAGRfS1TNlH0EmxNfegqTsiwzYk6reM&v=weekly&callback=initGoogleMaps&libraries=marker:1187
[  248190ms] [ERROR] The map is initialized without a valid Map ID, which will prevent use of Advanced Markers. @ https://maps.googleapis.com/maps/api/js?key=AIzaSyBNfAGRfS1TNlH0EmxNfegqTsiwzYk6reM&v=weekly&callback=initGoogleMaps&libraries=marker:1187
[  248934ms] [ERROR] The map is initialized without a valid Map ID, which will prevent use of Advanced Markers. @ https://maps.googleapis.com/maps/api/js?key=AIzaSyBNfAGRfS1TNlH0EmxNfegqTsiwzYk6reM&v=weekly&callback=initGoogleMaps&libraries=marker:1187
[  249303ms] [ERROR] The map is initialized without a valid Map ID, which will prevent use of Advanced Markers. @ https://maps.googleapis.com/maps/api/js?key=AIzaSyBNfAGRfS1TNlH0EmxNfegqTsiwzYk6reM&v=weekly&callback=initGoogleMaps&libraries=marker:1187
[  249618ms] [ERROR] The map is initialized without a valid Map ID, which will prevent use of Advanced Markers. @ https://maps.googleapis.com/maps/api/js?key=AIzaSyBNfAGRfS1TNlH0EmxNfegqTsiwzYk6reM&v=weekly&callback=initGoogleMaps&libraries=marker:1187
[  249894ms] [ERROR] The map is initialized without a valid Map ID, which will prevent use of Advanced Markers. @ https://maps.googleapis.com/maps/api/js?key=AIzaSyBNfAGRfS1TNlH0EmxNfegqTsiwzYk6reM&v=weekly&callback=initGoogleMaps&libraries=marker:1187
[  250292ms] [ERROR] The map is initialized without a valid Map ID, which will prevent use of Advanced Markers. @ https://maps.googleapis.com/maps/api/js?key=AIzaSyBNfAGRfS1TNlH0EmxNfegqTsiwzYk6reM&v=weekly&callback=initGoogleMaps&libraries=marker:1187
[  250611ms] [ERROR] The map is initialized without a valid Map ID, which will prevent use of Advanced Markers. @ https://maps.googleapis.com/maps/api/js?key=AIzaSyBNfAGRfS1TNlH0EmxNfegqTsiwzYk6reM&v=weekly&callback=initGoogleMaps&libraries=marker:1187
[  250866ms] [ERROR] The map is initialized without a valid Map ID, which will prevent use of Advanced Markers. @ https://maps.googleapis.com/maps/api/js?key=AIzaSyBNfAGRfS1TNlH0EmxNfegqTsiwzYk6reM&v=weekly&callback=initGoogleMaps&libraries=marker:1187
[  251291ms] [ERROR] The map is initialized without a valid Map ID, which will prevent use of Advanced Markers. @ https://maps.googleapis.com/maps/api/js?key=AIzaSyBNfAGRfS1TNlH0EmxNfegqTsiwzYk6reM&v=weekly&callback=initGoogleMaps&libraries=marker:1187
[  251611ms] [ERROR] The map is initialized without a valid Map ID, which will prevent use of Advanced Markers. @ https://maps.googleapis.com/maps/api/js?key=AIzaSyBNfAGRfS1TNlH0EmxNfegqTsiwzYk6reM&v=weekly&callback=initGoogleMaps&libraries=marker:1187
[  251726ms] [ERROR] The map is initialized without a valid Map ID, which will prevent use of Advanced Markers. @ https://maps.googleapis.com/maps/api/js?key=AIzaSyBNfAGRfS1TNlH0EmxNfegqTsiwzYk6reM&v=weekly&callback=initGoogleMaps&libraries=marker:1187
[  252145ms] [ERROR] The map is initialized without a valid Map ID, which will prevent use of Advanced Markers. @ https://maps.googleapis.com/maps/api/js?key=AIzaSyBNfAGRfS1TNlH0EmxNfegqTsiwzYk6reM&v=weekly&callback=initGoogleMaps&libraries=marker:1187
[  252653ms] [ERROR] The map is initialized without a valid Map ID, which will prevent use of Advanced Markers. @ https://maps.googleapis.com/maps/api/js?key=AIzaSyBNfAGRfS1TNlH0EmxNfegqTsiwzYk6reM&v=weekly&callback=initGoogleMaps&libraries=marker:1187
[  252894ms] [ERROR] The map is initialized without a valid Map ID, which will prevent use of Advanced Markers. @ https://maps.googleapis.com/maps/api/js?key=AIzaSyBNfAGRfS1TNlH0EmxNfegqTsiwzYk6reM&v=weekly&callback=initGoogleMaps&libraries=marker:1187
[  253115ms] [ERROR] The map is initialized without a valid Map ID, which will prevent use of Advanced Markers. @ https://maps.googleapis.com/maps/api/js?key=AIzaSyBNfAGRfS1TNlH0EmxNfegqTsiwzYk6reM&v=weekly&callback=initGoogleMaps&libraries=marker:1187
[  253619ms] [ERROR] The map is initialized without a valid Map ID, which will prevent use of Advanced Markers. @ https://maps.googleapis.com/maps/api/js?key=AIzaSyBNfAGRfS1TNlH0EmxNfegqTsiwzYk6reM&v=weekly&callback=initGoogleMaps&libraries=marker:1187
[  253970ms] [ERROR] The map is initialized without a valid Map ID, which will prevent use of Advanced Markers. @ https://maps.googleapis.com/maps/api/js?key=AIzaSyBNfAGRfS1TNlH0EmxNfegqTsiwzYk6reM&v=weekly&callback=initGoogleMaps&libraries=marker:1187
[  254569ms] [ERROR] The map is initialized without a valid Map ID, which will prevent use of Advanced Markers. @ https://maps.googleapis.com/maps/api/js?key=AIzaSyBNfAGRfS1TNlH0EmxNfegqTsiwzYk6reM&v=weekly&callback=initGoogleMaps&libraries=marker:1187
[  255296ms] [ERROR] The map is initialized without a valid Map ID, which will prevent use of Advanced Markers. @ https://maps.googleapis.com/maps/api/js?key=AIzaSyBNfAGRfS1TNlH0EmxNfegqTsiwzYk6reM&v=weekly&callback=initGoogleMaps&libraries=marker:1187
[  255592ms] [ERROR] The map is initialized without a valid Map ID, which will prevent use of Advanced Markers. @ https://maps.googleapis.com/maps/api/js?key=AIzaSyBNfAGRfS1TNlH0EmxNfegqTsiwzYk6reM&v=weekly&callback=initGoogleMaps&libraries=marker:1187
[  255668ms] [ERROR] The map is initialized without a valid Map ID, which will prevent use of Advanced Markers. @ https://maps.googleapis.com/maps/api/js?key=AIzaSyBNfAGRfS1TNlH0EmxNfegqTsiwzYk6reM&v=weekly&callback=initGoogleMaps&libraries=marker:1187
[  255845ms] [ERROR] The map is initialized without a valid Map ID, which will prevent use of Advanced Markers. @ https://maps.googleapis.com/maps/api/js?key=AIzaSyBNfAGRfS1TNlH0EmxNfegqTsiwzYk6reM&v=weekly&callback=initGoogleMaps&libraries=marker:1187
[  256127ms] [ERROR] The map is initialized without a valid Map ID, which will prevent use of Advanced Markers. @ https://maps.googleapis.com/maps/api/js?key=AIzaSyBNfAGRfS1TNlH0EmxNfegqTsiwzYk6reM&v=weekly&callback=initGoogleMaps&libraries=marker:1187
[  256390ms] [ERROR] The map is initialized without a valid Map ID, which will prevent use of Advanced Markers. @ https://maps.googleapis.com/maps/api/js?key=AIzaSyBNfAGRfS1TNlH0EmxNfegqTsiwzYk6reM&v=weekly&callback=initGoogleMaps&libraries=marker:1187
[  256509ms] [ERROR] The map is initialized without a valid Map ID, which will prevent use of Advanced Markers. @ https://maps.googleapis.com/maps/api/js?key=AIzaSyBNfAGRfS1TNlH0EmxNfegqTsiwzYk6reM&v=weekly&callback=initGoogleMaps&libraries=marker:1187
[  256600ms] [ERROR] The map is initialized without a valid Map ID, which will prevent use of Advanced Markers. @ https://maps.googleapis.com/maps/api/js?key=AIzaSyBNfAGRfS1TNlH0EmxNfegqTsiwzYk6reM&v=weekly&callback=initGoogleMaps&libraries=marker:1187
[  257735ms] [ERROR] The map is initialized without a valid Map ID, which will prevent use of Advanced Markers. @ https://maps.googleapis.com/maps/api/js?key=AIzaSyBNfAGRfS1TNlH0EmxNfegqTsiwzYk6reM&v=weekly&callback=initGoogleMaps&libraries=marker:1187
[  258622ms] [ERROR] The map is initialized without a valid Map ID, which will prevent use of Advanced Markers. @ https://maps.googleapis.com/maps/api/js?key=AIzaSyBNfAGRfS1TNlH0EmxNfegqTsiwzYk6reM&v=weekly&callback=initGoogleMaps&libraries=marker:1187
[  259191ms] [ERROR] The map is initialized without a valid Map ID, which will prevent use of Advanced Markers. @ https://maps.googleapis.com/maps/api/js?key=AIzaSyBNfAGRfS1TNlH0EmxNfegqTsiwzYk6reM&v=weekly&callback=initGoogleMaps&libraries=marker:1187
[  259492ms] [ERROR] The map is initialized without a valid Map ID, which will prevent use of Advanced Markers. @ https://maps.googleapis.com/maps/api/js?key=AIzaSyBNfAGRfS1TNlH0EmxNfegqTsiwzYk6reM&v=weekly&callback=initGoogleMaps&libraries=marker:1187
[  260100ms] [ERROR] The map is initialized without a valid Map ID, which will prevent use of Advanced Markers. @ https://maps.googleapis.com/maps/api/js?key=AIzaSyBNfAGRfS1TNlH0EmxNfegqTsiwzYk6reM&v=weekly&callback=initGoogleMaps&libraries=marker:1187
[  260779ms] [ERROR] The map is initialized without a valid Map ID, which will prevent use of Advanced Markers. @ https://maps.googleapis.com/maps/api/js?key=AIzaSyBNfAGRfS1TNlH0EmxNfegqTsiwzYk6reM&v=weekly&callback=initGoogleMaps&libraries=marker:1187
[  261122ms] [ERROR] The map is initialized without a valid Map ID, which will prevent use of Advanced Markers. @ https://maps.googleapis.com/maps/api/js?key=AIzaSyBNfAGRfS1TNlH0EmxNfegqTsiwzYk6reM&v=weekly&callback=initGoogleMaps&libraries=marker:1187
[  261491ms] [ERROR] The map is initialized without a valid Map ID, which will prevent use of Advanced Markers. @ https://maps.googleapis.com/maps/api/js?key=AIzaSyBNfAGRfS1TNlH0EmxNfegqTsiwzYk6reM&v=weekly&callback=initGoogleMaps&libraries=marker:1187
[  262293ms] [ERROR] The map is initialized without a valid Map ID, which will prevent use of Advanced Markers. @ https://maps.googleapis.com/maps/api/js?key=AIzaSyBNfAGRfS1TNlH0EmxNfegqTsiwzYk6reM&v=weekly&callback=initGoogleMaps&libraries=marker:1187
[  263207ms] [ERROR] The map is initialized without a valid Map ID, which will prevent use of Advanced Markers. @ https://maps.googleapis.com/maps/api/js?key=AIzaSyBNfAGRfS1TNlH0EmxNfegqTsiwzYk6reM&v=weekly&callback=initGoogleMaps&libraries=marker:1187
[  263489ms] [ERROR] The map is initialized without a valid Map ID, which will prevent use of Advanced Markers. @ https://maps.googleapis.com/maps/api/js?key=AIzaSyBNfAGRfS1TNlH0EmxNfegqTsiwzYk6reM&v=weekly&callback=initGoogleMaps&libraries=marker:1187
[  263915ms] [ERROR] The map is initialized without a valid Map ID, which will prevent use of Advanced Markers. @ https://maps.googleapis.com/maps/api/js?key=AIzaSyBNfAGRfS1TNlH0EmxNfegqTsiwzYk6reM&v=weekly&callback=initGoogleMaps&libraries=marker:1187
[  264403ms] [ERROR] The map is initialized without a valid Map ID, which will prevent use of Advanced Markers. @ https://maps.googleapis.com/maps/api/js?key=AIzaSyBNfAGRfS1TNlH0EmxNfegqTsiwzYk6reM&v=weekly&callback=initGoogleMaps&libraries=marker:1187
[  264809ms] [ERROR] The map is initialized without a valid Map ID, which will prevent use of Advanced Markers. @ https://maps.googleapis.com/maps/api/js?key=AIzaSyBNfAGRfS1TNlH0EmxNfegqTsiwzYk6reM&v=weekly&callback=initGoogleMaps&libraries=marker:1187
[  265119ms] [ERROR] The map is initialized without a valid Map ID, which will prevent use of Advanced Markers. @ https://maps.googleapis.com/maps/api/js?key=AIzaSyBNfAGRfS1TNlH0EmxNfegqTsiwzYk6reM&v=weekly&callback=initGoogleMaps&libraries=marker:1187
[  265409ms] [ERROR] The map is initialized without a valid Map ID, which will prevent use of Advanced Markers. @ https://maps.googleapis.com/maps/api/js?key=AIzaSyBNfAGRfS1TNlH0EmxNfegqTsiwzYk6reM&v=weekly&callback=initGoogleMaps&libraries=marker:1187
[  265703ms] [ERROR] The map is initialized without a valid Map ID, which will prevent use of Advanced Markers. @ https://maps.googleapis.com/maps/api/js?key=AIzaSyBNfAGRfS1TNlH0EmxNfegqTsiwzYk6reM&v=weekly&callback=initGoogleMaps&libraries=marker:1187
[  266308ms] [ERROR] The map is initialized without a valid Map ID, which will prevent use of Advanced Markers. @ https://maps.googleapis.com/maps/api/js?key=AIzaSyBNfAGRfS1TNlH0EmxNfegqTsiwzYk6reM&v=weekly&callback=initGoogleMaps&libraries=marker:1187
[  266673ms] [ERROR] The map is initialized without a valid Map ID, which will prevent use of Advanced Markers. @ https://maps.googleapis.com/maps/api/js?key=AIzaSyBNfAGRfS1TNlH0EmxNfegqTsiwzYk6reM&v=weekly&callback=initGoogleMaps&libraries=marker:1187
[  267508ms] [ERROR] The map is initialized without a valid Map ID, which will prevent use of Advanced Markers. @ https://maps.googleapis.com/maps/api/js?key=AIzaSyBNfAGRfS1TNlH0EmxNfegqTsiwzYk6reM&v=weekly&callback=initGoogleMaps&libraries=marker:1187
[  267871ms] [ERROR] The map is initialized without a valid Map ID, which will prevent use of Advanced Markers. @ https://maps.googleapis.com/maps/api/js?key=AIzaSyBNfAGRfS1TNlH0EmxNfegqTsiwzYk6reM&v=weekly&callback=initGoogleMaps&libraries=marker:1187
[  268387ms] [ERROR] The map is initialized without a valid Map ID, which will prevent use of Advanced Markers. @ https://maps.googleapis.com/maps/api/js?key=AIzaSyBNfAGRfS1TNlH0EmxNfegqTsiwzYk6reM&v=weekly&callback=initGoogleMaps&libraries=marker:1187
[  268777ms] [ERROR] The map is initialized without a valid Map ID, which will prevent use of Advanced Markers. @ https://maps.googleapis.com/maps/api/js?key=AIzaSyBNfAGRfS1TNlH0EmxNfegqTsiwzYk6reM&v=weekly&callback=initGoogleMaps&libraries=marker:1187
[  269104ms] [ERROR] The map is initialized without a valid Map ID, which will prevent use of Advanced Markers. @ https://maps.googleapis.com/maps/api/js?key=AIzaSyBNfAGRfS1TNlH0EmxNfegqTsiwzYk6reM&v=weekly&callback=initGoogleMaps&libraries=marker:1187
[  269570ms] [ERROR] The map is initialized without a valid Map ID, which will prevent use of Advanced Markers. @ https://maps.googleapis.com/maps/api/js?key=AIzaSyBNfAGRfS1TNlH0EmxNfegqTsiwzYk6reM&v=weekly&callback=initGoogleMaps&libraries=marker:1187
[  270496ms] [ERROR] The map is initialized without a valid Map ID, which will prevent use of Advanced Markers. @ https://maps.googleapis.com/maps/api/js?key=AIzaSyBNfAGRfS1TNlH0EmxNfegqTsiwzYk6reM&v=weekly&callback=initGoogleMaps&libraries=marker:1187
[  270887ms] [ERROR] The map is initialized without a valid Map ID, which will prevent use of Advanced Markers. @ https://maps.googleapis.com/maps/api/js?key=AIzaSyBNfAGRfS1TNlH0EmxNfegqTsiwzYk6reM&v=weekly&callback=initGoogleMaps&libraries=marker:1187
[  271370ms] [ERROR] The map is initialized without a valid Map ID, which will prevent use of Advanced Markers. @ https://maps.googleapis.com/maps/api/js?key=AIzaSyBNfAGRfS1TNlH0EmxNfegqTsiwzYk6reM&v=weekly&callback=initGoogleMaps&libraries=marker:1187
[  271801ms] [ERROR] The map is initialized without a valid Map ID, which will prevent use of Advanced Markers. @ https://maps.googleapis.com/maps/api/js?key=AIzaSyBNfAGRfS1TNlH0EmxNfegqTsiwzYk6reM&v=weekly&callback=initGoogleMaps&libraries=marker:1187
[  272486ms] [ERROR] The map is initialized without a valid Map ID, which will prevent use of Advanced Markers. @ https://maps.googleapis.com/maps/api/js?key=AIzaSyBNfAGRfS1TNlH0EmxNfegqTsiwzYk6reM&v=weekly&callback=initGoogleMaps&libraries=marker:1187
[  272891ms] [ERROR] The map is initialized without a valid Map ID, which will prevent use of Advanced Markers. @ https://maps.googleapis.com/maps/api/js?key=AIzaSyBNfAGRfS1TNlH0EmxNfegqTsiwzYk6reM&v=weekly&callback=initGoogleMaps&libraries=marker:1187
[  273189ms] [ERROR] The map is initialized without a valid Map ID, which will prevent use of Advanced Markers. @ https://maps.googleapis.com/maps/api/js?key=AIzaSyBNfAGRfS1TNlH0EmxNfegqTsiwzYk6reM&v=weekly&callback=initGoogleMaps&libraries=marker:1187
[  274280ms] [ERROR] The map is initialized without a valid Map ID, which will prevent use of Advanced Markers. @ https://maps.googleapis.com/maps/api/js?key=AIzaSyBNfAGRfS1TNlH0EmxNfegqTsiwzYk6reM&v=weekly&callback=initGoogleMaps&libraries=marker:1187
[  275508ms] [ERROR] The map is initialized without a valid Map ID, which will prevent use of Advanced Markers. @ https://maps.googleapis.com/maps/api/js?key=AIzaSyBNfAGRfS1TNlH0EmxNfegqTsiwzYk6reM&v=weekly&callback=initGoogleMaps&libraries=marker:1187
[  276170ms] [ERROR] The map is initialized without a valid Map ID, which will prevent use of Advanced Markers. @ https://maps.googleapis.com/maps/api/js?key=AIzaSyBNfAGRfS1TNlH0EmxNfegqTsiwzYk6reM&v=weekly&callback=initGoogleMaps&libraries=marker:1187
[  277093ms] [ERROR] The map is initialized without a valid Map ID, which will prevent use of Advanced Markers. @ https://maps.googleapis.com/maps/api/js?key=AIzaSyBNfAGRfS1TNlH0EmxNfegqTsiwzYk6reM&v=weekly&callback=initGoogleMaps&libraries=marker:1187
[  277681ms] [ERROR] The map is initialized without a valid Map ID, which will prevent use of Advanced Markers. @ https://maps.googleapis.com/maps/api/js?key=AIzaSyBNfAGRfS1TNlH0EmxNfegqTsiwzYk6reM&v=weekly&callback=initGoogleMaps&libraries=marker:1187
[  279395ms] [ERROR] The map is initialized without a valid Map ID, which will prevent use of Advanced Markers. @ https://maps.googleapis.com/maps/api/js?key=AIzaSyBNfAGRfS1TNlH0EmxNfegqTsiwzYk6reM&v=weekly&callback=initGoogleMaps&libraries=marker:1187
[  280292ms] [ERROR] The map is initialized without a valid Map ID, which will prevent use of Advanced Markers. @ https://maps.googleapis.com/maps/api/js?key=AIzaSyBNfAGRfS1TNlH0EmxNfegqTsiwzYk6reM&v=weekly&callback=initGoogleMaps&libraries=marker:1187
[  281469ms] [ERROR] The map is initialized without a valid Map ID, which will prevent use of Advanced Markers. @ https://maps.googleapis.com/maps/api/js?key=AIzaSyBNfAGRfS1TNlH0EmxNfegqTsiwzYk6reM&v=weekly&callback=initGoogleMaps&libraries=marker:1187
[  281903ms] [ERROR] The map is initialized without a valid Map ID, which will prevent use of Advanced Markers. @ https://maps.googleapis.com/maps/api/js?key=AIzaSyBNfAGRfS1TNlH0EmxNfegqTsiwzYk6reM&v=weekly&callback=initGoogleMaps&libraries=marker:1187
[  282592ms] [ERROR] The map is initialized without a valid Map ID, which will prevent use of Advanced Markers. @ https://maps.googleapis.com/maps/api/js?key=AIzaSyBNfAGRfS1TNlH0EmxNfegqTsiwzYk6reM&v=weekly&callback=initGoogleMaps&libraries=marker:1187
[  283098ms] [ERROR] The map is initialized without a valid Map ID, which will prevent use of Advanced Markers. @ https://maps.googleapis.com/maps/api/js?key=AIzaSyBNfAGRfS1TNlH0EmxNfegqTsiwzYk6reM&v=weekly&callback=initGoogleMaps&libraries=marker:1187
[  283795ms] [ERROR] The map is initialized without a valid Map ID, which will prevent use of Advanced Markers. @ https://maps.googleapis.com/maps/api/js?key=AIzaSyBNfAGRfS1TNlH0EmxNfegqTsiwzYk6reM&v=weekly&callback=initGoogleMaps&libraries=marker:1187
[  284587ms] [ERROR] The map is initialized without a valid Map ID, which will prevent use of Advanced Markers. @ https://maps.googleapis.com/maps/api/js?key=AIzaSyBNfAGRfS1TNlH0EmxNfegqTsiwzYk6reM&v=weekly&callback=initGoogleMaps&libraries=marker:1187
[  285293ms] [ERROR] The map is initialized without a valid Map ID, which will prevent use of Advanced Markers. @ https://maps.googleapis.com/maps/api/js?key=AIzaSyBNfAGRfS1TNlH0EmxNfegqTsiwzYk6reM&v=weekly&callback=initGoogleMaps&libraries=marker:1187
[  285774ms] [ERROR] The map is initialized without a valid Map ID, which will prevent use of Advanced Markers. @ https://maps.googleapis.com/maps/api/js?key=AIzaSyBNfAGRfS1TNlH0EmxNfegqTsiwzYk6reM&v=weekly&callback=initGoogleMaps&libraries=marker:1187
[  286168ms] [ERROR] The map is initialized without a valid Map ID, which will prevent use of Advanced Markers. @ https://maps.googleapis.com/maps/api/js?key=AIzaSyBNfAGRfS1TNlH0EmxNfegqTsiwzYk6reM&v=weekly&callback=initGoogleMaps&libraries=marker:1187
[  286583ms] [ERROR] The map is initialized without a valid Map ID, which will prevent use of Advanced Markers. @ https://maps.googleapis.com/maps/api/js?key=AIzaSyBNfAGRfS1TNlH0EmxNfegqTsiwzYk6reM&v=weekly&callback=initGoogleMaps&libraries=marker:1187
[  287001ms] [ERROR] The map is initialized without a valid Map ID, which will prevent use of Advanced Markers. @ https://maps.googleapis.com/maps/api/js?key=AIzaSyBNfAGRfS1TNlH0EmxNfegqTsiwzYk6reM&v=weekly&callback=initGoogleMaps&libraries=marker:1187
[  287471ms] [ERROR] The map is initialized without a valid Map ID, which will prevent use of Advanced Markers. @ https://maps.googleapis.com/maps/api/js?key=AIzaSyBNfAGRfS1TNlH0EmxNfegqTsiwzYk6reM&v=weekly&callback=initGoogleMaps&libraries=marker:1187
[  287997ms] [ERROR] The map is initialized without a valid Map ID, which will prevent use of Advanced Markers. @ https://maps.googleapis.com/maps/api/js?key=AIzaSyBNfAGRfS1TNlH0EmxNfegqTsiwzYk6reM&v=weekly&callback=initGoogleMaps&libraries=marker:1187
[  288284ms] [ERROR] The map is initialized without a valid Map ID, which will prevent use of Advanced Markers. @ https://maps.googleapis.com/maps/api/js?key=AIzaSyBNfAGRfS1TNlH0EmxNfegqTsiwzYk6reM&v=weekly&callback=initGoogleMaps&libraries=marker:1187
[  288495ms] [ERROR] The map is initialized without a valid Map ID, which will prevent use of Advanced Markers. @ https://maps.googleapis.com/maps/api/js?key=AIzaSyBNfAGRfS1TNlH0EmxNfegqTsiwzYk6reM&v=weekly&callback=initGoogleMaps&libraries=marker:1187
[  288814ms] [ERROR] The map is initialized without a valid Map ID, which will prevent use of Advanced Markers. @ https://maps.googleapis.com/maps/api/js?key=AIzaSyBNfAGRfS1TNlH0EmxNfegqTsiwzYk6reM&v=weekly&callback=initGoogleMaps&libraries=marker:1187
[  289200ms] [ERROR] The map is initialized without a valid Map ID, which will prevent use of Advanced Markers. @ https://maps.googleapis.com/maps/api/js?key=AIzaSyBNfAGRfS1TNlH0EmxNfegqTsiwzYk6reM&v=weekly&callback=initGoogleMaps&libraries=marker:1187
[  289496ms] [ERROR] The map is initialized without a valid Map ID, which will prevent use of Advanced Markers. @ https://maps.googleapis.com/maps/api/js?key=AIzaSyBNfAGRfS1TNlH0EmxNfegqTsiwzYk6reM&v=weekly&callback=initGoogleMaps&libraries=marker:1187
[  289889ms] [ERROR] The map is initialized without a valid Map ID, which will prevent use of Advanced Markers. @ https://maps.googleapis.com/maps/api/js?key=AIzaSyBNfAGRfS1TNlH0EmxNfegqTsiwzYk6reM&v=weekly&callback=initGoogleMaps&libraries=marker:1187
[  290290ms] [ERROR] The map is initialized without a valid Map ID, which will prevent use of Advanced Markers. @ https://maps.googleapis.com/maps/api/js?key=AIzaSyBNfAGRfS1TNlH0EmxNfegqTsiwzYk6reM&v=weekly&callback=initGoogleMaps&libraries=marker:1187
[  290531ms] [ERROR] The map is initialized without a valid Map ID, which will prevent use of Advanced Markers. @ https://maps.googleapis.com/maps/api/js?key=AIzaSyBNfAGRfS1TNlH0EmxNfegqTsiwzYk6reM&v=weekly&callback=initGoogleMaps&libraries=marker:1187
[  290810ms] [ERROR] The map is initialized without a valid Map ID, which will prevent use of Advanced Markers. @ https://maps.googleapis.com/maps/api/js?key=AIzaSyBNfAGRfS1TNlH0EmxNfegqTsiwzYk6reM&v=weekly&callback=initGoogleMaps&libraries=marker:1187
[  291290ms] [ERROR] The map is initialized without a valid Map ID, which will prevent use of Advanced Markers. @ https://maps.googleapis.com/maps/api/js?key=AIzaSyBNfAGRfS1TNlH0EmxNfegqTsiwzYk6reM&v=weekly&callback=initGoogleMaps&libraries=marker:1187
[  291699ms] [ERROR] The map is initialized without a valid Map ID, which will prevent use of Advanced Markers. @ https://maps.googleapis.com/maps/api/js?key=AIzaSyBNfAGRfS1TNlH0EmxNfegqTsiwzYk6reM&v=weekly&callback=initGoogleMaps&libraries=marker:1187
[  292205ms] [ERROR] The map is initialized without a valid Map ID, which will prevent use of Advanced Markers. @ https://maps.googleapis.com/maps/api/js?key=AIzaSyBNfAGRfS1TNlH0EmxNfegqTsiwzYk6reM&v=weekly&callback=initGoogleMaps&libraries=marker:1187
[  292470ms] [ERROR] The map is initialized without a valid Map ID, which will prevent use of Advanced Markers. @ https://maps.googleapis.com/maps/api/js?key=AIzaSyBNfAGRfS1TNlH0EmxNfegqTsiwzYk6reM&v=weekly&callback=initGoogleMaps&libraries=marker:1187
[  293481ms] [ERROR] The map is initialized without a valid Map ID, which will prevent use of Advanced Markers. @ https://maps.googleapis.com/maps/api/js?key=AIzaSyBNfAGRfS1TNlH0EmxNfegqTsiwzYk6reM&v=weekly&callback=initGoogleMaps&libraries=marker:1187
[  294709ms] [ERROR] The map is initialized without a valid Map ID, which will prevent use of Advanced Markers. @ https://maps.googleapis.com/maps/api/js?key=AIzaSyBNfAGRfS1TNlH0EmxNfegqTsiwzYk6reM&v=weekly&callback=initGoogleMaps&libraries=marker:1187
[  295093ms] [ERROR] The map is initialized without a valid Map ID, which will prevent use of Advanced Markers. @ https://maps.googleapis.com/maps/api/js?key=AIzaSyBNfAGRfS1TNlH0EmxNfegqTsiwzYk6reM&v=weekly&callback=initGoogleMaps&libraries=marker:1187
[  295669ms] [ERROR] The map is initialized without a valid Map ID, which will prevent use of Advanced Markers. @ https://maps.googleapis.com/maps/api/js?key=AIzaSyBNfAGRfS1TNlH0EmxNfegqTsiwzYk6reM&v=weekly&callback=initGoogleMaps&libraries=marker:1187
[  296005ms] [ERROR] The map is initialized without a valid Map ID, which will prevent use of Advanced Markers. @ https://maps.googleapis.com/maps/api/js?key=AIzaSyBNfAGRfS1TNlH0EmxNfegqTsiwzYk6reM&v=weekly&callback=initGoogleMaps&libraries=marker:1187
[  296569ms] [ERROR] The map is initialized without a valid Map ID, which will prevent use of Advanced Markers. @ https://maps.googleapis.com/maps/api/js?key=AIzaSyBNfAGRfS1TNlH0EmxNfegqTsiwzYk6reM&v=weekly&callback=initGoogleMaps&libraries=marker:1187
[  296703ms] [ERROR] The map is initialized without a valid Map ID, which will prevent use of Advanced Markers. @ https://maps.googleapis.com/maps/api/js?key=AIzaSyBNfAGRfS1TNlH0EmxNfegqTsiwzYk6reM&v=weekly&callback=initGoogleMaps&libraries=marker:1187
[  296919ms] [ERROR] The map is initialized without a valid Map ID, which will prevent use of Advanced Markers. @ https://maps.googleapis.com/maps/api/js?key=AIzaSyBNfAGRfS1TNlH0EmxNfegqTsiwzYk6reM&v=weekly&callback=initGoogleMaps&libraries=marker:1187
[  297304ms] [ERROR] The map is initialized without a valid Map ID, which will prevent use of Advanced Markers. @ https://maps.googleapis.com/maps/api/js?key=AIzaSyBNfAGRfS1TNlH0EmxNfegqTsiwzYk6reM&v=weekly&callback=initGoogleMaps&libraries=marker:1187
[  298310ms] [ERROR] The map is initialized without a valid Map ID, which will prevent use of Advanced Markers. @ https://maps.googleapis.com/maps/api/js?key=AIzaSyBNfAGRfS1TNlH0EmxNfegqTsiwzYk6reM&v=weekly&callback=initGoogleMaps&libraries=marker:1187
[  298805ms] [ERROR] The map is initialized without a valid Map ID, which will prevent use of Advanced Markers. @ https://maps.googleapis.com/maps/api/js?key=AIzaSyBNfAGRfS1TNlH0EmxNfegqTsiwzYk6reM&v=weekly&callback=initGoogleMaps&libraries=marker:1187
[  299412ms] [ERROR] The map is initialized without a valid Map ID, which will prevent use of Advanced Markers. @ https://maps.googleapis.com/maps/api/js?key=AIzaSyBNfAGRfS1TNlH0EmxNfegqTsiwzYk6reM&v=weekly&callback=initGoogleMaps&libraries=marker:1187
[  299805ms] [ERROR] The map is initialized without a valid Map ID, which will prevent use of Advanced Markers. @ https://maps.googleapis.com/maps/api/js?key=AIzaSyBNfAGRfS1TNlH0EmxNfegqTsiwzYk6reM&v=weekly&callback=initGoogleMaps&libraries=marker:1187
[  300479ms] [ERROR] The map is initialized without a valid Map ID, which will prevent use of Advanced Markers. @ https://maps.googleapis.com/maps/api/js?key=AIzaSyBNfAGRfS1TNlH0EmxNfegqTsiwzYk6reM&v=weekly&callback=initGoogleMaps&libraries=marker:1187
[  300783ms] [ERROR] The map is initialized without a valid Map ID, which will prevent use of Advanced Markers. @ https://maps.googleapis.com/maps/api/js?key=AIzaSyBNfAGRfS1TNlH0EmxNfegqTsiwzYk6reM&v=weekly&callback=initGoogleMaps&libraries=marker:1187
[  301169ms] [ERROR] The map is initialized without a valid Map ID, which will prevent use of Advanced Markers. @ https://maps.googleapis.com/maps/api/js?key=AIzaSyBNfAGRfS1TNlH0EmxNfegqTsiwzYk6reM&v=weekly&callback=initGoogleMaps&libraries=marker:1187
[  301697ms] [ERROR] The map is initialized without a valid Map ID, which will prevent use of Advanced Markers. @ https://maps.googleapis.com/maps/api/js?key=AIzaSyBNfAGRfS1TNlH0EmxNfegqTsiwzYk6reM&v=weekly&callback=initGoogleMaps&libraries=marker:1187
[  301818ms] [ERROR] The map is initialized without a valid Map ID, which will prevent use of Advanced Markers. @ https://maps.googleapis.com/maps/api/js?key=AIzaSyBNfAGRfS1TNlH0EmxNfegqTsiwzYk6reM&v=weekly&callback=initGoogleMaps&libraries=marker:1187
[  302229ms] [ERROR] The map is initialized without a valid Map ID, which will prevent use of Advanced Markers. @ https://maps.googleapis.com/maps/api/js?key=AIzaSyBNfAGRfS1TNlH0EmxNfegqTsiwzYk6reM&v=weekly&callback=initGoogleMaps&libraries=marker:1187
[  302420ms] [ERROR] The map is initialized without a valid Map ID, which will prevent use of Advanced Markers. @ https://maps.googleapis.com/maps/api/js?key=AIzaSyBNfAGRfS1TNlH0EmxNfegqTsiwzYk6reM&v=weekly&callback=initGoogleMaps&libraries=marker:1187
[  303001ms] [ERROR] The map is initialized without a valid Map ID, which will prevent use of Advanced Markers. @ https://maps.googleapis.com/maps/api/js?key=AIzaSyBNfAGRfS1TNlH0EmxNfegqTsiwzYk6reM&v=weekly&callback=initGoogleMaps&libraries=marker:1187
[  303294ms] [ERROR] The map is initialized without a valid Map ID, which will prevent use of Advanced Markers. @ https://maps.googleapis.com/maps/api/js?key=AIzaSyBNfAGRfS1TNlH0EmxNfegqTsiwzYk6reM&v=weekly&callback=initGoogleMaps&libraries=marker:1187
[  303589ms] [ERROR] The map is initialized without a valid Map ID, which will prevent use of Advanced Markers. @ https://maps.googleapis.com/maps/api/js?key=AIzaSyBNfAGRfS1TNlH0EmxNfegqTsiwzYk6reM&v=weekly&callback=initGoogleMaps&libraries=marker:1187
[  304087ms] [ERROR] The map is initialized without a valid Map ID, which will prevent use of Advanced Markers. @ https://maps.googleapis.com/maps/api/js?key=AIzaSyBNfAGRfS1TNlH0EmxNfegqTsiwzYk6reM&v=weekly&callback=initGoogleMaps&libraries=marker:1187
[  304739ms] [ERROR] The map is initialized without a valid Map ID, which will prevent use of Advanced Markers. @ https://maps.googleapis.com/maps/api/js?key=AIzaSyBNfAGRfS1TNlH0EmxNfegqTsiwzYk6reM&v=weekly&callback=initGoogleMaps&libraries=marker:1187
[  305282ms] [ERROR] The map is initialized without a valid Map ID, which will prevent use of Advanced Markers. @ https://maps.googleapis.com/maps/api/js?key=AIzaSyBNfAGRfS1TNlH0EmxNfegqTsiwzYk6reM&v=weekly&callback=initGoogleMaps&libraries=marker:1187
[  306124ms] [ERROR] The map is initialized without a valid Map ID, which will prevent use of Advanced Markers. @ https://maps.googleapis.com/maps/api/js?key=AIzaSyBNfAGRfS1TNlH0EmxNfegqTsiwzYk6reM&v=weekly&callback=initGoogleMaps&libraries=marker:1187
[  306695ms] [ERROR] The map is initialized without a valid Map ID, which will prevent use of Advanced Markers. @ https://maps.googleapis.com/maps/api/js?key=AIzaSyBNfAGRfS1TNlH0EmxNfegqTsiwzYk6reM&v=weekly&callback=initGoogleMaps&libraries=marker:1187
[  307184ms] [ERROR] The map is initialized without a valid Map ID, which will prevent use of Advanced Markers. @ https://maps.googleapis.com/maps/api/js?key=AIzaSyBNfAGRfS1TNlH0EmxNfegqTsiwzYk6reM&v=weekly&callback=initGoogleMaps&libraries=marker:1187
[  307697ms] [ERROR] The map is initialized without a valid Map ID, which will prevent use of Advanced Markers. @ https://maps.googleapis.com/maps/api/js?key=AIzaSyBNfAGRfS1TNlH0EmxNfegqTsiwzYk6reM&v=weekly&callback=initGoogleMaps&libraries=marker:1187
[  308187ms] [ERROR] The map is initialized without a valid Map ID, which will prevent use of Advanced Markers. @ https://maps.googleapis.com/maps/api/js?key=AIzaSyBNfAGRfS1TNlH0EmxNfegqTsiwzYk6reM&v=weekly&callback=initGoogleMaps&libraries=marker:1187
[  308719ms] [ERROR] The map is initialized without a valid Map ID, which will prevent use of Advanced Markers. @ https://maps.googleapis.com/maps/api/js?key=AIzaSyBNfAGRfS1TNlH0EmxNfegqTsiwzYk6reM&v=weekly&callback=initGoogleMaps&libraries=marker:1187
[  309581ms] [ERROR] The map is initialized without a valid Map ID, which will prevent use of Advanced Markers. @ https://maps.googleapis.com/maps/api/js?key=AIzaSyBNfAGRfS1TNlH0EmxNfegqTsiwzYk6reM&v=weekly&callback=initGoogleMaps&libraries=marker:1187
[  310191ms] [ERROR] The map is initialized without a valid Map ID, which will prevent use of Advanced Markers. @ https://maps.googleapis.com/maps/api/js?key=AIzaSyBNfAGRfS1TNlH0EmxNfegqTsiwzYk6reM&v=weekly&callback=initGoogleMaps&libraries=marker:1187
[  310578ms] [ERROR] The map is initialized without a valid Map ID, which will prevent use of Advanced Markers. @ https://maps.googleapis.com/maps/api/js?key=AIzaSyBNfAGRfS1TNlH0EmxNfegqTsiwzYk6reM&v=weekly&callback=initGoogleMaps&libraries=marker:1187
[  311187ms] [ERROR] The map is initialized without a valid Map ID, which will prevent use of Advanced Markers. @ https://maps.googleapis.com/maps/api/js?key=AIzaSyBNfAGRfS1TNlH0EmxNfegqTsiwzYk6reM&v=weekly&callback=initGoogleMaps&libraries=marker:1187
[  311696ms] [ERROR] The map is initialized without a valid Map ID, which will prevent use of Advanced Markers. @ https://maps.googleapis.com/maps/api/js?key=AIzaSyBNfAGRfS1TNlH0EmxNfegqTsiwzYk6reM&v=weekly&callback=initGoogleMaps&libraries=marker:1187
[  312201ms] [ERROR] The map is initialized without a valid Map ID, which will prevent use of Advanced Markers. @ https://maps.googleapis.com/maps/api/js?key=AIzaSyBNfAGRfS1TNlH0EmxNfegqTsiwzYk6reM&v=weekly&callback=initGoogleMaps&libraries=marker:1187
[  312368ms] [ERROR] The map is initialized without a valid Map ID, which will prevent use of Advanced Markers. @ https://maps.googleapis.com/maps/api/js?key=AIzaSyBNfAGRfS1TNlH0EmxNfegqTsiwzYk6reM&v=weekly&callback=initGoogleMaps&libraries=marker:1187
[  313191ms] [ERROR] The map is initialized without a valid Map ID, which will prevent use of Advanced Markers. @ https://maps.googleapis.com/maps/api/js?key=AIzaSyBNfAGRfS1TNlH0EmxNfegqTsiwzYk6reM&v=weekly&callback=initGoogleMaps&libraries=marker:1187
[  313681ms] [ERROR] The map is initialized without a valid Map ID, which will prevent use of Advanced Markers. @ https://maps.googleapis.com/maps/api/js?key=AIzaSyBNfAGRfS1TNlH0EmxNfegqTsiwzYk6reM&v=weekly&callback=initGoogleMaps&libraries=marker:1187
[  314106ms] [ERROR] The map is initialized without a valid Map ID, which will prevent use of Advanced Markers. @ https://maps.googleapis.com/maps/api/js?key=AIzaSyBNfAGRfS1TNlH0EmxNfegqTsiwzYk6reM&v=weekly&callback=initGoogleMaps&libraries=marker:1187
[  314501ms] [ERROR] The map is initialized without a valid Map ID, which will prevent use of Advanced Markers. @ https://maps.googleapis.com/maps/api/js?key=AIzaSyBNfAGRfS1TNlH0EmxNfegqTsiwzYk6reM&v=weekly&callback=initGoogleMaps&libraries=marker:1187
[  314970ms] [ERROR] The map is initialized without a valid Map ID, which will prevent use of Advanced Markers. @ https://maps.googleapis.com/maps/api/js?key=AIzaSyBNfAGRfS1TNlH0EmxNfegqTsiwzYk6reM&v=weekly&callback=initGoogleMaps&libraries=marker:1187
[  315502ms] [ERROR] The map is initialized without a valid Map ID, which will prevent use of Advanced Markers. @ https://maps.googleapis.com/maps/api/js?key=AIzaSyBNfAGRfS1TNlH0EmxNfegqTsiwzYk6reM&v=weekly&callback=initGoogleMaps&libraries=marker:1187
[  316377ms] [ERROR] The map is initialized without a valid Map ID, which will prevent use of Advanced Markers. @ https://maps.googleapis.com/maps/api/js?key=AIzaSyBNfAGRfS1TNlH0EmxNfegqTsiwzYk6reM&v=weekly&callback=initGoogleMaps&libraries=marker:1187
[  316674ms] [ERROR] The map is initialized without a valid Map ID, which will prevent use of Advanced Markers. @ https://maps.googleapis.com/maps/api/js?key=AIzaSyBNfAGRfS1TNlH0EmxNfegqTsiwzYk6reM&v=weekly&callback=initGoogleMaps&libraries=marker:1187
[  316972ms] [ERROR] The map is initialized without a valid Map ID, which will prevent use of Advanced Markers. @ https://maps.googleapis.com/maps/api/js?key=AIzaSyBNfAGRfS1TNlH0EmxNfegqTsiwzYk6reM&v=weekly&callback=initGoogleMaps&libraries=marker:1187
[  317486ms] [ERROR] The map is initialized without a valid Map ID, which will prevent use of Advanced Markers. @ https://maps.googleapis.com/maps/api/js?key=AIzaSyBNfAGRfS1TNlH0EmxNfegqTsiwzYk6reM&v=weekly&callback=initGoogleMaps&libraries=marker:1187
[  317881ms] [ERROR] The map is initialized without a valid Map ID, which will prevent use of Advanced Markers. @ https://maps.googleapis.com/maps/api/js?key=AIzaSyBNfAGRfS1TNlH0EmxNfegqTsiwzYk6reM&v=weekly&callback=initGoogleMaps&libraries=marker:1187
[  318176ms] [ERROR] The map is initialized without a valid Map ID, which will prevent use of Advanced Markers. @ https://maps.googleapis.com/maps/api/js?key=AIzaSyBNfAGRfS1TNlH0EmxNfegqTsiwzYk6reM&v=weekly&callback=initGoogleMaps&libraries=marker:1187
[  318702ms] [ERROR] The map is initialized without a valid Map ID, which will prevent use of Advanced Markers. @ https://maps.googleapis.com/maps/api/js?key=AIzaSyBNfAGRfS1TNlH0EmxNfegqTsiwzYk6reM&v=weekly&callback=initGoogleMaps&libraries=marker:1187
[  319169ms] [ERROR] The map is initialized without a valid Map ID, which will prevent use of Advanced Markers. @ https://maps.googleapis.com/maps/api/js?key=AIzaSyBNfAGRfS1TNlH0EmxNfegqTsiwzYk6reM&v=weekly&callback=initGoogleMaps&libraries=marker:1187
[  320285ms] [ERROR] The map is initialized without a valid Map ID, which will prevent use of Advanced Markers. @ https://maps.googleapis.com/maps/api/js?key=AIzaSyBNfAGRfS1TNlH0EmxNfegqTsiwzYk6reM&v=weekly&callback=initGoogleMaps&libraries=marker:1187
[  320613ms] [ERROR] The map is initialized without a valid Map ID, which will prevent use of Advanced Markers. @ https://maps.googleapis.com/maps/api/js?key=AIzaSyBNfAGRfS1TNlH0EmxNfegqTsiwzYk6reM&v=weekly&callback=initGoogleMaps&libraries=marker:1187
[  320928ms] [ERROR] The map is initialized without a valid Map ID, which will prevent use of Advanced Markers. @ https://maps.googleapis.com/maps/api/js?key=AIzaSyBNfAGRfS1TNlH0EmxNfegqTsiwzYk6reM&v=weekly&callback=initGoogleMaps&libraries=marker:1187
[  321019ms] [ERROR] The map is initialized without a valid Map ID, which will prevent use of Advanced Markers. @ https://maps.googleapis.com/maps/api/js?key=AIzaSyBNfAGRfS1TNlH0EmxNfegqTsiwzYk6reM&v=weekly&callback=initGoogleMaps&libraries=marker:1187
[  321576ms] [ERROR] The map is initialized without a valid Map ID, which will prevent use of Advanced Markers. @ https://maps.googleapis.com/maps/api/js?key=AIzaSyBNfAGRfS1TNlH0EmxNfegqTsiwzYk6reM&v=weekly&callback=initGoogleMaps&libraries=marker:1187
[  322110ms] [ERROR] The map is initialized without a valid Map ID, which will prevent use of Advanced Markers. @ https://maps.googleapis.com/maps/api/js?key=AIzaSyBNfAGRfS1TNlH0EmxNfegqTsiwzYk6reM&v=weekly&callback=initGoogleMaps&libraries=marker:1187
[  322619ms] [ERROR] The map is initialized without a valid Map ID, which will prevent use of Advanced Markers. @ https://maps.googleapis.com/maps/api/js?key=AIzaSyBNfAGRfS1TNlH0EmxNfegqTsiwzYk6reM&v=weekly&callback=initGoogleMaps&libraries=marker:1187
[  323279ms] [ERROR] The map is initialized without a valid Map ID, which will prevent use of Advanced Markers. @ https://maps.googleapis.com/maps/api/js?key=AIzaSyBNfAGRfS1TNlH0EmxNfegqTsiwzYk6reM&v=weekly&callback=initGoogleMaps&libraries=marker:1187
[  323778ms] [ERROR] The map is initialized without a valid Map ID, which will prevent use of Advanced Markers. @ https://maps.googleapis.com/maps/api/js?key=AIzaSyBNfAGRfS1TNlH0EmxNfegqTsiwzYk6reM&v=weekly&callback=initGoogleMaps&libraries=marker:1187
[  324114ms] [ERROR] The map is initialized without a valid Map ID, which will prevent use of Advanced Markers. @ https://maps.googleapis.com/maps/api/js?key=AIzaSyBNfAGRfS1TNlH0EmxNfegqTsiwzYk6reM&v=weekly&callback=initGoogleMaps&libraries=marker:1187
[  324306ms] [ERROR] The map is initialized without a valid Map ID, which will prevent use of Advanced Markers. @ https://maps.googleapis.com/maps/api/js?key=AIzaSyBNfAGRfS1TNlH0EmxNfegqTsiwzYk6reM&v=weekly&callback=initGoogleMaps&libraries=marker:1187
[  325092ms] [ERROR] The map is initialized without a valid Map ID, which will prevent use of Advanced Markers. @ https://maps.googleapis.com/maps/api/js?key=AIzaSyBNfAGRfS1TNlH0EmxNfegqTsiwzYk6reM&v=weekly&callback=initGoogleMaps&libraries=marker:1187
[  325381ms] [ERROR] The map is initialized without a valid Map ID, which will prevent use of Advanced Markers. @ https://maps.googleapis.com/maps/api/js?key=AIzaSyBNfAGRfS1TNlH0EmxNfegqTsiwzYk6reM&v=weekly&callback=initGoogleMaps&libraries=marker:1187
[  325710ms] [ERROR] The map is initialized without a valid Map ID, which will prevent use of Advanced Markers. @ https://maps.googleapis.com/maps/api/js?key=AIzaSyBNfAGRfS1TNlH0EmxNfegqTsiwzYk6reM&v=weekly&callback=initGoogleMaps&libraries=marker:1187
[  326009ms] [ERROR] The map is initialized without a valid Map ID, which will prevent use of Advanced Markers. @ https://maps.googleapis.com/maps/api/js?key=AIzaSyBNfAGRfS1TNlH0EmxNfegqTsiwzYk6reM&v=weekly&callback=initGoogleMaps&libraries=marker:1187
[  326471ms] [ERROR] The map is initialized without a valid Map ID, which will prevent use of Advanced Markers. @ https://maps.googleapis.com/maps/api/js?key=AIzaSyBNfAGRfS1TNlH0EmxNfegqTsiwzYk6reM&v=weekly&callback=initGoogleMaps&libraries=marker:1187
[  326791ms] [ERROR] The map is initialized without a valid Map ID, which will prevent use of Advanced Markers. @ https://maps.googleapis.com/maps/api/js?key=AIzaSyBNfAGRfS1TNlH0EmxNfegqTsiwzYk6reM&v=weekly&callback=initGoogleMaps&libraries=marker:1187
[  327277ms] [ERROR] The map is initialized without a valid Map ID, which will prevent use of Advanced Markers. @ https://maps.googleapis.com/maps/api/js?key=AIzaSyBNfAGRfS1TNlH0EmxNfegqTsiwzYk6reM&v=weekly&callback=initGoogleMaps&libraries=marker:1187
[  327673ms] [ERROR] The map is initialized without a valid Map ID, which will prevent use of Advanced Markers. @ https://maps.googleapis.com/maps/api/js?key=AIzaSyBNfAGRfS1TNlH0EmxNfegqTsiwzYk6reM&v=weekly&callback=initGoogleMaps&libraries=marker:1187
[  328270ms] [ERROR] The map is initialized without a valid Map ID, which will prevent use of Advanced Markers. @ https://maps.googleapis.com/maps/api/js?key=AIzaSyBNfAGRfS1TNlH0EmxNfegqTsiwzYk6reM&v=weekly&callback=initGoogleMaps&libraries=marker:1187
[  328511ms] [ERROR] The map is initialized without a valid Map ID, which will prevent use of Advanced Markers. @ https://maps.googleapis.com/maps/api/js?key=AIzaSyBNfAGRfS1TNlH0EmxNfegqTsiwzYk6reM&v=weekly&callback=initGoogleMaps&libraries=marker:1187
[  329374ms] [ERROR] The map is initialized without a valid Map ID, which will prevent use of Advanced Markers. @ https://maps.googleapis.com/maps/api/js?key=AIzaSyBNfAGRfS1TNlH0EmxNfegqTsiwzYk6reM&v=weekly&callback=initGoogleMaps&libraries=marker:1187
[  329695ms] [ERROR] The map is initialized without a valid Map ID, which will prevent use of Advanced Markers. @ https://maps.googleapis.com/maps/api/js?key=AIzaSyBNfAGRfS1TNlH0EmxNfegqTsiwzYk6reM&v=weekly&callback=initGoogleMaps&libraries=marker:1187
[  329975ms] [ERROR] The map is initialized without a valid Map ID, which will prevent use of Advanced Markers. @ https://maps.googleapis.com/maps/api/js?key=AIzaSyBNfAGRfS1TNlH0EmxNfegqTsiwzYk6reM&v=weekly&callback=initGoogleMaps&libraries=marker:1187
[  330669ms] [ERROR] The map is initialized without a valid Map ID, which will prevent use of Advanced Markers. @ https://maps.googleapis.com/maps/api/js?key=AIzaSyBNfAGRfS1TNlH0EmxNfegqTsiwzYk6reM&v=weekly&callback=initGoogleMaps&libraries=marker:1187
[  331103ms] [ERROR] The map is initialized without a valid Map ID, which will prevent use of Advanced Markers. @ https://maps.googleapis.com/maps/api/js?key=AIzaSyBNfAGRfS1TNlH0EmxNfegqTsiwzYk6reM&v=weekly&callback=initGoogleMaps&libraries=marker:1187
[  331605ms] [ERROR] The map is initialized without a valid Map ID, which will prevent use of Advanced Markers. @ https://maps.googleapis.com/maps/api/js?key=AIzaSyBNfAGRfS1TNlH0EmxNfegqTsiwzYk6reM&v=weekly&callback=initGoogleMaps&libraries=marker:1187
[  331910ms] [ERROR] The map is initialized without a valid Map ID, which will prevent use of Advanced Markers. @ https://maps.googleapis.com/maps/api/js?key=AIzaSyBNfAGRfS1TNlH0EmxNfegqTsiwzYk6reM&v=weekly&callback=initGoogleMaps&libraries=marker:1187
[  332766ms] [ERROR] The map is initialized without a valid Map ID, which will prevent use of Advanced Markers. @ https://maps.googleapis.com/maps/api/js?key=AIzaSyBNfAGRfS1TNlH0EmxNfegqTsiwzYk6reM&v=weekly&callback=initGoogleMaps&libraries=marker:1187
[  333423ms] [ERROR] The map is initialized without a valid Map ID, which will prevent use of Advanced Markers. @ https://maps.googleapis.com/maps/api/js?key=AIzaSyBNfAGRfS1TNlH0EmxNfegqTsiwzYk6reM&v=weekly&callback=initGoogleMaps&libraries=marker:1187
[  333778ms] [ERROR] The map is initialized without a valid Map ID, which will prevent use of Advanced Markers. @ https://maps.googleapis.com/maps/api/js?key=AIzaSyBNfAGRfS1TNlH0EmxNfegqTsiwzYk6reM&v=weekly&callback=initGoogleMaps&libraries=marker:1187
[  333996ms] [ERROR] The map is initialized without a valid Map ID, which will prevent use of Advanced Markers. @ https://maps.googleapis.com/maps/api/js?key=AIzaSyBNfAGRfS1TNlH0EmxNfegqTsiwzYk6reM&v=weekly&callback=initGoogleMaps&libraries=marker:1187
[  334312ms] [ERROR] The map is initialized without a valid Map ID, which will prevent use of Advanced Markers. @ https://maps.googleapis.com/maps/api/js?key=AIzaSyBNfAGRfS1TNlH0EmxNfegqTsiwzYk6reM&v=weekly&callback=initGoogleMaps&libraries=marker:1187
[  334702ms] [ERROR] The map is initialized without a valid Map ID, which will prevent use of Advanced Markers. @ https://maps.googleapis.com/maps/api/js?key=AIzaSyBNfAGRfS1TNlH0EmxNfegqTsiwzYk6reM&v=weekly&callback=initGoogleMaps&libraries=marker:1187
[  335078ms] [ERROR] The map is initialized without a valid Map ID, which will prevent use of Advanced Markers. @ https://maps.googleapis.com/maps/api/js?key=AIzaSyBNfAGRfS1TNlH0EmxNfegqTsiwzYk6reM&v=weekly&callback=initGoogleMaps&libraries=marker:1187
[  335500ms] [ERROR] The map is initialized without a valid Map ID, which will prevent use of Advanced Markers. @ https://maps.googleapis.com/maps/api/js?key=AIzaSyBNfAGRfS1TNlH0EmxNfegqTsiwzYk6reM&v=weekly&callback=initGoogleMaps&libraries=marker:1187
[  335875ms] [ERROR] The map is initialized without a valid Map ID, which will prevent use of Advanced Markers. @ https://maps.googleapis.com/maps/api/js?key=AIzaSyBNfAGRfS1TNlH0EmxNfegqTsiwzYk6reM&v=weekly&callback=initGoogleMaps&libraries=marker:1187
[  336192ms] [ERROR] The map is initialized without a valid Map ID, which will prevent use of Advanced Markers. @ https://maps.googleapis.com/maps/api/js?key=AIzaSyBNfAGRfS1TNlH0EmxNfegqTsiwzYk6reM&v=weekly&callback=initGoogleMaps&libraries=marker:1187
[  336408ms] [ERROR] The map is initialized without a valid Map ID, which will prevent use of Advanced Markers. @ https://maps.googleapis.com/maps/api/js?key=AIzaSyBNfAGRfS1TNlH0EmxNfegqTsiwzYk6reM&v=weekly&callback=initGoogleMaps&libraries=marker:1187
[  336988ms] [ERROR] The map is initialized without a valid Map ID, which will prevent use of Advanced Markers. @ https://maps.googleapis.com/maps/api/js?key=AIzaSyBNfAGRfS1TNlH0EmxNfegqTsiwzYk6reM&v=weekly&callback=initGoogleMaps&libraries=marker:1187
[  337506ms] [ERROR] The map is initialized without a valid Map ID, which will prevent use of Advanced Markers. @ https://maps.googleapis.com/maps/api/js?key=AIzaSyBNfAGRfS1TNlH0EmxNfegqTsiwzYk6reM&v=weekly&callback=initGoogleMaps&libraries=marker:1187
[  338283ms] [ERROR] The map is initialized without a valid Map ID, which will prevent use of Advanced Markers. @ https://maps.googleapis.com/maps/api/js?key=AIzaSyBNfAGRfS1TNlH0EmxNfegqTsiwzYk6reM&v=weekly&callback=initGoogleMaps&libraries=marker:1187
[  338711ms] [ERROR] The map is initialized without a valid Map ID, which will prevent use of Advanced Markers. @ https://maps.googleapis.com/maps/api/js?key=AIzaSyBNfAGRfS1TNlH0EmxNfegqTsiwzYk6reM&v=weekly&callback=initGoogleMaps&libraries=marker:1187
[  338993ms] [ERROR] The map is initialized without a valid Map ID, which will prevent use of Advanced Markers. @ https://maps.googleapis.com/maps/api/js?key=AIzaSyBNfAGRfS1TNlH0EmxNfegqTsiwzYk6reM&v=weekly&callback=initGoogleMaps&libraries=marker:1187
[  339501ms] [ERROR] The map is initialized without a valid Map ID, which will prevent use of Advanced Markers. @ https://maps.googleapis.com/maps/api/js?key=AIzaSyBNfAGRfS1TNlH0EmxNfegqTsiwzYk6reM&v=weekly&callback=initGoogleMaps&libraries=marker:1187
[  340202ms] [ERROR] The map is initialized without a valid Map ID, which will prevent use of Advanced Markers. @ https://maps.googleapis.com/maps/api/js?key=AIzaSyBNfAGRfS1TNlH0EmxNfegqTsiwzYk6reM&v=weekly&callback=initGoogleMaps&libraries=marker:1187
[  340792ms] [ERROR] The map is initialized without a valid Map ID, which will prevent use of Advanced Markers. @ https://maps.googleapis.com/maps/api/js?key=AIzaSyBNfAGRfS1TNlH0EmxNfegqTsiwzYk6reM&v=weekly&callback=initGoogleMaps&libraries=marker:1187
[  341389ms] [ERROR] The map is initialized without a valid Map ID, which will prevent use of Advanced Markers. @ https://maps.googleapis.com/maps/api/js?key=AIzaSyBNfAGRfS1TNlH0EmxNfegqTsiwzYk6reM&v=weekly&callback=initGoogleMaps&libraries=marker:1187
[  341706ms] [ERROR] The map is initialized without a valid Map ID, which will prevent use of Advanced Markers. @ https://maps.googleapis.com/maps/api/js?key=AIzaSyBNfAGRfS1TNlH0EmxNfegqTsiwzYk6reM&v=weekly&callback=initGoogleMaps&libraries=marker:1187
[  342096ms] [ERROR] The map is initialized without a valid Map ID, which will prevent use of Advanced Markers. @ https://maps.googleapis.com/maps/api/js?key=AIzaSyBNfAGRfS1TNlH0EmxNfegqTsiwzYk6reM&v=weekly&callback=initGoogleMaps&libraries=marker:1187
[  342480ms] [ERROR] The map is initialized without a valid Map ID, which will prevent use of Advanced Markers. @ https://maps.googleapis.com/maps/api/js?key=AIzaSyBNfAGRfS1TNlH0EmxNfegqTsiwzYk6reM&v=weekly&callback=initGoogleMaps&libraries=marker:1187
[  342898ms] [ERROR] The map is initialized without a valid Map ID, which will prevent use of Advanced Markers. @ https://maps.googleapis.com/maps/api/js?key=AIzaSyBNfAGRfS1TNlH0EmxNfegqTsiwzYk6reM&v=weekly&callback=initGoogleMaps&libraries=marker:1187
[  343489ms] [ERROR] The map is initialized without a valid Map ID, which will prevent use of Advanced Markers. @ https://maps.googleapis.com/maps/api/js?key=AIzaSyBNfAGRfS1TNlH0EmxNfegqTsiwzYk6reM&v=weekly&callback=initGoogleMaps&libraries=marker:1187
[  344119ms] [ERROR] The map is initialized without a valid Map ID, which will prevent use of Advanced Markers. @ https://maps.googleapis.com/maps/api/js?key=AIzaSyBNfAGRfS1TNlH0EmxNfegqTsiwzYk6reM&v=weekly&callback=initGoogleMaps&libraries=marker:1187
[  344296ms] [ERROR] The map is initialized without a valid Map ID, which will prevent use of Advanced Markers. @ https://maps.googleapis.com/maps/api/js?key=AIzaSyBNfAGRfS1TNlH0EmxNfegqTsiwzYk6reM&v=weekly&callback=initGoogleMaps&libraries=marker:1187
[  344893ms] [ERROR] The map is initialized without a valid Map ID, which will prevent use of Advanced Markers. @ https://maps.googleapis.com/maps/api/js?key=AIzaSyBNfAGRfS1TNlH0EmxNfegqTsiwzYk6reM&v=weekly&callback=initGoogleMaps&libraries=marker:1187
[  345802ms] [ERROR] The map is initialized without a valid Map ID, which will prevent use of Advanced Markers. @ https://maps.googleapis.com/maps/api/js?key=AIzaSyBNfAGRfS1TNlH0EmxNfegqTsiwzYk6reM&v=weekly&callback=initGoogleMaps&libraries=marker:1187
[  346385ms] [ERROR] The map is initialized without a valid Map ID, which will prevent use of Advanced Markers. @ https://maps.googleapis.com/maps/api/js?key=AIzaSyBNfAGRfS1TNlH0EmxNfegqTsiwzYk6reM&v=weekly&callback=initGoogleMaps&libraries=marker:1187
[  347286ms] [ERROR] The map is initialized without a valid Map ID, which will prevent use of Advanced Markers. @ https://maps.googleapis.com/maps/api/js?key=AIzaSyBNfAGRfS1TNlH0EmxNfegqTsiwzYk6reM&v=weekly&callback=initGoogleMaps&libraries=marker:1187
[  347821ms] [ERROR] The map is initialized without a valid Map ID, which will prevent use of Advanced Markers. @ https://maps.googleapis.com/maps/api/js?key=AIzaSyBNfAGRfS1TNlH0EmxNfegqTsiwzYk6reM&v=weekly&callback=initGoogleMaps&libraries=marker:1187
[  348175ms] [ERROR] The map is initialized without a valid Map ID, which will prevent use of Advanced Markers. @ https://maps.googleapis.com/maps/api/js?key=AIzaSyBNfAGRfS1TNlH0EmxNfegqTsiwzYk6reM&v=weekly&callback=initGoogleMaps&libraries=marker:1187
[  348971ms] [ERROR] The map is initialized without a valid Map ID, which will prevent use of Advanced Markers. @ https://maps.googleapis.com/maps/api/js?key=AIzaSyBNfAGRfS1TNlH0EmxNfegqTsiwzYk6reM&v=weekly&callback=initGoogleMaps&libraries=marker:1187
[  349372ms] [ERROR] The map is initialized without a valid Map ID, which will prevent use of Advanced Markers. @ https://maps.googleapis.com/maps/api/js?key=AIzaSyBNfAGRfS1TNlH0EmxNfegqTsiwzYk6reM&v=weekly&callback=initGoogleMaps&libraries=marker:1187
[  349795ms] [ERROR] The map is initialized without a valid Map ID, which will prevent use of Advanced Markers. @ https://maps.googleapis.com/maps/api/js?key=AIzaSyBNfAGRfS1TNlH0EmxNfegqTsiwzYk6reM&v=weekly&callback=initGoogleMaps&libraries=marker:1187
[  350274ms] [ERROR] The map is initialized without a valid Map ID, which will prevent use of Advanced Markers. @ https://maps.googleapis.com/maps/api/js?key=AIzaSyBNfAGRfS1TNlH0EmxNfegqTsiwzYk6reM&v=weekly&callback=initGoogleMaps&libraries=marker:1187
[  350524ms] [ERROR] The map is initialized without a valid Map ID, which will prevent use of Advanced Markers. @ https://maps.googleapis.com/maps/api/js?key=AIzaSyBNfAGRfS1TNlH0EmxNfegqTsiwzYk6reM&v=weekly&callback=initGoogleMaps&libraries=marker:1187
[  351487ms] [ERROR] The map is initialized without a valid Map ID, which will prevent use of Advanced Markers. @ https://maps.googleapis.com/maps/api/js?key=AIzaSyBNfAGRfS1TNlH0EmxNfegqTsiwzYk6reM&v=weekly&callback=initGoogleMaps&libraries=marker:1187
[  351994ms] [ERROR] The map is initialized without a valid Map ID, which will prevent use of Advanced Markers. @ https://maps.googleapis.com/maps/api/js?key=AIzaSyBNfAGRfS1TNlH0EmxNfegqTsiwzYk6reM&v=weekly&callback=initGoogleMaps&libraries=marker:1187
[  352408ms] [ERROR] The map is initialized without a valid Map ID, which will prevent use of Advanced Markers. @ https://maps.googleapis.com/maps/api/js?key=AIzaSyBNfAGRfS1TNlH0EmxNfegqTsiwzYk6reM&v=weekly&callback=initGoogleMaps&libraries=marker:1187
[  352794ms] [ERROR] The map is initialized without a valid Map ID, which will prevent use of Advanced Markers. @ https://maps.googleapis.com/maps/api/js?key=AIzaSyBNfAGRfS1TNlH0EmxNfegqTsiwzYk6reM&v=weekly&callback=initGoogleMaps&libraries=marker:1187
[  352990ms] [ERROR] The map is initialized without a valid Map ID, which will prevent use of Advanced Markers. @ https://maps.googleapis.com/maps/api/js?key=AIzaSyBNfAGRfS1TNlH0EmxNfegqTsiwzYk6reM&v=weekly&callback=initGoogleMaps&libraries=marker:1187
[  353706ms] [ERROR] The map is initialized without a valid Map ID, which will prevent use of Advanced Markers. @ https://maps.googleapis.com/maps/api/js?key=AIzaSyBNfAGRfS1TNlH0EmxNfegqTsiwzYk6reM&v=weekly&callback=initGoogleMaps&libraries=marker:1187
[  354342ms] [ERROR] The map is initialized without a valid Map ID, which will prevent use of Advanced Markers. @ https://maps.googleapis.com/maps/api/js?key=AIzaSyBNfAGRfS1TNlH0EmxNfegqTsiwzYk6reM&v=weekly&callback=initGoogleMaps&libraries=marker:1187
[  354673ms] [ERROR] The map is initialized without a valid Map ID, which will prevent use of Advanced Markers. @ https://maps.googleapis.com/maps/api/js?key=AIzaSyBNfAGRfS1TNlH0EmxNfegqTsiwzYk6reM&v=weekly&callback=initGoogleMaps&libraries=marker:1187
[  355487ms] [ERROR] The map is initialized without a valid Map ID, which will prevent use of Advanced Markers. @ https://maps.googleapis.com/maps/api/js?key=AIzaSyBNfAGRfS1TNlH0EmxNfegqTsiwzYk6reM&v=weekly&callback=initGoogleMaps&libraries=marker:1187
[  355895ms] [ERROR] The map is initialized without a valid Map ID, which will prevent use of Advanced Markers. @ https://maps.googleapis.com/maps/api/js?key=AIzaSyBNfAGRfS1TNlH0EmxNfegqTsiwzYk6reM&v=weekly&callback=initGoogleMaps&libraries=marker:1187
[  356388ms] [ERROR] The map is initialized without a valid Map ID, which will prevent use of Advanced Markers. @ https://maps.googleapis.com/maps/api/js?key=AIzaSyBNfAGRfS1TNlH0EmxNfegqTsiwzYk6reM&v=weekly&callback=initGoogleMaps&libraries=marker:1187
[  357528ms] [ERROR] The map is initialized without a valid Map ID, which will prevent use of Advanced Markers. @ https://maps.googleapis.com/maps/api/js?key=AIzaSyBNfAGRfS1TNlH0EmxNfegqTsiwzYk6reM&v=weekly&callback=initGoogleMaps&libraries=marker:1187
[  357903ms] [ERROR] The map is initialized without a valid Map ID, which will prevent use of Advanced Markers. @ https://maps.googleapis.com/maps/api/js?key=AIzaSyBNfAGRfS1TNlH0EmxNfegqTsiwzYk6reM&v=weekly&callback=initGoogleMaps&libraries=marker:1187
[  358426ms] [ERROR] The map is initialized without a valid Map ID, which will prevent use of Advanced Markers. @ https://maps.googleapis.com/maps/api/js?key=AIzaSyBNfAGRfS1TNlH0EmxNfegqTsiwzYk6reM&v=weekly&callback=initGoogleMaps&libraries=marker:1187
[  358817ms] [ERROR] The map is initialized without a valid Map ID, which will prevent use of Advanced Markers. @ https://maps.googleapis.com/maps/api/js?key=AIzaSyBNfAGRfS1TNlH0EmxNfegqTsiwzYk6reM&v=weekly&callback=initGoogleMaps&libraries=marker:1187
[  359421ms] [ERROR] The map is initialized without a valid Map ID, which will prevent use of Advanced Markers. @ https://maps.googleapis.com/maps/api/js?key=AIzaSyBNfAGRfS1TNlH0EmxNfegqTsiwzYk6reM&v=weekly&callback=initGoogleMaps&libraries=marker:1187
[  360002ms] [ERROR] The map is initialized without a valid Map ID, which will prevent use of Advanced Markers. @ https://maps.googleapis.com/maps/api/js?key=AIzaSyBNfAGRfS1TNlH0EmxNfegqTsiwzYk6reM&v=weekly&callback=initGoogleMaps&libraries=marker:1187
[  360476ms] [ERROR] The map is initialized without a valid Map ID, which will prevent use of Advanced Markers. @ https://maps.googleapis.com/maps/api/js?key=AIzaSyBNfAGRfS1TNlH0EmxNfegqTsiwzYk6reM&v=weekly&callback=initGoogleMaps&libraries=marker:1187
[  361184ms] [ERROR] The map is initialized without a valid Map ID, which will prevent use of Advanced Markers. @ https://maps.googleapis.com/maps/api/js?key=AIzaSyBNfAGRfS1TNlH0EmxNfegqTsiwzYk6reM&v=weekly&callback=initGoogleMaps&libraries=marker:1187
[  361611ms] [ERROR] The map is initialized without a valid Map ID, which will prevent use of Advanced Markers. @ https://maps.googleapis.com/maps/api/js?key=AIzaSyBNfAGRfS1TNlH0EmxNfegqTsiwzYk6reM&v=weekly&callback=initGoogleMaps&libraries=marker:1187
[  361801ms] [ERROR] The map is initialized without a valid Map ID, which will prevent use of Advanced Markers. @ https://maps.googleapis.com/maps/api/js?key=AIzaSyBNfAGRfS1TNlH0EmxNfegqTsiwzYk6reM&v=weekly&callback=initGoogleMaps&libraries=marker:1187
[  361975ms] [ERROR] The map is initialized without a valid Map ID, which will prevent use of Advanced Markers. @ https://maps.googleapis.com/maps/api/js?key=AIzaSyBNfAGRfS1TNlH0EmxNfegqTsiwzYk6reM&v=weekly&callback=initGoogleMaps&libraries=marker:1187
[  362402ms] [ERROR] The map is initialized without a valid Map ID, which will prevent use of Advanced Markers. @ https://maps.googleapis.com/maps/api/js?key=AIzaSyBNfAGRfS1TNlH0EmxNfegqTsiwzYk6reM&v=weekly&callback=initGoogleMaps&libraries=marker:1187
[  362880ms] [ERROR] The map is initialized without a valid Map ID, which will prevent use of Advanced Markers. @ https://maps.googleapis.com/maps/api/js?key=AIzaSyBNfAGRfS1TNlH0EmxNfegqTsiwzYk6reM&v=weekly&callback=initGoogleMaps&libraries=marker:1187
[  363287ms] [ERROR] The map is initialized without a valid Map ID, which will prevent use of Advanced Markers. @ https://maps.googleapis.com/maps/api/js?key=AIzaSyBNfAGRfS1TNlH0EmxNfegqTsiwzYk6reM&v=weekly&callback=initGoogleMaps&libraries=marker:1187
[  363594ms] [ERROR] The map is initialized without a valid Map ID, which will prevent use of Advanced Markers. @ https://maps.googleapis.com/maps/api/js?key=AIzaSyBNfAGRfS1TNlH0EmxNfegqTsiwzYk6reM&v=weekly&callback=initGoogleMaps&libraries=marker:1187
[  363965ms] [ERROR] The map is initialized without a valid Map ID, which will prevent use of Advanced Markers. @ https://maps.googleapis.com/maps/api/js?key=AIzaSyBNfAGRfS1TNlH0EmxNfegqTsiwzYk6reM&v=weekly&callback=initGoogleMaps&libraries=marker:1187
[  364278ms] [ERROR] The map is initialized without a valid Map ID, which will prevent use of Advanced Markers. @ https://maps.googleapis.com/maps/api/js?key=AIzaSyBNfAGRfS1TNlH0EmxNfegqTsiwzYk6reM&v=weekly&callback=initGoogleMaps&libraries=marker:1187
[  364792ms] [ERROR] The map is initialized without a valid Map ID, which will prevent use of Advanced Markers. @ https://maps.googleapis.com/maps/api/js?key=AIzaSyBNfAGRfS1TNlH0EmxNfegqTsiwzYk6reM&v=weekly&callback=initGoogleMaps&libraries=marker:1187
[  365392ms] [ERROR] The map is initialized without a valid Map ID, which will prevent use of Advanced Markers. @ https://maps.googleapis.com/maps/api/js?key=AIzaSyBNfAGRfS1TNlH0EmxNfegqTsiwzYk6reM&v=weekly&callback=initGoogleMaps&libraries=marker:1187
[  365791ms] [ERROR] The map is initialized without a valid Map ID, which will prevent use of Advanced Markers. @ https://maps.googleapis.com/maps/api/js?key=AIzaSyBNfAGRfS1TNlH0EmxNfegqTsiwzYk6reM&v=weekly&callback=initGoogleMaps&libraries=marker:1187
[  366133ms] [ERROR] The map is initialized without a valid Map ID, which will prevent use of Advanced Markers. @ https://maps.googleapis.com/maps/api/js?key=AIzaSyBNfAGRfS1TNlH0EmxNfegqTsiwzYk6reM&v=weekly&callback=initGoogleMaps&libraries=marker:1187
[  366603ms] [ERROR] The map is initialized without a valid Map ID, which will prevent use of Advanced Markers. @ https://maps.googleapis.com/maps/api/js?key=AIzaSyBNfAGRfS1TNlH0EmxNfegqTsiwzYk6reM&v=weekly&callback=initGoogleMaps&libraries=marker:1187
[  367476ms] [ERROR] The map is initialized without a valid Map ID, which will prevent use of Advanced Markers. @ https://maps.googleapis.com/maps/api/js?key=AIzaSyBNfAGRfS1TNlH0EmxNfegqTsiwzYk6reM&v=weekly&callback=initGoogleMaps&libraries=marker:1187
[  367802ms] [ERROR] The map is initialized without a valid Map ID, which will prevent use of Advanced Markers. @ https://maps.googleapis.com/maps/api/js?key=AIzaSyBNfAGRfS1TNlH0EmxNfegqTsiwzYk6reM&v=weekly&callback=initGoogleMaps&libraries=marker:1187
[  368387ms] [ERROR] The map is initialized without a valid Map ID, which will prevent use of Advanced Markers. @ https://maps.googleapis.com/maps/api/js?key=AIzaSyBNfAGRfS1TNlH0EmxNfegqTsiwzYk6reM&v=weekly&callback=initGoogleMaps&libraries=marker:1187
[  369027ms] [ERROR] The map is initialized without a valid Map ID, which will prevent use of Advanced Markers. @ https://maps.googleapis.com/maps/api/js?key=AIzaSyBNfAGRfS1TNlH0EmxNfegqTsiwzYk6reM&v=weekly&callback=initGoogleMaps&libraries=marker:1187
[  369179ms] [ERROR] The map is initialized without a valid Map ID, which will prevent use of Advanced Markers. @ https://maps.googleapis.com/maps/api/js?key=AIzaSyBNfAGRfS1TNlH0EmxNfegqTsiwzYk6reM&v=weekly&callback=initGoogleMaps&libraries=marker:1187
[  369479ms] [ERROR] The map is initialized without a valid Map ID, which will prevent use of Advanced Markers. @ https://maps.googleapis.com/maps/api/js?key=AIzaSyBNfAGRfS1TNlH0EmxNfegqTsiwzYk6reM&v=weekly&callback=initGoogleMaps&libraries=marker:1187
[  369682ms] [ERROR] The map is initialized without a valid Map ID, which will prevent use of Advanced Markers. @ https://maps.googleapis.com/maps/api/js?key=AIzaSyBNfAGRfS1TNlH0EmxNfegqTsiwzYk6reM&v=weekly&callback=initGoogleMaps&libraries=marker:1187
[  370380ms] [ERROR] The map is initialized without a valid Map ID, which will prevent use of Advanced Markers. @ https://maps.googleapis.com/maps/api/js?key=AIzaSyBNfAGRfS1TNlH0EmxNfegqTsiwzYk6reM&v=weekly&callback=initGoogleMaps&libraries=marker:1187
[  370807ms] [ERROR] The map is initialized without a valid Map ID, which will prevent use of Advanced Markers. @ https://maps.googleapis.com/maps/api/js?key=AIzaSyBNfAGRfS1TNlH0EmxNfegqTsiwzYk6reM&v=weekly&callback=initGoogleMaps&libraries=marker:1187
[  371384ms] [ERROR] The map is initialized without a valid Map ID, which will prevent use of Advanced Markers. @ https://maps.googleapis.com/maps/api/js?key=AIzaSyBNfAGRfS1TNlH0EmxNfegqTsiwzYk6reM&v=weekly&callback=initGoogleMaps&libraries=marker:1187
[  371870ms] [ERROR] The map is initialized without a valid Map ID, which will prevent use of Advanced Markers. @ https://maps.googleapis.com/maps/api/js?key=AIzaSyBNfAGRfS1TNlH0EmxNfegqTsiwzYk6reM&v=weekly&callback=initGoogleMaps&libraries=marker:1187
[  372195ms] [ERROR] The map is initialized without a valid Map ID, which will prevent use of Advanced Markers. @ https://maps.googleapis.com/maps/api/js?key=AIzaSyBNfAGRfS1TNlH0EmxNfegqTsiwzYk6reM&v=weekly&callback=initGoogleMaps&libraries=marker:1187
[  372502ms] [ERROR] The map is initialized without a valid Map ID, which will prevent use of Advanced Markers. @ https://maps.googleapis.com/maps/api/js?key=AIzaSyBNfAGRfS1TNlH0EmxNfegqTsiwzYk6reM&v=weekly&callback=initGoogleMaps&libraries=marker:1187
[  372981ms] [ERROR] The map is initialized without a valid Map ID, which will prevent use of Advanced Markers. @ https://maps.googleapis.com/maps/api/js?key=AIzaSyBNfAGRfS1TNlH0EmxNfegqTsiwzYk6reM&v=weekly&callback=initGoogleMaps&libraries=marker:1187
[  373284ms] [ERROR] The map is initialized without a valid Map ID, which will prevent use of Advanced Markers. @ https://maps.googleapis.com/maps/api/js?key=AIzaSyBNfAGRfS1TNlH0EmxNfegqTsiwzYk6reM&v=weekly&callback=initGoogleMaps&libraries=marker:1187
[  373586ms] [ERROR] The map is initialized without a valid Map ID, which will prevent use of Advanced Markers. @ https://maps.googleapis.com/maps/api/js?key=AIzaSyBNfAGRfS1TNlH0EmxNfegqTsiwzYk6reM&v=weekly&callback=initGoogleMaps&libraries=marker:1187
[  374279ms] [ERROR] The map is initialized without a valid Map ID, which will prevent use of Advanced Markers. @ https://maps.googleapis.com/maps/api/js?key=AIzaSyBNfAGRfS1TNlH0EmxNfegqTsiwzYk6reM&v=weekly&callback=initGoogleMaps&libraries=marker:1187
[  374681ms] [ERROR] The map is initialized without a valid Map ID, which will prevent use of Advanced Markers. @ https://maps.googleapis.com/maps/api/js?key=AIzaSyBNfAGRfS1TNlH0EmxNfegqTsiwzYk6reM&v=weekly&callback=initGoogleMaps&libraries=marker:1187
[  374970ms] [ERROR] The map is initialized without a valid Map ID, which will prevent use of Advanced Markers. @ https://maps.googleapis.com/maps/api/js?key=AIzaSyBNfAGRfS1TNlH0EmxNfegqTsiwzYk6reM&v=weekly&callback=initGoogleMaps&libraries=marker:1187
[  375482ms] [ERROR] The map is initialized without a valid Map ID, which will prevent use of Advanced Markers. @ https://maps.googleapis.com/maps/api/js?key=AIzaSyBNfAGRfS1TNlH0EmxNfegqTsiwzYk6reM&v=weekly&callback=initGoogleMaps&libraries=marker:1187
[  375875ms] [ERROR] The map is initialized without a valid Map ID, which will prevent use of Advanced Markers. @ https://maps.googleapis.com/maps/api/js?key=AIzaSyBNfAGRfS1TNlH0EmxNfegqTsiwzYk6reM&v=weekly&callback=initGoogleMaps&libraries=marker:1187
[  376023ms] [ERROR] The map is initialized without a valid Map ID, which will prevent use of Advanced Markers. @ https://maps.googleapis.com/maps/api/js?key=AIzaSyBNfAGRfS1TNlH0EmxNfegqTsiwzYk6reM&v=weekly&callback=initGoogleMaps&libraries=marker:1187
[  376782ms] [ERROR] The map is initialized without a valid Map ID, which will prevent use of Advanced Markers. @ https://maps.googleapis.com/maps/api/js?key=AIzaSyBNfAGRfS1TNlH0EmxNfegqTsiwzYk6reM&v=weekly&callback=initGoogleMaps&libraries=marker:1187
[  377187ms] [ERROR] The map is initialized without a valid Map ID, which will prevent use of Advanced Markers. @ https://maps.googleapis.com/maps/api/js?key=AIzaSyBNfAGRfS1TNlH0EmxNfegqTsiwzYk6reM&v=weekly&callback=initGoogleMaps&libraries=marker:1187
[  377693ms] [ERROR] The map is initialized without a valid Map ID, which will prevent use of Advanced Markers. @ https://maps.googleapis.com/maps/api/js?key=AIzaSyBNfAGRfS1TNlH0EmxNfegqTsiwzYk6reM&v=weekly&callback=initGoogleMaps&libraries=marker:1187
[  378073ms] [ERROR] The map is initialized without a valid Map ID, which will prevent use of Advanced Markers. @ https://maps.googleapis.com/maps/api/js?key=AIzaSyBNfAGRfS1TNlH0EmxNfegqTsiwzYk6reM&v=weekly&callback=initGoogleMaps&libraries=marker:1187
[  378327ms] [ERROR] The map is initialized without a valid Map ID, which will prevent use of Advanced Markers. @ https://maps.googleapis.com/maps/api/js?key=AIzaSyBNfAGRfS1TNlH0EmxNfegqTsiwzYk6reM&v=weekly&callback=initGoogleMaps&libraries=marker:1187
[  378507ms] [ERROR] The map is initialized without a valid Map ID, which will prevent use of Advanced Markers. @ https://maps.googleapis.com/maps/api/js?key=AIzaSyBNfAGRfS1TNlH0EmxNfegqTsiwzYk6reM&v=weekly&callback=initGoogleMaps&libraries=marker:1187
[  378796ms] [ERROR] The map is initialized without a valid Map ID, which will prevent use of Advanced Markers. @ https://maps.googleapis.com/maps/api/js?key=AIzaSyBNfAGRfS1TNlH0EmxNfegqTsiwzYk6reM&v=weekly&callback=initGoogleMaps&libraries=marker:1187
[  379072ms] [ERROR] The map is initialized without a valid Map ID, which will prevent use of Advanced Markers. @ https://maps.googleapis.com/maps/api/js?key=AIzaSyBNfAGRfS1TNlH0EmxNfegqTsiwzYk6reM&v=weekly&callback=initGoogleMaps&libraries=marker:1187
[  379199ms] [ERROR] The map is initialized without a valid Map ID, which will prevent use of Advanced Markers. @ https://maps.googleapis.com/maps/api/js?key=AIzaSyBNfAGRfS1TNlH0EmxNfegqTsiwzYk6reM&v=weekly&callback=initGoogleMaps&libraries=marker:1187
[  379578ms] [ERROR] The map is initialized without a valid Map ID, which will prevent use of Advanced Markers. @ https://maps.googleapis.com/maps/api/js?key=AIzaSyBNfAGRfS1TNlH0EmxNfegqTsiwzYk6reM&v=weekly&callback=initGoogleMaps&libraries=marker:1187
[  380068ms] [ERROR] The map is initialized without a valid Map ID, which will prevent use of Advanced Markers. @ https://maps.googleapis.com/maps/api/js?key=AIzaSyBNfAGRfS1TNlH0EmxNfegqTsiwzYk6reM&v=weekly&callback=initGoogleMaps&libraries=marker:1187
[  380674ms] [ERROR] The map is initialized without a valid Map ID, which will prevent use of Advanced Markers. @ https://maps.googleapis.com/maps/api/js?key=AIzaSyBNfAGRfS1TNlH0EmxNfegqTsiwzYk6reM&v=weekly&callback=initGoogleMaps&libraries=marker:1187
[  381191ms] [ERROR] The map is initialized without a valid Map ID, which will prevent use of Advanced Markers. @ https://maps.googleapis.com/maps/api/js?key=AIzaSyBNfAGRfS1TNlH0EmxNfegqTsiwzYk6reM&v=weekly&callback=initGoogleMaps&libraries=marker:1187
[  381772ms] [ERROR] The map is initialized without a valid Map ID, which will prevent use of Advanced Markers. @ https://maps.googleapis.com/maps/api/js?key=AIzaSyBNfAGRfS1TNlH0EmxNfegqTsiwzYk6reM&v=weekly&callback=initGoogleMaps&libraries=marker:1187
[  382012ms] [ERROR] The map is initialized without a valid Map ID, which will prevent use of Advanced Markers. @ https://maps.googleapis.com/maps/api/js?key=AIzaSyBNfAGRfS1TNlH0EmxNfegqTsiwzYk6reM&v=weekly&callback=initGoogleMaps&libraries=marker:1187
[  382201ms] [ERROR] The map is initialized without a valid Map ID, which will prevent use of Advanced Markers. @ https://maps.googleapis.com/maps/api/js?key=AIzaSyBNfAGRfS1TNlH0EmxNfegqTsiwzYk6reM&v=weekly&callback=initGoogleMaps&libraries=marker:1187
[  382986ms] [ERROR] The map is initialized without a valid Map ID, which will prevent use of Advanced Markers. @ https://maps.googleapis.com/maps/api/js?key=AIzaSyBNfAGRfS1TNlH0EmxNfegqTsiwzYk6reM&v=weekly&callback=initGoogleMaps&libraries=marker:1187
[  383383ms] [ERROR] The map is initialized without a valid Map ID, which will prevent use of Advanced Markers. @ https://maps.googleapis.com/maps/api/js?key=AIzaSyBNfAGRfS1TNlH0EmxNfegqTsiwzYk6reM&v=weekly&callback=initGoogleMaps&libraries=marker:1187
[  383692ms] [ERROR] The map is initialized without a valid Map ID, which will prevent use of Advanced Markers. @ https://maps.googleapis.com/maps/api/js?key=AIzaSyBNfAGRfS1TNlH0EmxNfegqTsiwzYk6reM&v=weekly&callback=initGoogleMaps&libraries=marker:1187
[  383967ms] [ERROR] The map is initialized without a valid Map ID, which will prevent use of Advanced Markers. @ https://maps.googleapis.com/maps/api/js?key=AIzaSyBNfAGRfS1TNlH0EmxNfegqTsiwzYk6reM&v=weekly&callback=initGoogleMaps&libraries=marker:1187
[  384107ms] [ERROR] The map is initialized without a valid Map ID, which will prevent use of Advanced Markers. @ https://maps.googleapis.com/maps/api/js?key=AIzaSyBNfAGRfS1TNlH0EmxNfegqTsiwzYk6reM&v=weekly&callback=initGoogleMaps&libraries=marker:1187
[  384485ms] [ERROR] The map is initialized without a valid Map ID, which will prevent use of Advanced Markers. @ https://maps.googleapis.com/maps/api/js?key=AIzaSyBNfAGRfS1TNlH0EmxNfegqTsiwzYk6reM&v=weekly&callback=initGoogleMaps&libraries=marker:1187
[  384789ms] [ERROR] The map is initialized without a valid Map ID, which will prevent use of Advanced Markers. @ https://maps.googleapis.com/maps/api/js?key=AIzaSyBNfAGRfS1TNlH0EmxNfegqTsiwzYk6reM&v=weekly&callback=initGoogleMaps&libraries=marker:1187
[  385290ms] [ERROR] The map is initialized without a valid Map ID, which will prevent use of Advanced Markers. @ https://maps.googleapis.com/maps/api/js?key=AIzaSyBNfAGRfS1TNlH0EmxNfegqTsiwzYk6reM&v=weekly&callback=initGoogleMaps&libraries=marker:1187
[  385415ms] [ERROR] The map is initialized without a valid Map ID, which will prevent use of Advanced Markers. @ https://maps.googleapis.com/maps/api/js?key=AIzaSyBNfAGRfS1TNlH0EmxNfegqTsiwzYk6reM&v=weekly&callback=initGoogleMaps&libraries=marker:1187
[  385814ms] [ERROR] The map is initialized without a valid Map ID, which will prevent use of Advanced Markers. @ https://maps.googleapis.com/maps/api/js?key=AIzaSyBNfAGRfS1TNlH0EmxNfegqTsiwzYk6reM&v=weekly&callback=initGoogleMaps&libraries=marker:1187
[  386198ms] [ERROR] The map is initialized without a valid Map ID, which will prevent use of Advanced Markers. @ https://maps.googleapis.com/maps/api/js?key=AIzaSyBNfAGRfS1TNlH0EmxNfegqTsiwzYk6reM&v=weekly&callback=initGoogleMaps&libraries=marker:1187
[  386524ms] [ERROR] The map is initialized without a valid Map ID, which will prevent use of Advanced Markers. @ https://maps.googleapis.com/maps/api/js?key=AIzaSyBNfAGRfS1TNlH0EmxNfegqTsiwzYk6reM&v=weekly&callback=initGoogleMaps&libraries=marker:1187
[  387089ms] [ERROR] The map is initialized without a valid Map ID, which will prevent use of Advanced Markers. @ https://maps.googleapis.com/maps/api/js?key=AIzaSyBNfAGRfS1TNlH0EmxNfegqTsiwzYk6reM&v=weekly&callback=initGoogleMaps&libraries=marker:1187
[  387284ms] [ERROR] The map is initialized without a valid Map ID, which will prevent use of Advanced Markers. @ https://maps.googleapis.com/maps/api/js?key=AIzaSyBNfAGRfS1TNlH0EmxNfegqTsiwzYk6reM&v=weekly&callback=initGoogleMaps&libraries=marker:1187
[  387478ms] [ERROR] The map is initialized without a valid Map ID, which will prevent use of Advanced Markers. @ https://maps.googleapis.com/maps/api/js?key=AIzaSyBNfAGRfS1TNlH0EmxNfegqTsiwzYk6reM&v=weekly&callback=initGoogleMaps&libraries=marker:1187
[  387692ms] [ERROR] The map is initialized without a valid Map ID, which will prevent use of Advanced Markers. @ https://maps.googleapis.com/maps/api/js?key=AIzaSyBNfAGRfS1TNlH0EmxNfegqTsiwzYk6reM&v=weekly&callback=initGoogleMaps&libraries=marker:1187
[  388116ms] [ERROR] The map is initialized without a valid Map ID, which will prevent use of Advanced Markers. @ https://maps.googleapis.com/maps/api/js?key=AIzaSyBNfAGRfS1TNlH0EmxNfegqTsiwzYk6reM&v=weekly&callback=initGoogleMaps&libraries=marker:1187
[  388283ms] [ERROR] The map is initialized without a valid Map ID, which will prevent use of Advanced Markers. @ https://maps.googleapis.com/maps/api/js?key=AIzaSyBNfAGRfS1TNlH0EmxNfegqTsiwzYk6reM&v=weekly&callback=initGoogleMaps&libraries=marker:1187
[  389332ms] [ERROR] The map is initialized without a valid Map ID, which will prevent use of Advanced Markers. @ https://maps.googleapis.com/maps/api/js?key=AIzaSyBNfAGRfS1TNlH0EmxNfegqTsiwzYk6reM&v=weekly&callback=initGoogleMaps&libraries=marker:1187
[  389695ms] [ERROR] The map is initialized without a valid Map ID, which will prevent use of Advanced Markers. @ https://maps.googleapis.com/maps/api/js?key=AIzaSyBNfAGRfS1TNlH0EmxNfegqTsiwzYk6reM&v=weekly&callback=initGoogleMaps&libraries=marker:1187
[  390171ms] [ERROR] The map is initialized without a valid Map ID, which will prevent use of Advanced Markers. @ https://maps.googleapis.com/maps/api/js?key=AIzaSyBNfAGRfS1TNlH0EmxNfegqTsiwzYk6reM&v=weekly&callback=initGoogleMaps&libraries=marker:1187
[  390308ms] [ERROR] The map is initialized without a valid Map ID, which will prevent use of Advanced Markers. @ https://maps.googleapis.com/maps/api/js?key=AIzaSyBNfAGRfS1TNlH0EmxNfegqTsiwzYk6reM&v=weekly&callback=initGoogleMaps&libraries=marker:1187
[  390884ms] [ERROR] The map is initialized without a valid Map ID, which will prevent use of Advanced Markers. @ https://maps.googleapis.com/maps/api/js?key=AIzaSyBNfAGRfS1TNlH0EmxNfegqTsiwzYk6reM&v=weekly&callback=initGoogleMaps&libraries=marker:1187
[  391370ms] [ERROR] The map is initialized without a valid Map ID, which will prevent use of Advanced Markers. @ https://maps.googleapis.com/maps/api/js?key=AIzaSyBNfAGRfS1TNlH0EmxNfegqTsiwzYk6reM&v=weekly&callback=initGoogleMaps&libraries=marker:1187
[  391705ms] [ERROR] The map is initialized without a valid Map ID, which will prevent use of Advanced Markers. @ https://maps.googleapis.com/maps/api/js?key=AIzaSyBNfAGRfS1TNlH0EmxNfegqTsiwzYk6reM&v=weekly&callback=initGoogleMaps&libraries=marker:1187
[  392001ms] [ERROR] The map is initialized without a valid Map ID, which will prevent use of Advanced Markers. @ https://maps.googleapis.com/maps/api/js?key=AIzaSyBNfAGRfS1TNlH0EmxNfegqTsiwzYk6reM&v=weekly&callback=initGoogleMaps&libraries=marker:1187
[  392181ms] [ERROR] The map is initialized without a valid Map ID, which will prevent use of Advanced Markers. @ https://maps.googleapis.com/maps/api/js?key=AIzaSyBNfAGRfS1TNlH0EmxNfegqTsiwzYk6reM&v=weekly&callback=initGoogleMaps&libraries=marker:1187
[  392317ms] [ERROR] The map is initialized without a valid Map ID, which will prevent use of Advanced Markers. @ https://maps.googleapis.com/maps/api/js?key=AIzaSyBNfAGRfS1TNlH0EmxNfegqTsiwzYk6reM&v=weekly&callback=initGoogleMaps&libraries=marker:1187
[  392527ms] [ERROR] The map is initialized without a valid Map ID, which will prevent use of Advanced Markers. @ https://maps.googleapis.com/maps/api/js?key=AIzaSyBNfAGRfS1TNlH0EmxNfegqTsiwzYk6reM&v=weekly&callback=initGoogleMaps&libraries=marker:1187
[  392793ms] [ERROR] The map is initialized without a valid Map ID, which will prevent use of Advanced Markers. @ https://maps.googleapis.com/maps/api/js?key=AIzaSyBNfAGRfS1TNlH0EmxNfegqTsiwzYk6reM&v=weekly&callback=initGoogleMaps&libraries=marker:1187
[  393196ms] [ERROR] The map is initialized without a valid Map ID, which will prevent use of Advanced Markers. @ https://maps.googleapis.com/maps/api/js?key=AIzaSyBNfAGRfS1TNlH0EmxNfegqTsiwzYk6reM&v=weekly&callback=initGoogleMaps&libraries=marker:1187
[  393580ms] [ERROR] The map is initialized without a valid Map ID, which will prevent use of Advanced Markers. @ https://maps.googleapis.com/maps/api/js?key=AIzaSyBNfAGRfS1TNlH0EmxNfegqTsiwzYk6reM&v=weekly&callback=initGoogleMaps&libraries=marker:1187
[  393715ms] [ERROR] The map is initialized without a valid Map ID, which will prevent use of Advanced Markers. @ https://maps.googleapis.com/maps/api/js?key=AIzaSyBNfAGRfS1TNlH0EmxNfegqTsiwzYk6reM&v=weekly&callback=initGoogleMaps&libraries=marker:1187
[  394167ms] [ERROR] The map is initialized without a valid Map ID, which will prevent use of Advanced Markers. @ https://maps.googleapis.com/maps/api/js?key=AIzaSyBNfAGRfS1TNlH0EmxNfegqTsiwzYk6reM&v=weekly&callback=initGoogleMaps&libraries=marker:1187
[  394475ms] [ERROR] The map is initialized without a valid Map ID, which will prevent use of Advanced Markers. @ https://maps.googleapis.com/maps/api/js?key=AIzaSyBNfAGRfS1TNlH0EmxNfegqTsiwzYk6reM&v=weekly&callback=initGoogleMaps&libraries=marker:1187
[  394809ms] [ERROR] The map is initialized without a valid Map ID, which will prevent use of Advanced Markers. @ https://maps.googleapis.com/maps/api/js?key=AIzaSyBNfAGRfS1TNlH0EmxNfegqTsiwzYk6reM&v=weekly&callback=initGoogleMaps&libraries=marker:1187
[  395020ms] [ERROR] The map is initialized without a valid Map ID, which will prevent use of Advanced Markers. @ https://maps.googleapis.com/maps/api/js?key=AIzaSyBNfAGRfS1TNlH0EmxNfegqTsiwzYk6reM&v=weekly&callback=initGoogleMaps&libraries=marker:1187
[  395579ms] [ERROR] The map is initialized without a valid Map ID, which will prevent use of Advanced Markers. @ https://maps.googleapis.com/maps/api/js?key=AIzaSyBNfAGRfS1TNlH0EmxNfegqTsiwzYk6reM&v=weekly&callback=initGoogleMaps&libraries=marker:1187
[  395813ms] [ERROR] The map is initialized without a valid Map ID, which will prevent use of Advanced Markers. @ https://maps.googleapis.com/maps/api/js?key=AIzaSyBNfAGRfS1TNlH0EmxNfegqTsiwzYk6reM&v=weekly&callback=initGoogleMaps&libraries=marker:1187
[  396101ms] [ERROR] The map is initialized without a valid Map ID, which will prevent use of Advanced Markers. @ https://maps.googleapis.com/maps/api/js?key=AIzaSyBNfAGRfS1TNlH0EmxNfegqTsiwzYk6reM&v=weekly&callback=initGoogleMaps&libraries=marker:1187
[  396383ms] [ERROR] The map is initialized without a valid Map ID, which will prevent use of Advanced Markers. @ https://maps.googleapis.com/maps/api/js?key=AIzaSyBNfAGRfS1TNlH0EmxNfegqTsiwzYk6reM&v=weekly&callback=initGoogleMaps&libraries=marker:1187
[  396799ms] [ERROR] The map is initialized without a valid Map ID, which will prevent use of Advanced Markers. @ https://maps.googleapis.com/maps/api/js?key=AIzaSyBNfAGRfS1TNlH0EmxNfegqTsiwzYk6reM&v=weekly&callback=initGoogleMaps&libraries=marker:1187
[  397000ms] [ERROR] The map is initialized without a valid Map ID, which will prevent use of Advanced Markers. @ https://maps.googleapis.com/maps/api/js?key=AIzaSyBNfAGRfS1TNlH0EmxNfegqTsiwzYk6reM&v=weekly&callback=initGoogleMaps&libraries=marker:1187
[  397283ms] [ERROR] The map is initialized without a valid Map ID, which will prevent use of Advanced Markers. @ https://maps.googleapis.com/maps/api/js?key=AIzaSyBNfAGRfS1TNlH0EmxNfegqTsiwzYk6reM&v=weekly&callback=initGoogleMaps&libraries=marker:1187
[  397520ms] [ERROR] The map is initialized without a valid Map ID, which will prevent use of Advanced Markers. @ https://maps.googleapis.com/maps/api/js?key=AIzaSyBNfAGRfS1TNlH0EmxNfegqTsiwzYk6reM&v=weekly&callback=initGoogleMaps&libraries=marker:1187
[  397788ms] [ERROR] The map is initialized without a valid Map ID, which will prevent use of Advanced Markers. @ https://maps.googleapis.com/maps/api/js?key=AIzaSyBNfAGRfS1TNlH0EmxNfegqTsiwzYk6reM&v=weekly&callback=initGoogleMaps&libraries=marker:1187
[  398107ms] [ERROR] The map is initialized without a valid Map ID, which will prevent use of Advanced Markers. @ https://maps.googleapis.com/maps/api/js?key=AIzaSyBNfAGRfS1TNlH0EmxNfegqTsiwzYk6reM&v=weekly&callback=initGoogleMaps&libraries=marker:1187
[  398673ms] [ERROR] The map is initialized without a valid Map ID, which will prevent use of Advanced Markers. @ https://maps.googleapis.com/maps/api/js?key=AIzaSyBNfAGRfS1TNlH0EmxNfegqTsiwzYk6reM&v=weekly&callback=initGoogleMaps&libraries=marker:1187
[  399080ms] [ERROR] The map is initialized without a valid Map ID, which will prevent use of Advanced Markers. @ https://maps.googleapis.com/maps/api/js?key=AIzaSyBNfAGRfS1TNlH0EmxNfegqTsiwzYk6reM&v=weekly&callback=initGoogleMaps&libraries=marker:1187
[  399185ms] [ERROR] The map is initialized without a valid Map ID, which will prevent use of Advanced Markers. @ https://maps.googleapis.com/maps/api/js?key=AIzaSyBNfAGRfS1TNlH0EmxNfegqTsiwzYk6reM&v=weekly&callback=initGoogleMaps&libraries=marker:1187
[  399283ms] [ERROR] The map is initialized without a valid Map ID, which will prevent use of Advanced Markers. @ https://maps.googleapis.com/maps/api/js?key=AIzaSyBNfAGRfS1TNlH0EmxNfegqTsiwzYk6reM&v=weekly&callback=initGoogleMaps&libraries=marker:1187
[  399799ms] [ERROR] The map is initialized without a valid Map ID, which will prevent use of Advanced Markers. @ https://maps.googleapis.com/maps/api/js?key=AIzaSyBNfAGRfS1TNlH0EmxNfegqTsiwzYk6reM&v=weekly&callback=initGoogleMaps&libraries=marker:1187
[  400092ms] [ERROR] The map is initialized without a valid Map ID, which will prevent use of Advanced Markers. @ https://maps.googleapis.com/maps/api/js?key=AIzaSyBNfAGRfS1TNlH0EmxNfegqTsiwzYk6reM&v=weekly&callback=initGoogleMaps&libraries=marker:1187
[  400614ms] [ERROR] The map is initialized without a valid Map ID, which will prevent use of Advanced Markers. @ https://maps.googleapis.com/maps/api/js?key=AIzaSyBNfAGRfS1TNlH0EmxNfegqTsiwzYk6reM&v=weekly&callback=initGoogleMaps&libraries=marker:1187
[  400991ms] [ERROR] The map is initialized without a valid Map ID, which will prevent use of Advanced Markers. @ https://maps.googleapis.com/maps/api/js?key=AIzaSyBNfAGRfS1TNlH0EmxNfegqTsiwzYk6reM&v=weekly&callback=initGoogleMaps&libraries=marker:1187
[  401402ms] [ERROR] The map is initialized without a valid Map ID, which will prevent use of Advanced Markers. @ https://maps.googleapis.com/maps/api/js?key=AIzaSyBNfAGRfS1TNlH0EmxNfegqTsiwzYk6reM&v=weekly&callback=initGoogleMaps&libraries=marker:1187
[  401702ms] [ERROR] The map is initialized without a valid Map ID, which will prevent use of Advanced Markers. @ https://maps.googleapis.com/maps/api/js?key=AIzaSyBNfAGRfS1TNlH0EmxNfegqTsiwzYk6reM&v=weekly&callback=initGoogleMaps&libraries=marker:1187
[  402025ms] [ERROR] The map is initialized without a valid Map ID, which will prevent use of Advanced Markers. @ https://maps.googleapis.com/maps/api/js?key=AIzaSyBNfAGRfS1TNlH0EmxNfegqTsiwzYk6reM&v=weekly&callback=initGoogleMaps&libraries=marker:1187
[  402610ms] [ERROR] The map is initialized without a valid Map ID, which will prevent use of Advanced Markers. @ https://maps.googleapis.com/maps/api/js?key=AIzaSyBNfAGRfS1TNlH0EmxNfegqTsiwzYk6reM&v=weekly&callback=initGoogleMaps&libraries=marker:1187
[  402782ms] [ERROR] The map is initialized without a valid Map ID, which will prevent use of Advanced Markers. @ https://maps.googleapis.com/maps/api/js?key=AIzaSyBNfAGRfS1TNlH0EmxNfegqTsiwzYk6reM&v=weekly&callback=initGoogleMaps&libraries=marker:1187
[  403329ms] [ERROR] The map is initialized without a valid Map ID, which will prevent use of Advanced Markers. @ https://maps.googleapis.com/maps/api/js?key=AIzaSyBNfAGRfS1TNlH0EmxNfegqTsiwzYk6reM&v=weekly&callback=initGoogleMaps&libraries=marker:1187
[  403974ms] [ERROR] The map is initialized without a valid Map ID, which will prevent use of Advanced Markers. @ https://maps.googleapis.com/maps/api/js?key=AIzaSyBNfAGRfS1TNlH0EmxNfegqTsiwzYk6reM&v=weekly&callback=initGoogleMaps&libraries=marker:1187
[  404235ms] [ERROR] The map is initialized without a valid Map ID, which will prevent use of Advanced Markers. @ https://maps.googleapis.com/maps/api/js?key=AIzaSyBNfAGRfS1TNlH0EmxNfegqTsiwzYk6reM&v=weekly&callback=initGoogleMaps&libraries=marker:1187
[  404372ms] [ERROR] The map is initialized without a valid Map ID, which will prevent use of Advanced Markers. @ https://maps.googleapis.com/maps/api/js?key=AIzaSyBNfAGRfS1TNlH0EmxNfegqTsiwzYk6reM&v=weekly&callback=initGoogleMaps&libraries=marker:1187
[  404993ms] [ERROR] The map is initialized without a valid Map ID, which will prevent use of Advanced Markers. @ https://maps.googleapis.com/maps/api/js?key=AIzaSyBNfAGRfS1TNlH0EmxNfegqTsiwzYk6reM&v=weekly&callback=initGoogleMaps&libraries=marker:1187
[  405468ms] [ERROR] The map is initialized without a valid Map ID, which will prevent use of Advanced Markers. @ https://maps.googleapis.com/maps/api/js?key=AIzaSyBNfAGRfS1TNlH0EmxNfegqTsiwzYk6reM&v=weekly&callback=initGoogleMaps&libraries=marker:1187
[  405879ms] [ERROR] The map is initialized without a valid Map ID, which will prevent use of Advanced Markers. @ https://maps.googleapis.com/maps/api/js?key=AIzaSyBNfAGRfS1TNlH0EmxNfegqTsiwzYk6reM&v=weekly&callback=initGoogleMaps&libraries=marker:1187
[  406091ms] [ERROR] The map is initialized without a valid Map ID, which will prevent use of Advanced Markers. @ https://maps.googleapis.com/maps/api/js?key=AIzaSyBNfAGRfS1TNlH0EmxNfegqTsiwzYk6reM&v=weekly&callback=initGoogleMaps&libraries=marker:1187
[  406765ms] [ERROR] The map is initialized without a valid Map ID, which will prevent use of Advanced Markers. @ https://maps.googleapis.com/maps/api/js?key=AIzaSyBNfAGRfS1TNlH0EmxNfegqTsiwzYk6reM&v=weekly&callback=initGoogleMaps&libraries=marker:1187
[  407376ms] [ERROR] The map is initialized without a valid Map ID, which will prevent use of Advanced Markers. @ https://maps.googleapis.com/maps/api/js?key=AIzaSyBNfAGRfS1TNlH0EmxNfegqTsiwzYk6reM&v=weekly&callback=initGoogleMaps&libraries=marker:1187
[  407688ms] [ERROR] The map is initialized without a valid Map ID, which will prevent use of Advanced Markers. @ https://maps.googleapis.com/maps/api/js?key=AIzaSyBNfAGRfS1TNlH0EmxNfegqTsiwzYk6reM&v=weekly&callback=initGoogleMaps&libraries=marker:1187
[  408072ms] [ERROR] The map is initialized without a valid Map ID, which will prevent use of Advanced Markers. @ https://maps.googleapis.com/maps/api/js?key=AIzaSyBNfAGRfS1TNlH0EmxNfegqTsiwzYk6reM&v=weekly&callback=initGoogleMaps&libraries=marker:1187
[  408400ms] [ERROR] The map is initialized without a valid Map ID, which will prevent use of Advanced Markers. @ https://maps.googleapis.com/maps/api/js?key=AIzaSyBNfAGRfS1TNlH0EmxNfegqTsiwzYk6reM&v=weekly&callback=initGoogleMaps&libraries=marker:1187
[  409111ms] [ERROR] The map is initialized without a valid Map ID, which will prevent use of Advanced Markers. @ https://maps.googleapis.com/maps/api/js?key=AIzaSyBNfAGRfS1TNlH0EmxNfegqTsiwzYk6reM&v=weekly&callback=initGoogleMaps&libraries=marker:1187
[  409376ms] [ERROR] The map is initialized without a valid Map ID, which will prevent use of Advanced Markers. @ https://maps.googleapis.com/maps/api/js?key=AIzaSyBNfAGRfS1TNlH0EmxNfegqTsiwzYk6reM&v=weekly&callback=initGoogleMaps&libraries=marker:1187
[  409790ms] [ERROR] The map is initialized without a valid Map ID, which will prevent use of Advanced Markers. @ https://maps.googleapis.com/maps/api/js?key=AIzaSyBNfAGRfS1TNlH0EmxNfegqTsiwzYk6reM&v=weekly&callback=initGoogleMaps&libraries=marker:1187
[  410088ms] [ERROR] The map is initialized without a valid Map ID, which will prevent use of Advanced Markers. @ https://maps.googleapis.com/maps/api/js?key=AIzaSyBNfAGRfS1TNlH0EmxNfegqTsiwzYk6reM&v=weekly&callback=initGoogleMaps&libraries=marker:1187
[  410417ms] [ERROR] The map is initialized without a valid Map ID, which will prevent use of Advanced Markers. @ https://maps.googleapis.com/maps/api/js?key=AIzaSyBNfAGRfS1TNlH0EmxNfegqTsiwzYk6reM&v=weekly&callback=initGoogleMaps&libraries=marker:1187
[  410799ms] [ERROR] The map is initialized without a valid Map ID, which will prevent use of Advanced Markers. @ https://maps.googleapis.com/maps/api/js?key=AIzaSyBNfAGRfS1TNlH0EmxNfegqTsiwzYk6reM&v=weekly&callback=initGoogleMaps&libraries=marker:1187
[  411576ms] [ERROR] The map is initialized without a valid Map ID, which will prevent use of Advanced Markers. @ https://maps.googleapis.com/maps/api/js?key=AIzaSyBNfAGRfS1TNlH0EmxNfegqTsiwzYk6reM&v=weekly&callback=initGoogleMaps&libraries=marker:1187
[  411980ms] [ERROR] The map is initialized without a valid Map ID, which will prevent use of Advanced Markers. @ https://maps.googleapis.com/maps/api/js?key=AIzaSyBNfAGRfS1TNlH0EmxNfegqTsiwzYk6reM&v=weekly&callback=initGoogleMaps&libraries=marker:1187
[  412673ms] [ERROR] The map is initialized without a valid Map ID, which will prevent use of Advanced Markers. @ https://maps.googleapis.com/maps/api/js?key=AIzaSyBNfAGRfS1TNlH0EmxNfegqTsiwzYk6reM&v=weekly&callback=initGoogleMaps&libraries=marker:1187
[  412982ms] [ERROR] The map is initialized without a valid Map ID, which will prevent use of Advanced Markers. @ https://maps.googleapis.com/maps/api/js?key=AIzaSyBNfAGRfS1TNlH0EmxNfegqTsiwzYk6reM&v=weekly&callback=initGoogleMaps&libraries=marker:1187
[  413203ms] [ERROR] The map is initialized without a valid Map ID, which will prevent use of Advanced Markers. @ https://maps.googleapis.com/maps/api/js?key=AIzaSyBNfAGRfS1TNlH0EmxNfegqTsiwzYk6reM&v=weekly&callback=initGoogleMaps&libraries=marker:1187
[  413781ms] [ERROR] The map is initialized without a valid Map ID, which will prevent use of Advanced Markers. @ https://maps.googleapis.com/maps/api/js?key=AIzaSyBNfAGRfS1TNlH0EmxNfegqTsiwzYk6reM&v=weekly&callback=initGoogleMaps&libraries=marker:1187
[  414087ms] [ERROR] The map is initialized without a valid Map ID, which will prevent use of Advanced Markers. @ https://maps.googleapis.com/maps/api/js?key=AIzaSyBNfAGRfS1TNlH0EmxNfegqTsiwzYk6reM&v=weekly&callback=initGoogleMaps&libraries=marker:1187
[  414384ms] [ERROR] The map is initialized without a valid Map ID, which will prevent use of Advanced Markers. @ https://maps.googleapis.com/maps/api/js?key=AIzaSyBNfAGRfS1TNlH0EmxNfegqTsiwzYk6reM&v=weekly&callback=initGoogleMaps&libraries=marker:1187
[  414801ms] [ERROR] The map is initialized without a valid Map ID, which will prevent use of Advanced Markers. @ https://maps.googleapis.com/maps/api/js?key=AIzaSyBNfAGRfS1TNlH0EmxNfegqTsiwzYk6reM&v=weekly&callback=initGoogleMaps&libraries=marker:1187
[  415403ms] [ERROR] The map is initialized without a valid Map ID, which will prevent use of Advanced Markers. @ https://maps.googleapis.com/maps/api/js?key=AIzaSyBNfAGRfS1TNlH0EmxNfegqTsiwzYk6reM&v=weekly&callback=initGoogleMaps&libraries=marker:1187
[  415886ms] [ERROR] The map is initialized without a valid Map ID, which will prevent use of Advanced Markers. @ https://maps.googleapis.com/maps/api/js?key=AIzaSyBNfAGRfS1TNlH0EmxNfegqTsiwzYk6reM&v=weekly&callback=initGoogleMaps&libraries=marker:1187
[  416200ms] [ERROR] The map is initialized without a valid Map ID, which will prevent use of Advanced Markers. @ https://maps.googleapis.com/maps/api/js?key=AIzaSyBNfAGRfS1TNlH0EmxNfegqTsiwzYk6reM&v=weekly&callback=initGoogleMaps&libraries=marker:1187
[  416689ms] [ERROR] The map is initialized without a valid Map ID, which will prevent use of Advanced Markers. @ https://maps.googleapis.com/maps/api/js?key=AIzaSyBNfAGRfS1TNlH0EmxNfegqTsiwzYk6reM&v=weekly&callback=initGoogleMaps&libraries=marker:1187
[  417078ms] [ERROR] The map is initialized without a valid Map ID, which will prevent use of Advanced Markers. @ https://maps.googleapis.com/maps/api/js?key=AIzaSyBNfAGRfS1TNlH0EmxNfegqTsiwzYk6reM&v=weekly&callback=initGoogleMaps&libraries=marker:1187
[  417296ms] [ERROR] The map is initialized without a valid Map ID, which will prevent use of Advanced Markers. @ https://maps.googleapis.com/maps/api/js?key=AIzaSyBNfAGRfS1TNlH0EmxNfegqTsiwzYk6reM&v=weekly&callback=initGoogleMaps&libraries=marker:1187
[  417702ms] [ERROR] The map is initialized without a valid Map ID, which will prevent use of Advanced Markers. @ https://maps.googleapis.com/maps/api/js?key=AIzaSyBNfAGRfS1TNlH0EmxNfegqTsiwzYk6reM&v=weekly&callback=initGoogleMaps&libraries=marker:1187
[  418105ms] [ERROR] The map is initialized without a valid Map ID, which will prevent use of Advanced Markers. @ https://maps.googleapis.com/maps/api/js?key=AIzaSyBNfAGRfS1TNlH0EmxNfegqTsiwzYk6reM&v=weekly&callback=initGoogleMaps&libraries=marker:1187
[  418333ms] [ERROR] The map is initialized without a valid Map ID, which will prevent use of Advanced Markers. @ https://maps.googleapis.com/maps/api/js?key=AIzaSyBNfAGRfS1TNlH0EmxNfegqTsiwzYk6reM&v=weekly&callback=initGoogleMaps&libraries=marker:1187
[  418571ms] [ERROR] The map is initialized without a valid Map ID, which will prevent use of Advanced Markers. @ https://maps.googleapis.com/maps/api/js?key=AIzaSyBNfAGRfS1TNlH0EmxNfegqTsiwzYk6reM&v=weekly&callback=initGoogleMaps&libraries=marker:1187
[  418917ms] [ERROR] The map is initialized without a valid Map ID, which will prevent use of Advanced Markers. @ https://maps.googleapis.com/maps/api/js?key=AIzaSyBNfAGRfS1TNlH0EmxNfegqTsiwzYk6reM&v=weekly&callback=initGoogleMaps&libraries=marker:1187
[  419610ms] [ERROR] The map is initialized without a valid Map ID, which will prevent use of Advanced Markers. @ https://maps.googleapis.com/maps/api/js?key=AIzaSyBNfAGRfS1TNlH0EmxNfegqTsiwzYk6reM&v=weekly&callback=initGoogleMaps&libraries=marker:1187
[  419728ms] [ERROR] The map is initialized without a valid Map ID, which will prevent use of Advanced Markers. @ https://maps.googleapis.com/maps/api/js?key=AIzaSyBNfAGRfS1TNlH0EmxNfegqTsiwzYk6reM&v=weekly&callback=initGoogleMaps&libraries=marker:1187
[  420472ms] [ERROR] The map is initialized without a valid Map ID, which will prevent use of Advanced Markers. @ https://maps.googleapis.com/maps/api/js?key=AIzaSyBNfAGRfS1TNlH0EmxNfegqTsiwzYk6reM&v=weekly&callback=initGoogleMaps&libraries=marker:1187
[  420602ms] [ERROR] The map is initialized without a valid Map ID, which will prevent use of Advanced Markers. @ https://maps.googleapis.com/maps/api/js?key=AIzaSyBNfAGRfS1TNlH0EmxNfegqTsiwzYk6reM&v=weekly&callback=initGoogleMaps&libraries=marker:1187
[  420841ms] [ERROR] The map is initialized without a valid Map ID, which will prevent use of Advanced Markers. @ https://maps.googleapis.com/maps/api/js?key=AIzaSyBNfAGRfS1TNlH0EmxNfegqTsiwzYk6reM&v=weekly&callback=initGoogleMaps&libraries=marker:1187
[  421222ms] [ERROR] The map is initialized without a valid Map ID, which will prevent use of Advanced Markers. @ https://maps.googleapis.com/maps/api/js?key=AIzaSyBNfAGRfS1TNlH0EmxNfegqTsiwzYk6reM&v=weekly&callback=initGoogleMaps&libraries=marker:1187
[  421699ms] [ERROR] The map is initialized without a valid Map ID, which will prevent use of Advanced Markers. @ https://maps.googleapis.com/maps/api/js?key=AIzaSyBNfAGRfS1TNlH0EmxNfegqTsiwzYk6reM&v=weekly&callback=initGoogleMaps&libraries=marker:1187
[  422680ms] [ERROR] The map is initialized without a valid Map ID, which will prevent use of Advanced Markers. @ https://maps.googleapis.com/maps/api/js?key=AIzaSyBNfAGRfS1TNlH0EmxNfegqTsiwzYk6reM&v=weekly&callback=initGoogleMaps&libraries=marker:1187
[  423311ms] [ERROR] The map is initialized without a valid Map ID, which will prevent use of Advanced Markers. @ https://maps.googleapis.com/maps/api/js?key=AIzaSyBNfAGRfS1TNlH0EmxNfegqTsiwzYk6reM&v=weekly&callback=initGoogleMaps&libraries=marker:1187
[  423899ms] [ERROR] The map is initialized without a valid Map ID, which will prevent use of Advanced Markers. @ https://maps.googleapis.com/maps/api/js?key=AIzaSyBNfAGRfS1TNlH0EmxNfegqTsiwzYk6reM&v=weekly&callback=initGoogleMaps&libraries=marker:1187
[  424119ms] [ERROR] The map is initialized without a valid Map ID, which will prevent use of Advanced Markers. @ https://maps.googleapis.com/maps/api/js?key=AIzaSyBNfAGRfS1TNlH0EmxNfegqTsiwzYk6reM&v=weekly&callback=initGoogleMaps&libraries=marker:1187
[  424313ms] [ERROR] The map is initialized without a valid Map ID, which will prevent use of Advanced Markers. @ https://maps.googleapis.com/maps/api/js?key=AIzaSyBNfAGRfS1TNlH0EmxNfegqTsiwzYk6reM&v=weekly&callback=initGoogleMaps&libraries=marker:1187
[  424524ms] [ERROR] The map is initialized without a valid Map ID, which will prevent use of Advanced Markers. @ https://maps.googleapis.com/maps/api/js?key=AIzaSyBNfAGRfS1TNlH0EmxNfegqTsiwzYk6reM&v=weekly&callback=initGoogleMaps&libraries=marker:1187
[  424622ms] [ERROR] The map is initialized without a valid Map ID, which will prevent use of Advanced Markers. @ https://maps.googleapis.com/maps/api/js?key=AIzaSyBNfAGRfS1TNlH0EmxNfegqTsiwzYk6reM&v=weekly&callback=initGoogleMaps&libraries=marker:1187
[  424796ms] [ERROR] The map is initialized without a valid Map ID, which will prevent use of Advanced Markers. @ https://maps.googleapis.com/maps/api/js?key=AIzaSyBNfAGRfS1TNlH0EmxNfegqTsiwzYk6reM&v=weekly&callback=initGoogleMaps&libraries=marker:1187
[  425225ms] [ERROR] The map is initialized without a valid Map ID, which will prevent use of Advanced Markers. @ https://maps.googleapis.com/maps/api/js?key=AIzaSyBNfAGRfS1TNlH0EmxNfegqTsiwzYk6reM&v=weekly&callback=initGoogleMaps&libraries=marker:1187
[  425691ms] [ERROR] The map is initialized without a valid Map ID, which will prevent use of Advanced Markers. @ https://maps.googleapis.com/maps/api/js?key=AIzaSyBNfAGRfS1TNlH0EmxNfegqTsiwzYk6reM&v=weekly&callback=initGoogleMaps&libraries=marker:1187
[  426012ms] [ERROR] The map is initialized without a valid Map ID, which will prevent use of Advanced Markers. @ https://maps.googleapis.com/maps/api/js?key=AIzaSyBNfAGRfS1TNlH0EmxNfegqTsiwzYk6reM&v=weekly&callback=initGoogleMaps&libraries=marker:1187
[  426498ms] [ERROR] The map is initialized without a valid Map ID, which will prevent use of Advanced Markers. @ https://maps.googleapis.com/maps/api/js?key=AIzaSyBNfAGRfS1TNlH0EmxNfegqTsiwzYk6reM&v=weekly&callback=initGoogleMaps&libraries=marker:1187
[  427054ms] [ERROR] The map is initialized without a valid Map ID, which will prevent use of Advanced Markers. @ https://maps.googleapis.com/maps/api/js?key=AIzaSyBNfAGRfS1TNlH0EmxNfegqTsiwzYk6reM&v=weekly&callback=initGoogleMaps&libraries=marker:1187
[  427214ms] [ERROR] The map is initialized without a valid Map ID, which will prevent use of Advanced Markers. @ https://maps.googleapis.com/maps/api/js?key=AIzaSyBNfAGRfS1TNlH0EmxNfegqTsiwzYk6reM&v=weekly&callback=initGoogleMaps&libraries=marker:1187
[  427504ms] [ERROR] The map is initialized without a valid Map ID, which will prevent use of Advanced Markers. @ https://maps.googleapis.com/maps/api/js?key=AIzaSyBNfAGRfS1TNlH0EmxNfegqTsiwzYk6reM&v=weekly&callback=initGoogleMaps&libraries=marker:1187
[  427815ms] [ERROR] The map is initialized without a valid Map ID, which will prevent use of Advanced Markers. @ https://maps.googleapis.com/maps/api/js?key=AIzaSyBNfAGRfS1TNlH0EmxNfegqTsiwzYk6reM&v=weekly&callback=initGoogleMaps&libraries=marker:1187
[  428270ms] [ERROR] The map is initialized without a valid Map ID, which will prevent use of Advanced Markers. @ https://maps.googleapis.com/maps/api/js?key=AIzaSyBNfAGRfS1TNlH0EmxNfegqTsiwzYk6reM&v=weekly&callback=initGoogleMaps&libraries=marker:1187
[  428701ms] [ERROR] The map is initialized without a valid Map ID, which will prevent use of Advanced Markers. @ https://maps.googleapis.com/maps/api/js?key=AIzaSyBNfAGRfS1TNlH0EmxNfegqTsiwzYk6reM&v=weekly&callback=initGoogleMaps&libraries=marker:1187
[  428923ms] [ERROR] The map is initialized without a valid Map ID, which will prevent use of Advanced Markers. @ https://maps.googleapis.com/maps/api/js?key=AIzaSyBNfAGRfS1TNlH0EmxNfegqTsiwzYk6reM&v=weekly&callback=initGoogleMaps&libraries=marker:1187
[  429001ms] [ERROR] The map is initialized without a valid Map ID, which will prevent use of Advanced Markers. @ https://maps.googleapis.com/maps/api/js?key=AIzaSyBNfAGRfS1TNlH0EmxNfegqTsiwzYk6reM&v=weekly&callback=initGoogleMaps&libraries=marker:1187
[  429513ms] [ERROR] The map is initialized without a valid Map ID, which will prevent use of Advanced Markers. @ https://maps.googleapis.com/maps/api/js?key=AIzaSyBNfAGRfS1TNlH0EmxNfegqTsiwzYk6reM&v=weekly&callback=initGoogleMaps&libraries=marker:1187
[  429773ms] [ERROR] The map is initialized without a valid Map ID, which will prevent use of Advanced Markers. @ https://maps.googleapis.com/maps/api/js?key=AIzaSyBNfAGRfS1TNlH0EmxNfegqTsiwzYk6reM&v=weekly&callback=initGoogleMaps&libraries=marker:1187
[  430219ms] [ERROR] The map is initialized without a valid Map ID, which will prevent use of Advanced Markers. @ https://maps.googleapis.com/maps/api/js?key=AIzaSyBNfAGRfS1TNlH0EmxNfegqTsiwzYk6reM&v=weekly&callback=initGoogleMaps&libraries=marker:1187
[  430596ms] [ERROR] The map is initialized without a valid Map ID, which will prevent use of Advanced Markers. @ https://maps.googleapis.com/maps/api/js?key=AIzaSyBNfAGRfS1TNlH0EmxNfegqTsiwzYk6reM&v=weekly&callback=initGoogleMaps&libraries=marker:1187
[  431342ms] [ERROR] The map is initialized without a valid Map ID, which will prevent use of Advanced Markers. @ https://maps.googleapis.com/maps/api/js?key=AIzaSyBNfAGRfS1TNlH0EmxNfegqTsiwzYk6reM&v=weekly&callback=initGoogleMaps&libraries=marker:1187
[  431494ms] [ERROR] The map is initialized without a valid Map ID, which will prevent use of Advanced Markers. @ https://maps.googleapis.com/maps/api/js?key=AIzaSyBNfAGRfS1TNlH0EmxNfegqTsiwzYk6reM&v=weekly&callback=initGoogleMaps&libraries=marker:1187
[  431706ms] [ERROR] The map is initialized without a valid Map ID, which will prevent use of Advanced Markers. @ https://maps.googleapis.com/maps/api/js?key=AIzaSyBNfAGRfS1TNlH0EmxNfegqTsiwzYk6reM&v=weekly&callback=initGoogleMaps&libraries=marker:1187
[  431889ms] [ERROR] The map is initialized without a valid Map ID, which will prevent use of Advanced Markers. @ https://maps.googleapis.com/maps/api/js?key=AIzaSyBNfAGRfS1TNlH0EmxNfegqTsiwzYk6reM&v=weekly&callback=initGoogleMaps&libraries=marker:1187
[  432111ms] [ERROR] The map is initialized without a valid Map ID, which will prevent use of Advanced Markers. @ https://maps.googleapis.com/maps/api/js?key=AIzaSyBNfAGRfS1TNlH0EmxNfegqTsiwzYk6reM&v=weekly&callback=initGoogleMaps&libraries=marker:1187
[  432270ms] [ERROR] The map is initialized without a valid Map ID, which will prevent use of Advanced Markers. @ https://maps.googleapis.com/maps/api/js?key=AIzaSyBNfAGRfS1TNlH0EmxNfegqTsiwzYk6reM&v=weekly&callback=initGoogleMaps&libraries=marker:1187
[  432635ms] [ERROR] The map is initialized without a valid Map ID, which will prevent use of Advanced Markers. @ https://maps.googleapis.com/maps/api/js?key=AIzaSyBNfAGRfS1TNlH0EmxNfegqTsiwzYk6reM&v=weekly&callback=initGoogleMaps&libraries=marker:1187
[  432924ms] [ERROR] The map is initialized without a valid Map ID, which will prevent use of Advanced Markers. @ https://maps.googleapis.com/maps/api/js?key=AIzaSyBNfAGRfS1TNlH0EmxNfegqTsiwzYk6reM&v=weekly&callback=initGoogleMaps&libraries=marker:1187
[  433070ms] [ERROR] The map is initialized without a valid Map ID, which will prevent use of Advanced Markers. @ https://maps.googleapis.com/maps/api/js?key=AIzaSyBNfAGRfS1TNlH0EmxNfegqTsiwzYk6reM&v=weekly&callback=initGoogleMaps&libraries=marker:1187
[  433376ms] [ERROR] The map is initialized without a valid Map ID, which will prevent use of Advanced Markers. @ https://maps.googleapis.com/maps/api/js?key=AIzaSyBNfAGRfS1TNlH0EmxNfegqTsiwzYk6reM&v=weekly&callback=initGoogleMaps&libraries=marker:1187
[  433603ms] [ERROR] The map is initialized without a valid Map ID, which will prevent use of Advanced Markers. @ https://maps.googleapis.com/maps/api/js?key=AIzaSyBNfAGRfS1TNlH0EmxNfegqTsiwzYk6reM&v=weekly&callback=initGoogleMaps&libraries=marker:1187
[  433874ms] [ERROR] The map is initialized without a valid Map ID, which will prevent use of Advanced Markers. @ https://maps.googleapis.com/maps/api/js?key=AIzaSyBNfAGRfS1TNlH0EmxNfegqTsiwzYk6reM&v=weekly&callback=initGoogleMaps&libraries=marker:1187
[  434068ms] [ERROR] The map is initialized without a valid Map ID, which will prevent use of Advanced Markers. @ https://maps.googleapis.com/maps/api/js?key=AIzaSyBNfAGRfS1TNlH0EmxNfegqTsiwzYk6reM&v=weekly&callback=initGoogleMaps&libraries=marker:1187
[  434124ms] [ERROR] The map is initialized without a valid Map ID, which will prevent use of Advanced Markers. @ https://maps.googleapis.com/maps/api/js?key=AIzaSyBNfAGRfS1TNlH0EmxNfegqTsiwzYk6reM&v=weekly&callback=initGoogleMaps&libraries=marker:1187
[  434613ms] [ERROR] The map is initialized without a valid Map ID, which will prevent use of Advanced Markers. @ https://maps.googleapis.com/maps/api/js?key=AIzaSyBNfAGRfS1TNlH0EmxNfegqTsiwzYk6reM&v=weekly&callback=initGoogleMaps&libraries=marker:1187
[  434736ms] [ERROR] The map is initialized without a valid Map ID, which will prevent use of Advanced Markers. @ https://maps.googleapis.com/maps/api/js?key=AIzaSyBNfAGRfS1TNlH0EmxNfegqTsiwzYk6reM&v=weekly&callback=initGoogleMaps&libraries=marker:1187
[  435097ms] [ERROR] The map is initialized without a valid Map ID, which will prevent use of Advanced Markers. @ https://maps.googleapis.com/maps/api/js?key=AIzaSyBNfAGRfS1TNlH0EmxNfegqTsiwzYk6reM&v=weekly&callback=initGoogleMaps&libraries=marker:1187
[  435796ms] [ERROR] The map is initialized without a valid Map ID, which will prevent use of Advanced Markers. @ https://maps.googleapis.com/maps/api/js?key=AIzaSyBNfAGRfS1TNlH0EmxNfegqTsiwzYk6reM&v=weekly&callback=initGoogleMaps&libraries=marker:1187
[  436205ms] [ERROR] The map is initialized without a valid Map ID, which will prevent use of Advanced Markers. @ https://maps.googleapis.com/maps/api/js?key=AIzaSyBNfAGRfS1TNlH0EmxNfegqTsiwzYk6reM&v=weekly&callback=initGoogleMaps&libraries=marker:1187
[  437805ms] [ERROR] The map is initialized without a valid Map ID, which will prevent use of Advanced Markers. @ https://maps.googleapis.com/maps/api/js?key=AIzaSyBNfAGRfS1TNlH0EmxNfegqTsiwzYk6reM&v=weekly&callback=initGoogleMaps&libraries=marker:1187
[  438956ms] [ERROR] The map is initialized without a valid Map ID, which will prevent use of Advanced Markers. @ https://maps.googleapis.com/maps/api/js?key=AIzaSyBNfAGRfS1TNlH0EmxNfegqTsiwzYk6reM&v=weekly&callback=initGoogleMaps&libraries=marker:1187
[  439480ms] [ERROR] The map is initialized without a valid Map ID, which will prevent use of Advanced Markers. @ https://maps.googleapis.com/maps/api/js?key=AIzaSyBNfAGRfS1TNlH0EmxNfegqTsiwzYk6reM&v=weekly&callback=initGoogleMaps&libraries=marker:1187
[  439808ms] [ERROR] The map is initialized without a valid Map ID, which will prevent use of Advanced Markers. @ https://maps.googleapis.com/maps/api/js?key=AIzaSyBNfAGRfS1TNlH0EmxNfegqTsiwzYk6reM&v=weekly&callback=initGoogleMaps&libraries=marker:1187
[  440196ms] [ERROR] The map is initialized without a valid Map ID, which will prevent use of Advanced Markers. @ https://maps.googleapis.com/maps/api/js?key=AIzaSyBNfAGRfS1TNlH0EmxNfegqTsiwzYk6reM&v=weekly&callback=initGoogleMaps&libraries=marker:1187
[  440425ms] [ERROR] The map is initialized without a valid Map ID, which will prevent use of Advanced Markers. @ https://maps.googleapis.com/maps/api/js?key=AIzaSyBNfAGRfS1TNlH0EmxNfegqTsiwzYk6reM&v=weekly&callback=initGoogleMaps&libraries=marker:1187
[  440553ms] [ERROR] The map is initialized without a valid Map ID, which will prevent use of Advanced Markers. @ https://maps.googleapis.com/maps/api/js?key=AIzaSyBNfAGRfS1TNlH0EmxNfegqTsiwzYk6reM&v=weekly&callback=initGoogleMaps&libraries=marker:1187
[  441087ms] [ERROR] The map is initialized without a valid Map ID, which will prevent use of Advanced Markers. @ https://maps.googleapis.com/maps/api/js?key=AIzaSyBNfAGRfS1TNlH0EmxNfegqTsiwzYk6reM&v=weekly&callback=initGoogleMaps&libraries=marker:1187
[  441597ms] [ERROR] The map is initialized without a valid Map ID, which will prevent use of Advanced Markers. @ https://maps.googleapis.com/maps/api/js?key=AIzaSyBNfAGRfS1TNlH0EmxNfegqTsiwzYk6reM&v=weekly&callback=initGoogleMaps&libraries=marker:1187
[  441887ms] [ERROR] The map is initialized without a valid Map ID, which will prevent use of Advanced Markers. @ https://maps.googleapis.com/maps/api/js?key=AIzaSyBNfAGRfS1TNlH0EmxNfegqTsiwzYk6reM&v=weekly&callback=initGoogleMaps&libraries=marker:1187
[  442198ms] [ERROR] The map is initialized without a valid Map ID, which will prevent use of Advanced Markers. @ https://maps.googleapis.com/maps/api/js?key=AIzaSyBNfAGRfS1TNlH0EmxNfegqTsiwzYk6reM&v=weekly&callback=initGoogleMaps&libraries=marker:1187
[  442670ms] [ERROR] The map is initialized without a valid Map ID, which will prevent use of Advanced Markers. @ https://maps.googleapis.com/maps/api/js?key=AIzaSyBNfAGRfS1TNlH0EmxNfegqTsiwzYk6reM&v=weekly&callback=initGoogleMaps&libraries=marker:1187
[  442921ms] [ERROR] The map is initialized without a valid Map ID, which will prevent use of Advanced Markers. @ https://maps.googleapis.com/maps/api/js?key=AIzaSyBNfAGRfS1TNlH0EmxNfegqTsiwzYk6reM&v=weekly&callback=initGoogleMaps&libraries=marker:1187
[  443223ms] [ERROR] The map is initialized without a valid Map ID, which will prevent use of Advanced Markers. @ https://maps.googleapis.com/maps/api/js?key=AIzaSyBNfAGRfS1TNlH0EmxNfegqTsiwzYk6reM&v=weekly&callback=initGoogleMaps&libraries=marker:1187
[  443588ms] [ERROR] The map is initialized without a valid Map ID, which will prevent use of Advanced Markers. @ https://maps.googleapis.com/maps/api/js?key=AIzaSyBNfAGRfS1TNlH0EmxNfegqTsiwzYk6reM&v=weekly&callback=initGoogleMaps&libraries=marker:1187
[  444056ms] [ERROR] The map is initialized without a valid Map ID, which will prevent use of Advanced Markers. @ https://maps.googleapis.com/maps/api/js?key=AIzaSyBNfAGRfS1TNlH0EmxNfegqTsiwzYk6reM&v=weekly&callback=initGoogleMaps&libraries=marker:1187
[  444482ms] [ERROR] The map is initialized without a valid Map ID, which will prevent use of Advanced Markers. @ https://maps.googleapis.com/maps/api/js?key=AIzaSyBNfAGRfS1TNlH0EmxNfegqTsiwzYk6reM&v=weekly&callback=initGoogleMaps&libraries=marker:1187
[  444812ms] [ERROR] The map is initialized without a valid Map ID, which will prevent use of Advanced Markers. @ https://maps.googleapis.com/maps/api/js?key=AIzaSyBNfAGRfS1TNlH0EmxNfegqTsiwzYk6reM&v=weekly&callback=initGoogleMaps&libraries=marker:1187
[  445289ms] [ERROR] The map is initialized without a valid Map ID, which will prevent use of Advanced Markers. @ https://maps.googleapis.com/maps/api/js?key=AIzaSyBNfAGRfS1TNlH0EmxNfegqTsiwzYk6reM&v=weekly&callback=initGoogleMaps&libraries=marker:1187
[  445701ms] [ERROR] The map is initialized without a valid Map ID, which will prevent use of Advanced Markers. @ https://maps.googleapis.com/maps/api/js?key=AIzaSyBNfAGRfS1TNlH0EmxNfegqTsiwzYk6reM&v=weekly&callback=initGoogleMaps&libraries=marker:1187
[  445981ms] [ERROR] The map is initialized without a valid Map ID, which will prevent use of Advanced Markers. @ https://maps.googleapis.com/maps/api/js?key=AIzaSyBNfAGRfS1TNlH0EmxNfegqTsiwzYk6reM&v=weekly&callback=initGoogleMaps&libraries=marker:1187
[  446144ms] [ERROR] The map is initialized without a valid Map ID, which will prevent use of Advanced Markers. @ https://maps.googleapis.com/maps/api/js?key=AIzaSyBNfAGRfS1TNlH0EmxNfegqTsiwzYk6reM&v=weekly&callback=initGoogleMaps&libraries=marker:1187
[  446677ms] [ERROR] The map is initialized without a valid Map ID, which will prevent use of Advanced Markers. @ https://maps.googleapis.com/maps/api/js?key=AIzaSyBNfAGRfS1TNlH0EmxNfegqTsiwzYk6reM&v=weekly&callback=initGoogleMaps&libraries=marker:1187
[  446818ms] [ERROR] The map is initialized without a valid Map ID, which will prevent use of Advanced Markers. @ https://maps.googleapis.com/maps/api/js?key=AIzaSyBNfAGRfS1TNlH0EmxNfegqTsiwzYk6reM&v=weekly&callback=initGoogleMaps&libraries=marker:1187
[  447367ms] [ERROR] The map is initialized without a valid Map ID, which will prevent use of Advanced Markers. @ https://maps.googleapis.com/maps/api/js?key=AIzaSyBNfAGRfS1TNlH0EmxNfegqTsiwzYk6reM&v=weekly&callback=initGoogleMaps&libraries=marker:1187
[  447503ms] [ERROR] The map is initialized without a valid Map ID, which will prevent use of Advanced Markers. @ https://maps.googleapis.com/maps/api/js?key=AIzaSyBNfAGRfS1TNlH0EmxNfegqTsiwzYk6reM&v=weekly&callback=initGoogleMaps&libraries=marker:1187
[  447608ms] [ERROR] The map is initialized without a valid Map ID, which will prevent use of Advanced Markers. @ https://maps.googleapis.com/maps/api/js?key=AIzaSyBNfAGRfS1TNlH0EmxNfegqTsiwzYk6reM&v=weekly&callback=initGoogleMaps&libraries=marker:1187
[  447891ms] [ERROR] The map is initialized without a valid Map ID, which will prevent use of Advanced Markers. @ https://maps.googleapis.com/maps/api/js?key=AIzaSyBNfAGRfS1TNlH0EmxNfegqTsiwzYk6reM&v=weekly&callback=initGoogleMaps&libraries=marker:1187
[  448209ms] [ERROR] The map is initialized without a valid Map ID, which will prevent use of Advanced Markers. @ https://maps.googleapis.com/maps/api/js?key=AIzaSyBNfAGRfS1TNlH0EmxNfegqTsiwzYk6reM&v=weekly&callback=initGoogleMaps&libraries=marker:1187
[  448619ms] [ERROR] The map is initialized without a valid Map ID, which will prevent use of Advanced Markers. @ https://maps.googleapis.com/maps/api/js?key=AIzaSyBNfAGRfS1TNlH0EmxNfegqTsiwzYk6reM&v=weekly&callback=initGoogleMaps&libraries=marker:1187
[  448828ms] [ERROR] The map is initialized without a valid Map ID, which will prevent use of Advanced Markers. @ https://maps.googleapis.com/maps/api/js?key=AIzaSyBNfAGRfS1TNlH0EmxNfegqTsiwzYk6reM&v=weekly&callback=initGoogleMaps&libraries=marker:1187
[  448993ms] [ERROR] The map is initialized without a valid Map ID, which will prevent use of Advanced Markers. @ https://maps.googleapis.com/maps/api/js?key=AIzaSyBNfAGRfS1TNlH0EmxNfegqTsiwzYk6reM&v=weekly&callback=initGoogleMaps&libraries=marker:1187
[  449219ms] [ERROR] The map is initialized without a valid Map ID, which will prevent use of Advanced Markers. @ https://maps.googleapis.com/maps/api/js?key=AIzaSyBNfAGRfS1TNlH0EmxNfegqTsiwzYk6reM&v=weekly&callback=initGoogleMaps&libraries=marker:1187
[  449404ms] [ERROR] The map is initialized without a valid Map ID, which will prevent use of Advanced Markers. @ https://maps.googleapis.com/maps/api/js?key=AIzaSyBNfAGRfS1TNlH0EmxNfegqTsiwzYk6reM&v=weekly&callback=initGoogleMaps&libraries=marker:1187
[  450014ms] [ERROR] The map is initialized without a valid Map ID, which will prevent use of Advanced Markers. @ https://maps.googleapis.com/maps/api/js?key=AIzaSyBNfAGRfS1TNlH0EmxNfegqTsiwzYk6reM&v=weekly&callback=initGoogleMaps&libraries=marker:1187
[  450581ms] [ERROR] The map is initialized without a valid Map ID, which will prevent use of Advanced Markers. @ https://maps.googleapis.com/maps/api/js?key=AIzaSyBNfAGRfS1TNlH0EmxNfegqTsiwzYk6reM&v=weekly&callback=initGoogleMaps&libraries=marker:1187
[  450945ms] [ERROR] The map is initialized without a valid Map ID, which will prevent use of Advanced Markers. @ https://maps.googleapis.com/maps/api/js?key=AIzaSyBNfAGRfS1TNlH0EmxNfegqTsiwzYk6reM&v=weekly&callback=initGoogleMaps&libraries=marker:1187
[  451316ms] [ERROR] The map is initialized without a valid Map ID, which will prevent use of Advanced Markers. @ https://maps.googleapis.com/maps/api/js?key=AIzaSyBNfAGRfS1TNlH0EmxNfegqTsiwzYk6reM&v=weekly&callback=initGoogleMaps&libraries=marker:1187
[  451688ms] [ERROR] The map is initialized without a valid Map ID, which will prevent use of Advanced Markers. @ https://maps.googleapis.com/maps/api/js?key=AIzaSyBNfAGRfS1TNlH0EmxNfegqTsiwzYk6reM&v=weekly&callback=initGoogleMaps&libraries=marker:1187
[  451886ms] [ERROR] The map is initialized without a valid Map ID, which will prevent use of Advanced Markers. @ https://maps.googleapis.com/maps/api/js?key=AIzaSyBNfAGRfS1TNlH0EmxNfegqTsiwzYk6reM&v=weekly&callback=initGoogleMaps&libraries=marker:1187
[  452244ms] [ERROR] The map is initialized without a valid Map ID, which will prevent use of Advanced Markers. @ https://maps.googleapis.com/maps/api/js?key=AIzaSyBNfAGRfS1TNlH0EmxNfegqTsiwzYk6reM&v=weekly&callback=initGoogleMaps&libraries=marker:1187
[  452383ms] [ERROR] The map is initialized without a valid Map ID, which will prevent use of Advanced Markers. @ https://maps.googleapis.com/maps/api/js?key=AIzaSyBNfAGRfS1TNlH0EmxNfegqTsiwzYk6reM&v=weekly&callback=initGoogleMaps&libraries=marker:1187
[  452768ms] [ERROR] The map is initialized without a valid Map ID, which will prevent use of Advanced Markers. @ https://maps.googleapis.com/maps/api/js?key=AIzaSyBNfAGRfS1TNlH0EmxNfegqTsiwzYk6reM&v=weekly&callback=initGoogleMaps&libraries=marker:1187
[  453299ms] [ERROR] The map is initialized without a valid Map ID, which will prevent use of Advanced Markers. @ https://maps.googleapis.com/maps/api/js?key=AIzaSyBNfAGRfS1TNlH0EmxNfegqTsiwzYk6reM&v=weekly&callback=initGoogleMaps&libraries=marker:1187
[  453785ms] [ERROR] The map is initialized without a valid Map ID, which will prevent use of Advanced Markers. @ https://maps.googleapis.com/maps/api/js?key=AIzaSyBNfAGRfS1TNlH0EmxNfegqTsiwzYk6reM&v=weekly&callback=initGoogleMaps&libraries=marker:1187
[  453996ms] [ERROR] The map is initialized without a valid Map ID, which will prevent use of Advanced Markers. @ https://maps.googleapis.com/maps/api/js?key=AIzaSyBNfAGRfS1TNlH0EmxNfegqTsiwzYk6reM&v=weekly&callback=initGoogleMaps&libraries=marker:1187
[  454270ms] [ERROR] The map is initialized without a valid Map ID, which will prevent use of Advanced Markers. @ https://maps.googleapis.com/maps/api/js?key=AIzaSyBNfAGRfS1TNlH0EmxNfegqTsiwzYk6reM&v=weekly&callback=initGoogleMaps&libraries=marker:1187
[  454568ms] [ERROR] The map is initialized without a valid Map ID, which will prevent use of Advanced Markers. @ https://maps.googleapis.com/maps/api/js?key=AIzaSyBNfAGRfS1TNlH0EmxNfegqTsiwzYk6reM&v=weekly&callback=initGoogleMaps&libraries=marker:1187
[  454901ms] [ERROR] The map is initialized without a valid Map ID, which will prevent use of Advanced Markers. @ https://maps.googleapis.com/maps/api/js?key=AIzaSyBNfAGRfS1TNlH0EmxNfegqTsiwzYk6reM&v=weekly&callback=initGoogleMaps&libraries=marker:1187
[  455584ms] [ERROR] The map is initialized without a valid Map ID, which will prevent use of Advanced Markers. @ https://maps.googleapis.com/maps/api/js?key=AIzaSyBNfAGRfS1TNlH0EmxNfegqTsiwzYk6reM&v=weekly&callback=initGoogleMaps&libraries=marker:1187
[  455704ms] [ERROR] The map is initialized without a valid Map ID, which will prevent use of Advanced Markers. @ https://maps.googleapis.com/maps/api/js?key=AIzaSyBNfAGRfS1TNlH0EmxNfegqTsiwzYk6reM&v=weekly&callback=initGoogleMaps&libraries=marker:1187
[  455981ms] [ERROR] The map is initialized without a valid Map ID, which will prevent use of Advanced Markers. @ https://maps.googleapis.com/maps/api/js?key=AIzaSyBNfAGRfS1TNlH0EmxNfegqTsiwzYk6reM&v=weekly&callback=initGoogleMaps&libraries=marker:1187
[  456417ms] [ERROR] The map is initialized without a valid Map ID, which will prevent use of Advanced Markers. @ https://maps.googleapis.com/maps/api/js?key=AIzaSyBNfAGRfS1TNlH0EmxNfegqTsiwzYk6reM&v=weekly&callback=initGoogleMaps&libraries=marker:1187
[  456800ms] [ERROR] The map is initialized without a valid Map ID, which will prevent use of Advanced Markers. @ https://maps.googleapis.com/maps/api/js?key=AIzaSyBNfAGRfS1TNlH0EmxNfegqTsiwzYk6reM&v=weekly&callback=initGoogleMaps&libraries=marker:1187
[  457102ms] [ERROR] The map is initialized without a valid Map ID, which will prevent use of Advanced Markers. @ https://maps.googleapis.com/maps/api/js?key=AIzaSyBNfAGRfS1TNlH0EmxNfegqTsiwzYk6reM&v=weekly&callback=initGoogleMaps&libraries=marker:1187
[  457378ms] [ERROR] The map is initialized without a valid Map ID, which will prevent use of Advanced Markers. @ https://maps.googleapis.com/maps/api/js?key=AIzaSyBNfAGRfS1TNlH0EmxNfegqTsiwzYk6reM&v=weekly&callback=initGoogleMaps&libraries=marker:1187
[  457594ms] [ERROR] The map is initialized without a valid Map ID, which will prevent use of Advanced Markers. @ https://maps.googleapis.com/maps/api/js?key=AIzaSyBNfAGRfS1TNlH0EmxNfegqTsiwzYk6reM&v=weekly&callback=initGoogleMaps&libraries=marker:1187
[  457799ms] [ERROR] The map is initialized without a valid Map ID, which will prevent use of Advanced Markers. @ https://maps.googleapis.com/maps/api/js?key=AIzaSyBNfAGRfS1TNlH0EmxNfegqTsiwzYk6reM&v=weekly&callback=initGoogleMaps&libraries=marker:1187
[  458216ms] [ERROR] The map is initialized without a valid Map ID, which will prevent use of Advanced Markers. @ https://maps.googleapis.com/maps/api/js?key=AIzaSyBNfAGRfS1TNlH0EmxNfegqTsiwzYk6reM&v=weekly&callback=initGoogleMaps&libraries=marker:1187
[  458665ms] [ERROR] The map is initialized without a valid Map ID, which will prevent use of Advanced Markers. @ https://maps.googleapis.com/maps/api/js?key=AIzaSyBNfAGRfS1TNlH0EmxNfegqTsiwzYk6reM&v=weekly&callback=initGoogleMaps&libraries=marker:1187
[  458890ms] [ERROR] The map is initialized without a valid Map ID, which will prevent use of Advanced Markers. @ https://maps.googleapis.com/maps/api/js?key=AIzaSyBNfAGRfS1TNlH0EmxNfegqTsiwzYk6reM&v=weekly&callback=initGoogleMaps&libraries=marker:1187
[  459287ms] [ERROR] The map is initialized without a valid Map ID, which will prevent use of Advanced Markers. @ https://maps.googleapis.com/maps/api/js?key=AIzaSyBNfAGRfS1TNlH0EmxNfegqTsiwzYk6reM&v=weekly&callback=initGoogleMaps&libraries=marker:1187
[  459768ms] [ERROR] The map is initialized without a valid Map ID, which will prevent use of Advanced Markers. @ https://maps.googleapis.com/maps/api/js?key=AIzaSyBNfAGRfS1TNlH0EmxNfegqTsiwzYk6reM&v=weekly&callback=initGoogleMaps&libraries=marker:1187
[  459889ms] [ERROR] The map is initialized without a valid Map ID, which will prevent use of Advanced Markers. @ https://maps.googleapis.com/maps/api/js?key=AIzaSyBNfAGRfS1TNlH0EmxNfegqTsiwzYk6reM&v=weekly&callback=initGoogleMaps&libraries=marker:1187
[  460386ms] [ERROR] The map is initialized without a valid Map ID, which will prevent use of Advanced Markers. @ https://maps.googleapis.com/maps/api/js?key=AIzaSyBNfAGRfS1TNlH0EmxNfegqTsiwzYk6reM&v=weekly&callback=initGoogleMaps&libraries=marker:1187
[  460668ms] [ERROR] The map is initialized without a valid Map ID, which will prevent use of Advanced Markers. @ https://maps.googleapis.com/maps/api/js?key=AIzaSyBNfAGRfS1TNlH0EmxNfegqTsiwzYk6reM&v=weekly&callback=initGoogleMaps&libraries=marker:1187
[  460982ms] [ERROR] The map is initialized without a valid Map ID, which will prevent use of Advanced Markers. @ https://maps.googleapis.com/maps/api/js?key=AIzaSyBNfAGRfS1TNlH0EmxNfegqTsiwzYk6reM&v=weekly&callback=initGoogleMaps&libraries=marker:1187
[  461379ms] [ERROR] The map is initialized without a valid Map ID, which will prevent use of Advanced Markers. @ https://maps.googleapis.com/maps/api/js?key=AIzaSyBNfAGRfS1TNlH0EmxNfegqTsiwzYk6reM&v=weekly&callback=initGoogleMaps&libraries=marker:1187
[  461987ms] [ERROR] The map is initialized without a valid Map ID, which will prevent use of Advanced Markers. @ https://maps.googleapis.com/maps/api/js?key=AIzaSyBNfAGRfS1TNlH0EmxNfegqTsiwzYk6reM&v=weekly&callback=initGoogleMaps&libraries=marker:1187
[  462472ms] [ERROR] The map is initialized without a valid Map ID, which will prevent use of Advanced Markers. @ https://maps.googleapis.com/maps/api/js?key=AIzaSyBNfAGRfS1TNlH0EmxNfegqTsiwzYk6reM&v=weekly&callback=initGoogleMaps&libraries=marker:1187
[  462780ms] [ERROR] The map is initialized without a valid Map ID, which will prevent use of Advanced Markers. @ https://maps.googleapis.com/maps/api/js?key=AIzaSyBNfAGRfS1TNlH0EmxNfegqTsiwzYk6reM&v=weekly&callback=initGoogleMaps&libraries=marker:1187
[  463079ms] [ERROR] The map is initialized without a valid Map ID, which will prevent use of Advanced Markers. @ https://maps.googleapis.com/maps/api/js?key=AIzaSyBNfAGRfS1TNlH0EmxNfegqTsiwzYk6reM&v=weekly&callback=initGoogleMaps&libraries=marker:1187
[  463694ms] [ERROR] The map is initialized without a valid Map ID, which will prevent use of Advanced Markers. @ https://maps.googleapis.com/maps/api/js?key=AIzaSyBNfAGRfS1TNlH0EmxNfegqTsiwzYk6reM&v=weekly&callback=initGoogleMaps&libraries=marker:1187
[  463990ms] [ERROR] The map is initialized without a valid Map ID, which will prevent use of Advanced Markers. @ https://maps.googleapis.com/maps/api/js?key=AIzaSyBNfAGRfS1TNlH0EmxNfegqTsiwzYk6reM&v=weekly&callback=initGoogleMaps&libraries=marker:1187
[  464276ms] [ERROR] The map is initialized without a valid Map ID, which will prevent use of Advanced Markers. @ https://maps.googleapis.com/maps/api/js?key=AIzaSyBNfAGRfS1TNlH0EmxNfegqTsiwzYk6reM&v=weekly&callback=initGoogleMaps&libraries=marker:1187
[  464619ms] [ERROR] The map is initialized without a valid Map ID, which will prevent use of Advanced Markers. @ https://maps.googleapis.com/maps/api/js?key=AIzaSyBNfAGRfS1TNlH0EmxNfegqTsiwzYk6reM&v=weekly&callback=initGoogleMaps&libraries=marker:1187
[  464693ms] [ERROR] The map is initialized without a valid Map ID, which will prevent use of Advanced Markers. @ https://maps.googleapis.com/maps/api/js?key=AIzaSyBNfAGRfS1TNlH0EmxNfegqTsiwzYk6reM&v=weekly&callback=initGoogleMaps&libraries=marker:1187
[  464907ms] [ERROR] The map is initialized without a valid Map ID, which will prevent use of Advanced Markers. @ https://maps.googleapis.com/maps/api/js?key=AIzaSyBNfAGRfS1TNlH0EmxNfegqTsiwzYk6reM&v=weekly&callback=initGoogleMaps&libraries=marker:1187
[  465382ms] [ERROR] The map is initialized without a valid Map ID, which will prevent use of Advanced Markers. @ https://maps.googleapis.com/maps/api/js?key=AIzaSyBNfAGRfS1TNlH0EmxNfegqTsiwzYk6reM&v=weekly&callback=initGoogleMaps&libraries=marker:1187
[  465685ms] [ERROR] The map is initialized without a valid Map ID, which will prevent use of Advanced Markers. @ https://maps.googleapis.com/maps/api/js?key=AIzaSyBNfAGRfS1TNlH0EmxNfegqTsiwzYk6reM&v=weekly&callback=initGoogleMaps&libraries=marker:1187
[  465985ms] [ERROR] The map is initialized without a valid Map ID, which will prevent use of Advanced Markers. @ https://maps.googleapis.com/maps/api/js?key=AIzaSyBNfAGRfS1TNlH0EmxNfegqTsiwzYk6reM&v=weekly&callback=initGoogleMaps&libraries=marker:1187
[  466233ms] [ERROR] The map is initialized without a valid Map ID, which will prevent use of Advanced Markers. @ https://maps.googleapis.com/maps/api/js?key=AIzaSyBNfAGRfS1TNlH0EmxNfegqTsiwzYk6reM&v=weekly&callback=initGoogleMaps&libraries=marker:1187
[  466665ms] [ERROR] The map is initialized without a valid Map ID, which will prevent use of Advanced Markers. @ https://maps.googleapis.com/maps/api/js?key=AIzaSyBNfAGRfS1TNlH0EmxNfegqTsiwzYk6reM&v=weekly&callback=initGoogleMaps&libraries=marker:1187
[  466792ms] [ERROR] The map is initialized without a valid Map ID, which will prevent use of Advanced Markers. @ https://maps.googleapis.com/maps/api/js?key=AIzaSyBNfAGRfS1TNlH0EmxNfegqTsiwzYk6reM&v=weekly&callback=initGoogleMaps&libraries=marker:1187
[  467102ms] [ERROR] The map is initialized without a valid Map ID, which will prevent use of Advanced Markers. @ https://maps.googleapis.com/maps/api/js?key=AIzaSyBNfAGRfS1TNlH0EmxNfegqTsiwzYk6reM&v=weekly&callback=initGoogleMaps&libraries=marker:1187
[  467483ms] [ERROR] The map is initialized without a valid Map ID, which will prevent use of Advanced Markers. @ https://maps.googleapis.com/maps/api/js?key=AIzaSyBNfAGRfS1TNlH0EmxNfegqTsiwzYk6reM&v=weekly&callback=initGoogleMaps&libraries=marker:1187
[  467804ms] [ERROR] The map is initialized without a valid Map ID, which will prevent use of Advanced Markers. @ https://maps.googleapis.com/maps/api/js?key=AIzaSyBNfAGRfS1TNlH0EmxNfegqTsiwzYk6reM&v=weekly&callback=initGoogleMaps&libraries=marker:1187
[  467904ms] [ERROR] The map is initialized without a valid Map ID, which will prevent use of Advanced Markers. @ https://maps.googleapis.com/maps/api/js?key=AIzaSyBNfAGRfS1TNlH0EmxNfegqTsiwzYk6reM&v=weekly&callback=initGoogleMaps&libraries=marker:1187
[  468330ms] [ERROR] The map is initialized without a valid Map ID, which will prevent use of Advanced Markers. @ https://maps.googleapis.com/maps/api/js?key=AIzaSyBNfAGRfS1TNlH0EmxNfegqTsiwzYk6reM&v=weekly&callback=initGoogleMaps&libraries=marker:1187
[  468668ms] [ERROR] The map is initialized without a valid Map ID, which will prevent use of Advanced Markers. @ https://maps.googleapis.com/maps/api/js?key=AIzaSyBNfAGRfS1TNlH0EmxNfegqTsiwzYk6reM&v=weekly&callback=initGoogleMaps&libraries=marker:1187
[  468791ms] [ERROR] The map is initialized without a valid Map ID, which will prevent use of Advanced Markers. @ https://maps.googleapis.com/maps/api/js?key=AIzaSyBNfAGRfS1TNlH0EmxNfegqTsiwzYk6reM&v=weekly&callback=initGoogleMaps&libraries=marker:1187
[  469278ms] [ERROR] The map is initialized without a valid Map ID, which will prevent use of Advanced Markers. @ https://maps.googleapis.com/maps/api/js?key=AIzaSyBNfAGRfS1TNlH0EmxNfegqTsiwzYk6reM&v=weekly&callback=initGoogleMaps&libraries=marker:1187
[  469488ms] [ERROR] The map is initialized without a valid Map ID, which will prevent use of Advanced Markers. @ https://maps.googleapis.com/maps/api/js?key=AIzaSyBNfAGRfS1TNlH0EmxNfegqTsiwzYk6reM&v=weekly&callback=initGoogleMaps&libraries=marker:1187
[  469793ms] [ERROR] The map is initialized without a valid Map ID, which will prevent use of Advanced Markers. @ https://maps.googleapis.com/maps/api/js?key=AIzaSyBNfAGRfS1TNlH0EmxNfegqTsiwzYk6reM&v=weekly&callback=initGoogleMaps&libraries=marker:1187
[  470190ms] [ERROR] The map is initialized without a valid Map ID, which will prevent use of Advanced Markers. @ https://maps.googleapis.com/maps/api/js?key=AIzaSyBNfAGRfS1TNlH0EmxNfegqTsiwzYk6reM&v=weekly&callback=initGoogleMaps&libraries=marker:1187
[  470576ms] [ERROR] The map is initialized without a valid Map ID, which will prevent use of Advanced Markers. @ https://maps.googleapis.com/maps/api/js?key=AIzaSyBNfAGRfS1TNlH0EmxNfegqTsiwzYk6reM&v=weekly&callback=initGoogleMaps&libraries=marker:1187
[  470773ms] [ERROR] The map is initialized without a valid Map ID, which will prevent use of Advanced Markers. @ https://maps.googleapis.com/maps/api/js?key=AIzaSyBNfAGRfS1TNlH0EmxNfegqTsiwzYk6reM&v=weekly&callback=initGoogleMaps&libraries=marker:1187
[  471110ms] [ERROR] The map is initialized without a valid Map ID, which will prevent use of Advanced Markers. @ https://maps.googleapis.com/maps/api/js?key=AIzaSyBNfAGRfS1TNlH0EmxNfegqTsiwzYk6reM&v=weekly&callback=initGoogleMaps&libraries=marker:1187
[  471196ms] [ERROR] The map is initialized without a valid Map ID, which will prevent use of Advanced Markers. @ https://maps.googleapis.com/maps/api/js?key=AIzaSyBNfAGRfS1TNlH0EmxNfegqTsiwzYk6reM&v=weekly&callback=initGoogleMaps&libraries=marker:1187
[  471500ms] [ERROR] The map is initialized without a valid Map ID, which will prevent use of Advanced Markers. @ https://maps.googleapis.com/maps/api/js?key=AIzaSyBNfAGRfS1TNlH0EmxNfegqTsiwzYk6reM&v=weekly&callback=initGoogleMaps&libraries=marker:1187
[  471902ms] [ERROR] The map is initialized without a valid Map ID, which will prevent use of Advanced Markers. @ https://maps.googleapis.com/maps/api/js?key=AIzaSyBNfAGRfS1TNlH0EmxNfegqTsiwzYk6reM&v=weekly&callback=initGoogleMaps&libraries=marker:1187
[  472287ms] [ERROR] The map is initialized without a valid Map ID, which will prevent use of Advanced Markers. @ https://maps.googleapis.com/maps/api/js?key=AIzaSyBNfAGRfS1TNlH0EmxNfegqTsiwzYk6reM&v=weekly&callback=initGoogleMaps&libraries=marker:1187
[  472584ms] [ERROR] The map is initialized without a valid Map ID, which will prevent use of Advanced Markers. @ https://maps.googleapis.com/maps/api/js?key=AIzaSyBNfAGRfS1TNlH0EmxNfegqTsiwzYk6reM&v=weekly&callback=initGoogleMaps&libraries=marker:1187
[  472884ms] [ERROR] The map is initialized without a valid Map ID, which will prevent use of Advanced Markers. @ https://maps.googleapis.com/maps/api/js?key=AIzaSyBNfAGRfS1TNlH0EmxNfegqTsiwzYk6reM&v=weekly&callback=initGoogleMaps&libraries=marker:1187
[  472999ms] [ERROR] The map is initialized without a valid Map ID, which will prevent use of Advanced Markers. @ https://maps.googleapis.com/maps/api/js?key=AIzaSyBNfAGRfS1TNlH0EmxNfegqTsiwzYk6reM&v=weekly&callback=initGoogleMaps&libraries=marker:1187
[  473680ms] [ERROR] The map is initialized without a valid Map ID, which will prevent use of Advanced Markers. @ https://maps.googleapis.com/maps/api/js?key=AIzaSyBNfAGRfS1TNlH0EmxNfegqTsiwzYk6reM&v=weekly&callback=initGoogleMaps&libraries=marker:1187
[  474886ms] [ERROR] The map is initialized without a valid Map ID, which will prevent use of Advanced Markers. @ https://maps.googleapis.com/maps/api/js?key=AIzaSyBNfAGRfS1TNlH0EmxNfegqTsiwzYk6reM&v=weekly&callback=initGoogleMaps&libraries=marker:1187
[  475295ms] [ERROR] The map is initialized without a valid Map ID, which will prevent use of Advanced Markers. @ https://maps.googleapis.com/maps/api/js?key=AIzaSyBNfAGRfS1TNlH0EmxNfegqTsiwzYk6reM&v=weekly&callback=initGoogleMaps&libraries=marker:1187
[  475806ms] [ERROR] The map is initialized without a valid Map ID, which will prevent use of Advanced Markers. @ https://maps.googleapis.com/maps/api/js?key=AIzaSyBNfAGRfS1TNlH0EmxNfegqTsiwzYk6reM&v=weekly&callback=initGoogleMaps&libraries=marker:1187
[  476214ms] [ERROR] The map is initialized without a valid Map ID, which will prevent use of Advanced Markers. @ https://maps.googleapis.com/maps/api/js?key=AIzaSyBNfAGRfS1TNlH0EmxNfegqTsiwzYk6reM&v=weekly&callback=initGoogleMaps&libraries=marker:1187
[  476469ms] [ERROR] The map is initialized without a valid Map ID, which will prevent use of Advanced Markers. @ https://maps.googleapis.com/maps/api/js?key=AIzaSyBNfAGRfS1TNlH0EmxNfegqTsiwzYk6reM&v=weekly&callback=initGoogleMaps&libraries=marker:1187
[  476599ms] [ERROR] The map is initialized without a valid Map ID, which will prevent use of Advanced Markers. @ https://maps.googleapis.com/maps/api/js?key=AIzaSyBNfAGRfS1TNlH0EmxNfegqTsiwzYk6reM&v=weekly&callback=initGoogleMaps&libraries=marker:1187
[  476796ms] [ERROR] The map is initialized without a valid Map ID, which will prevent use of Advanced Markers. @ https://maps.googleapis.com/maps/api/js?key=AIzaSyBNfAGRfS1TNlH0EmxNfegqTsiwzYk6reM&v=weekly&callback=initGoogleMaps&libraries=marker:1187
[  476876ms] [ERROR] The map is initialized without a valid Map ID, which will prevent use of Advanced Markers. @ https://maps.googleapis.com/maps/api/js?key=AIzaSyBNfAGRfS1TNlH0EmxNfegqTsiwzYk6reM&v=weekly&callback=initGoogleMaps&libraries=marker:1187
[  477228ms] [ERROR] The map is initialized without a valid Map ID, which will prevent use of Advanced Markers. @ https://maps.googleapis.com/maps/api/js?key=AIzaSyBNfAGRfS1TNlH0EmxNfegqTsiwzYk6reM&v=weekly&callback=initGoogleMaps&libraries=marker:1187
[  477585ms] [ERROR] The map is initialized without a valid Map ID, which will prevent use of Advanced Markers. @ https://maps.googleapis.com/maps/api/js?key=AIzaSyBNfAGRfS1TNlH0EmxNfegqTsiwzYk6reM&v=weekly&callback=initGoogleMaps&libraries=marker:1187
[  477771ms] [ERROR] The map is initialized without a valid Map ID, which will prevent use of Advanced Markers. @ https://maps.googleapis.com/maps/api/js?key=AIzaSyBNfAGRfS1TNlH0EmxNfegqTsiwzYk6reM&v=weekly&callback=initGoogleMaps&libraries=marker:1187
[  477988ms] [ERROR] The map is initialized without a valid Map ID, which will prevent use of Advanced Markers. @ https://maps.googleapis.com/maps/api/js?key=AIzaSyBNfAGRfS1TNlH0EmxNfegqTsiwzYk6reM&v=weekly&callback=initGoogleMaps&libraries=marker:1187
[  478191ms] [ERROR] The map is initialized without a valid Map ID, which will prevent use of Advanced Markers. @ https://maps.googleapis.com/maps/api/js?key=AIzaSyBNfAGRfS1TNlH0EmxNfegqTsiwzYk6reM&v=weekly&callback=initGoogleMaps&libraries=marker:1187
[  478494ms] [ERROR] The map is initialized without a valid Map ID, which will prevent use of Advanced Markers. @ https://maps.googleapis.com/maps/api/js?key=AIzaSyBNfAGRfS1TNlH0EmxNfegqTsiwzYk6reM&v=weekly&callback=initGoogleMaps&libraries=marker:1187
[  478709ms] [ERROR] The map is initialized without a valid Map ID, which will prevent use of Advanced Markers. @ https://maps.googleapis.com/maps/api/js?key=AIzaSyBNfAGRfS1TNlH0EmxNfegqTsiwzYk6reM&v=weekly&callback=initGoogleMaps&libraries=marker:1187
[  478875ms] [ERROR] The map is initialized without a valid Map ID, which will prevent use of Advanced Markers. @ https://maps.googleapis.com/maps/api/js?key=AIzaSyBNfAGRfS1TNlH0EmxNfegqTsiwzYk6reM&v=weekly&callback=initGoogleMaps&libraries=marker:1187
[  479307ms] [ERROR] The map is initialized without a valid Map ID, which will prevent use of Advanced Markers. @ https://maps.googleapis.com/maps/api/js?key=AIzaSyBNfAGRfS1TNlH0EmxNfegqTsiwzYk6reM&v=weekly&callback=initGoogleMaps&libraries=marker:1187
[  479489ms] [ERROR] The map is initialized without a valid Map ID, which will prevent use of Advanced Markers. @ https://maps.googleapis.com/maps/api/js?key=AIzaSyBNfAGRfS1TNlH0EmxNfegqTsiwzYk6reM&v=weekly&callback=initGoogleMaps&libraries=marker:1187
[  479772ms] [ERROR] The map is initialized without a valid Map ID, which will prevent use of Advanced Markers. @ https://maps.googleapis.com/maps/api/js?key=AIzaSyBNfAGRfS1TNlH0EmxNfegqTsiwzYk6reM&v=weekly&callback=initGoogleMaps&libraries=marker:1187
[  480087ms] [ERROR] The map is initialized without a valid Map ID, which will prevent use of Advanced Markers. @ https://maps.googleapis.com/maps/api/js?key=AIzaSyBNfAGRfS1TNlH0EmxNfegqTsiwzYk6reM&v=weekly&callback=initGoogleMaps&libraries=marker:1187
[  480431ms] [ERROR] The map is initialized without a valid Map ID, which will prevent use of Advanced Markers. @ https://maps.googleapis.com/maps/api/js?key=AIzaSyBNfAGRfS1TNlH0EmxNfegqTsiwzYk6reM&v=weekly&callback=initGoogleMaps&libraries=marker:1187
[  480703ms] [ERROR] The map is initialized without a valid Map ID, which will prevent use of Advanced Markers. @ https://maps.googleapis.com/maps/api/js?key=AIzaSyBNfAGRfS1TNlH0EmxNfegqTsiwzYk6reM&v=weekly&callback=initGoogleMaps&libraries=marker:1187
[  481008ms] [ERROR] The map is initialized without a valid Map ID, which will prevent use of Advanced Markers. @ https://maps.googleapis.com/maps/api/js?key=AIzaSyBNfAGRfS1TNlH0EmxNfegqTsiwzYk6reM&v=weekly&callback=initGoogleMaps&libraries=marker:1187
[  481184ms] [ERROR] The map is initialized without a valid Map ID, which will prevent use of Advanced Markers. @ https://maps.googleapis.com/maps/api/js?key=AIzaSyBNfAGRfS1TNlH0EmxNfegqTsiwzYk6reM&v=weekly&callback=initGoogleMaps&libraries=marker:1187
[  481600ms] [ERROR] The map is initialized without a valid Map ID, which will prevent use of Advanced Markers. @ https://maps.googleapis.com/maps/api/js?key=AIzaSyBNfAGRfS1TNlH0EmxNfegqTsiwzYk6reM&v=weekly&callback=initGoogleMaps&libraries=marker:1187
[  481875ms] [ERROR] The map is initialized without a valid Map ID, which will prevent use of Advanced Markers. @ https://maps.googleapis.com/maps/api/js?key=AIzaSyBNfAGRfS1TNlH0EmxNfegqTsiwzYk6reM&v=weekly&callback=initGoogleMaps&libraries=marker:1187
[  482083ms] [ERROR] The map is initialized without a valid Map ID, which will prevent use of Advanced Markers. @ https://maps.googleapis.com/maps/api/js?key=AIzaSyBNfAGRfS1TNlH0EmxNfegqTsiwzYk6reM&v=weekly&callback=initGoogleMaps&libraries=marker:1187
[  482376ms] [ERROR] The map is initialized without a valid Map ID, which will prevent use of Advanced Markers. @ https://maps.googleapis.com/maps/api/js?key=AIzaSyBNfAGRfS1TNlH0EmxNfegqTsiwzYk6reM&v=weekly&callback=initGoogleMaps&libraries=marker:1187
[  482632ms] [ERROR] The map is initialized without a valid Map ID, which will prevent use of Advanced Markers. @ https://maps.googleapis.com/maps/api/js?key=AIzaSyBNfAGRfS1TNlH0EmxNfegqTsiwzYk6reM&v=weekly&callback=initGoogleMaps&libraries=marker:1187
[  482900ms] [ERROR] The map is initialized without a valid Map ID, which will prevent use of Advanced Markers. @ https://maps.googleapis.com/maps/api/js?key=AIzaSyBNfAGRfS1TNlH0EmxNfegqTsiwzYk6reM&v=weekly&callback=initGoogleMaps&libraries=marker:1187
[  483377ms] [ERROR] The map is initialized without a valid Map ID, which will prevent use of Advanced Markers. @ https://maps.googleapis.com/maps/api/js?key=AIzaSyBNfAGRfS1TNlH0EmxNfegqTsiwzYk6reM&v=weekly&callback=initGoogleMaps&libraries=marker:1187
[  483489ms] [ERROR] The map is initialized without a valid Map ID, which will prevent use of Advanced Markers. @ https://maps.googleapis.com/maps/api/js?key=AIzaSyBNfAGRfS1TNlH0EmxNfegqTsiwzYk6reM&v=weekly&callback=initGoogleMaps&libraries=marker:1187
[  483837ms] [ERROR] The map is initialized without a valid Map ID, which will prevent use of Advanced Markers. @ https://maps.googleapis.com/maps/api/js?key=AIzaSyBNfAGRfS1TNlH0EmxNfegqTsiwzYk6reM&v=weekly&callback=initGoogleMaps&libraries=marker:1187
[  484113ms] [ERROR] The map is initialized without a valid Map ID, which will prevent use of Advanced Markers. @ https://maps.googleapis.com/maps/api/js?key=AIzaSyBNfAGRfS1TNlH0EmxNfegqTsiwzYk6reM&v=weekly&callback=initGoogleMaps&libraries=marker:1187
[  484280ms] [ERROR] The map is initialized without a valid Map ID, which will prevent use of Advanced Markers. @ https://maps.googleapis.com/maps/api/js?key=AIzaSyBNfAGRfS1TNlH0EmxNfegqTsiwzYk6reM&v=weekly&callback=initGoogleMaps&libraries=marker:1187
[  484699ms] [ERROR] The map is initialized without a valid Map ID, which will prevent use of Advanced Markers. @ https://maps.googleapis.com/maps/api/js?key=AIzaSyBNfAGRfS1TNlH0EmxNfegqTsiwzYk6reM&v=weekly&callback=initGoogleMaps&libraries=marker:1187
[  485395ms] [ERROR] The map is initialized without a valid Map ID, which will prevent use of Advanced Markers. @ https://maps.googleapis.com/maps/api/js?key=AIzaSyBNfAGRfS1TNlH0EmxNfegqTsiwzYk6reM&v=weekly&callback=initGoogleMaps&libraries=marker:1187
[  485612ms] [ERROR] The map is initialized without a valid Map ID, which will prevent use of Advanced Markers. @ https://maps.googleapis.com/maps/api/js?key=AIzaSyBNfAGRfS1TNlH0EmxNfegqTsiwzYk6reM&v=weekly&callback=initGoogleMaps&libraries=marker:1187
[  485785ms] [ERROR] The map is initialized without a valid Map ID, which will prevent use of Advanced Markers. @ https://maps.googleapis.com/maps/api/js?key=AIzaSyBNfAGRfS1TNlH0EmxNfegqTsiwzYk6reM&v=weekly&callback=initGoogleMaps&libraries=marker:1187
[  486029ms] [ERROR] The map is initialized without a valid Map ID, which will prevent use of Advanced Markers. @ https://maps.googleapis.com/maps/api/js?key=AIzaSyBNfAGRfS1TNlH0EmxNfegqTsiwzYk6reM&v=weekly&callback=initGoogleMaps&libraries=marker:1187
[  486292ms] [ERROR] The map is initialized without a valid Map ID, which will prevent use of Advanced Markers. @ https://maps.googleapis.com/maps/api/js?key=AIzaSyBNfAGRfS1TNlH0EmxNfegqTsiwzYk6reM&v=weekly&callback=initGoogleMaps&libraries=marker:1187
[  486589ms] [ERROR] The map is initialized without a valid Map ID, which will prevent use of Advanced Markers. @ https://maps.googleapis.com/maps/api/js?key=AIzaSyBNfAGRfS1TNlH0EmxNfegqTsiwzYk6reM&v=weekly&callback=initGoogleMaps&libraries=marker:1187
[  487089ms] [ERROR] The map is initialized without a valid Map ID, which will prevent use of Advanced Markers. @ https://maps.googleapis.com/maps/api/js?key=AIzaSyBNfAGRfS1TNlH0EmxNfegqTsiwzYk6reM&v=weekly&callback=initGoogleMaps&libraries=marker:1187
[  487384ms] [ERROR] The map is initialized without a valid Map ID, which will prevent use of Advanced Markers. @ https://maps.googleapis.com/maps/api/js?key=AIzaSyBNfAGRfS1TNlH0EmxNfegqTsiwzYk6reM&v=weekly&callback=initGoogleMaps&libraries=marker:1187
[  487718ms] [ERROR] The map is initialized without a valid Map ID, which will prevent use of Advanced Markers. @ https://maps.googleapis.com/maps/api/js?key=AIzaSyBNfAGRfS1TNlH0EmxNfegqTsiwzYk6reM&v=weekly&callback=initGoogleMaps&libraries=marker:1187
[  487942ms] [ERROR] The map is initialized without a valid Map ID, which will prevent use of Advanced Markers. @ https://maps.googleapis.com/maps/api/js?key=AIzaSyBNfAGRfS1TNlH0EmxNfegqTsiwzYk6reM&v=weekly&callback=initGoogleMaps&libraries=marker:1187
[  488089ms] [ERROR] The map is initialized without a valid Map ID, which will prevent use of Advanced Markers. @ https://maps.googleapis.com/maps/api/js?key=AIzaSyBNfAGRfS1TNlH0EmxNfegqTsiwzYk6reM&v=weekly&callback=initGoogleMaps&libraries=marker:1187
[  488225ms] [ERROR] The map is initialized without a valid Map ID, which will prevent use of Advanced Markers. @ https://maps.googleapis.com/maps/api/js?key=AIzaSyBNfAGRfS1TNlH0EmxNfegqTsiwzYk6reM&v=weekly&callback=initGoogleMaps&libraries=marker:1187
[  488468ms] [ERROR] The map is initialized without a valid Map ID, which will prevent use of Advanced Markers. @ https://maps.googleapis.com/maps/api/js?key=AIzaSyBNfAGRfS1TNlH0EmxNfegqTsiwzYk6reM&v=weekly&callback=initGoogleMaps&libraries=marker:1187
[  488848ms] [ERROR] The map is initialized without a valid Map ID, which will prevent use of Advanced Markers. @ https://maps.googleapis.com/maps/api/js?key=AIzaSyBNfAGRfS1TNlH0EmxNfegqTsiwzYk6reM&v=weekly&callback=initGoogleMaps&libraries=marker:1187
[  489530ms] [ERROR] The map is initialized without a valid Map ID, which will prevent use of Advanced Markers. @ https://maps.googleapis.com/maps/api/js?key=AIzaSyBNfAGRfS1TNlH0EmxNfegqTsiwzYk6reM&v=weekly&callback=initGoogleMaps&libraries=marker:1187
[  489838ms] [ERROR] The map is initialized without a valid Map ID, which will prevent use of Advanced Markers. @ https://maps.googleapis.com/maps/api/js?key=AIzaSyBNfAGRfS1TNlH0EmxNfegqTsiwzYk6reM&v=weekly&callback=initGoogleMaps&libraries=marker:1187
[  490283ms] [ERROR] The map is initialized without a valid Map ID, which will prevent use of Advanced Markers. @ https://maps.googleapis.com/maps/api/js?key=AIzaSyBNfAGRfS1TNlH0EmxNfegqTsiwzYk6reM&v=weekly&callback=initGoogleMaps&libraries=marker:1187
[  490599ms] [ERROR] The map is initialized without a valid Map ID, which will prevent use of Advanced Markers. @ https://maps.googleapis.com/maps/api/js?key=AIzaSyBNfAGRfS1TNlH0EmxNfegqTsiwzYk6reM&v=weekly&callback=initGoogleMaps&libraries=marker:1187
[  491010ms] [ERROR] The map is initialized without a valid Map ID, which will prevent use of Advanced Markers. @ https://maps.googleapis.com/maps/api/js?key=AIzaSyBNfAGRfS1TNlH0EmxNfegqTsiwzYk6reM&v=weekly&callback=initGoogleMaps&libraries=marker:1187
[  491203ms] [ERROR] The map is initialized without a valid Map ID, which will prevent use of Advanced Markers. @ https://maps.googleapis.com/maps/api/js?key=AIzaSyBNfAGRfS1TNlH0EmxNfegqTsiwzYk6reM&v=weekly&callback=initGoogleMaps&libraries=marker:1187
[  492192ms] [ERROR] The map is initialized without a valid Map ID, which will prevent use of Advanced Markers. @ https://maps.googleapis.com/maps/api/js?key=AIzaSyBNfAGRfS1TNlH0EmxNfegqTsiwzYk6reM&v=weekly&callback=initGoogleMaps&libraries=marker:1187
[  492670ms] [ERROR] The map is initialized without a valid Map ID, which will prevent use of Advanced Markers. @ https://maps.googleapis.com/maps/api/js?key=AIzaSyBNfAGRfS1TNlH0EmxNfegqTsiwzYk6reM&v=weekly&callback=initGoogleMaps&libraries=marker:1187
[  492805ms] [ERROR] The map is initialized without a valid Map ID, which will prevent use of Advanced Markers. @ https://maps.googleapis.com/maps/api/js?key=AIzaSyBNfAGRfS1TNlH0EmxNfegqTsiwzYk6reM&v=weekly&callback=initGoogleMaps&libraries=marker:1187
[  493290ms] [ERROR] The map is initialized without a valid Map ID, which will prevent use of Advanced Markers. @ https://maps.googleapis.com/maps/api/js?key=AIzaSyBNfAGRfS1TNlH0EmxNfegqTsiwzYk6reM&v=weekly&callback=initGoogleMaps&libraries=marker:1187
[  493601ms] [ERROR] The map is initialized without a valid Map ID, which will prevent use of Advanced Markers. @ https://maps.googleapis.com/maps/api/js?key=AIzaSyBNfAGRfS1TNlH0EmxNfegqTsiwzYk6reM&v=weekly&callback=initGoogleMaps&libraries=marker:1187
[  494077ms] [ERROR] The map is initialized without a valid Map ID, which will prevent use of Advanced Markers. @ https://maps.googleapis.com/maps/api/js?key=AIzaSyBNfAGRfS1TNlH0EmxNfegqTsiwzYk6reM&v=weekly&callback=initGoogleMaps&libraries=marker:1187
[  494319ms] [ERROR] The map is initialized without a valid Map ID, which will prevent use of Advanced Markers. @ https://maps.googleapis.com/maps/api/js?key=AIzaSyBNfAGRfS1TNlH0EmxNfegqTsiwzYk6reM&v=weekly&callback=initGoogleMaps&libraries=marker:1187
[  494583ms] [ERROR] The map is initialized without a valid Map ID, which will prevent use of Advanced Markers. @ https://maps.googleapis.com/maps/api/js?key=AIzaSyBNfAGRfS1TNlH0EmxNfegqTsiwzYk6reM&v=weekly&callback=initGoogleMaps&libraries=marker:1187
[  494893ms] [ERROR] The map is initialized without a valid Map ID, which will prevent use of Advanced Markers. @ https://maps.googleapis.com/maps/api/js?key=AIzaSyBNfAGRfS1TNlH0EmxNfegqTsiwzYk6reM&v=weekly&callback=initGoogleMaps&libraries=marker:1187
[  495282ms] [ERROR] The map is initialized without a valid Map ID, which will prevent use of Advanced Markers. @ https://maps.googleapis.com/maps/api/js?key=AIzaSyBNfAGRfS1TNlH0EmxNfegqTsiwzYk6reM&v=weekly&callback=initGoogleMaps&libraries=marker:1187
[  496509ms] [ERROR] The map is initialized without a valid Map ID, which will prevent use of Advanced Markers. @ https://maps.googleapis.com/maps/api/js?key=AIzaSyBNfAGRfS1TNlH0EmxNfegqTsiwzYk6reM&v=weekly&callback=initGoogleMaps&libraries=marker:1187
[  496822ms] [ERROR] The map is initialized without a valid Map ID, which will prevent use of Advanced Markers. @ https://maps.googleapis.com/maps/api/js?key=AIzaSyBNfAGRfS1TNlH0EmxNfegqTsiwzYk6reM&v=weekly&callback=initGoogleMaps&libraries=marker:1187
[  497225ms] [ERROR] The map is initialized without a valid Map ID, which will prevent use of Advanced Markers. @ https://maps.googleapis.com/maps/api/js?key=AIzaSyBNfAGRfS1TNlH0EmxNfegqTsiwzYk6reM&v=weekly&callback=initGoogleMaps&libraries=marker:1187
[  497703ms] [ERROR] The map is initialized without a valid Map ID, which will prevent use of Advanced Markers. @ https://maps.googleapis.com/maps/api/js?key=AIzaSyBNfAGRfS1TNlH0EmxNfegqTsiwzYk6reM&v=weekly&callback=initGoogleMaps&libraries=marker:1187
[  497879ms] [ERROR] The map is initialized without a valid Map ID, which will prevent use of Advanced Markers. @ https://maps.googleapis.com/maps/api/js?key=AIzaSyBNfAGRfS1TNlH0EmxNfegqTsiwzYk6reM&v=weekly&callback=initGoogleMaps&libraries=marker:1187
[  498096ms] [ERROR] The map is initialized without a valid Map ID, which will prevent use of Advanced Markers. @ https://maps.googleapis.com/maps/api/js?key=AIzaSyBNfAGRfS1TNlH0EmxNfegqTsiwzYk6reM&v=weekly&callback=initGoogleMaps&libraries=marker:1187
[  498516ms] [ERROR] The map is initialized without a valid Map ID, which will prevent use of Advanced Markers. @ https://maps.googleapis.com/maps/api/js?key=AIzaSyBNfAGRfS1TNlH0EmxNfegqTsiwzYk6reM&v=weekly&callback=initGoogleMaps&libraries=marker:1187
[  498716ms] [ERROR] The map is initialized without a valid Map ID, which will prevent use of Advanced Markers. @ https://maps.googleapis.com/maps/api/js?key=AIzaSyBNfAGRfS1TNlH0EmxNfegqTsiwzYk6reM&v=weekly&callback=initGoogleMaps&libraries=marker:1187
[  499005ms] [ERROR] The map is initialized without a valid Map ID, which will prevent use of Advanced Markers. @ https://maps.googleapis.com/maps/api/js?key=AIzaSyBNfAGRfS1TNlH0EmxNfegqTsiwzYk6reM&v=weekly&callback=initGoogleMaps&libraries=marker:1187
[  499678ms] [ERROR] The map is initialized without a valid Map ID, which will prevent use of Advanced Markers. @ https://maps.googleapis.com/maps/api/js?key=AIzaSyBNfAGRfS1TNlH0EmxNfegqTsiwzYk6reM&v=weekly&callback=initGoogleMaps&libraries=marker:1187
[  499891ms] [ERROR] The map is initialized without a valid Map ID, which will prevent use of Advanced Markers. @ https://maps.googleapis.com/maps/api/js?key=AIzaSyBNfAGRfS1TNlH0EmxNfegqTsiwzYk6reM&v=weekly&callback=initGoogleMaps&libraries=marker:1187
[  500190ms] [ERROR] The map is initialized without a valid Map ID, which will prevent use of Advanced Markers. @ https://maps.googleapis.com/maps/api/js?key=AIzaSyBNfAGRfS1TNlH0EmxNfegqTsiwzYk6reM&v=weekly&callback=initGoogleMaps&libraries=marker:1187
[  500307ms] [ERROR] The map is initialized without a valid Map ID, which will prevent use of Advanced Markers. @ https://maps.googleapis.com/maps/api/js?key=AIzaSyBNfAGRfS1TNlH0EmxNfegqTsiwzYk6reM&v=weekly&callback=initGoogleMaps&libraries=marker:1187
[  500752ms] [ERROR] The map is initialized without a valid Map ID, which will prevent use of Advanced Markers. @ https://maps.googleapis.com/maps/api/js?key=AIzaSyBNfAGRfS1TNlH0EmxNfegqTsiwzYk6reM&v=weekly&callback=initGoogleMaps&libraries=marker:1187
[  501097ms] [ERROR] The map is initialized without a valid Map ID, which will prevent use of Advanced Markers. @ https://maps.googleapis.com/maps/api/js?key=AIzaSyBNfAGRfS1TNlH0EmxNfegqTsiwzYk6reM&v=weekly&callback=initGoogleMaps&libraries=marker:1187
[  501172ms] [ERROR] The map is initialized without a valid Map ID, which will prevent use of Advanced Markers. @ https://maps.googleapis.com/maps/api/js?key=AIzaSyBNfAGRfS1TNlH0EmxNfegqTsiwzYk6reM&v=weekly&callback=initGoogleMaps&libraries=marker:1187
[  501398ms] [ERROR] The map is initialized without a valid Map ID, which will prevent use of Advanced Markers. @ https://maps.googleapis.com/maps/api/js?key=AIzaSyBNfAGRfS1TNlH0EmxNfegqTsiwzYk6reM&v=weekly&callback=initGoogleMaps&libraries=marker:1187
[  501600ms] [ERROR] The map is initialized without a valid Map ID, which will prevent use of Advanced Markers. @ https://maps.googleapis.com/maps/api/js?key=AIzaSyBNfAGRfS1TNlH0EmxNfegqTsiwzYk6reM&v=weekly&callback=initGoogleMaps&libraries=marker:1187
[  501849ms] [ERROR] The map is initialized without a valid Map ID, which will prevent use of Advanced Markers. @ https://maps.googleapis.com/maps/api/js?key=AIzaSyBNfAGRfS1TNlH0EmxNfegqTsiwzYk6reM&v=weekly&callback=initGoogleMaps&libraries=marker:1187
[  502176ms] [ERROR] The map is initialized without a valid Map ID, which will prevent use of Advanced Markers. @ https://maps.googleapis.com/maps/api/js?key=AIzaSyBNfAGRfS1TNlH0EmxNfegqTsiwzYk6reM&v=weekly&callback=initGoogleMaps&libraries=marker:1187
[  502498ms] [ERROR] The map is initialized without a valid Map ID, which will prevent use of Advanced Markers. @ https://maps.googleapis.com/maps/api/js?key=AIzaSyBNfAGRfS1TNlH0EmxNfegqTsiwzYk6reM&v=weekly&callback=initGoogleMaps&libraries=marker:1187
[  502798ms] [ERROR] The map is initialized without a valid Map ID, which will prevent use of Advanced Markers. @ https://maps.googleapis.com/maps/api/js?key=AIzaSyBNfAGRfS1TNlH0EmxNfegqTsiwzYk6reM&v=weekly&callback=initGoogleMaps&libraries=marker:1187
[  502973ms] [ERROR] The map is initialized without a valid Map ID, which will prevent use of Advanced Markers. @ https://maps.googleapis.com/maps/api/js?key=AIzaSyBNfAGRfS1TNlH0EmxNfegqTsiwzYk6reM&v=weekly&callback=initGoogleMaps&libraries=marker:1187
[  503165ms] [ERROR] The map is initialized without a valid Map ID, which will prevent use of Advanced Markers. @ https://maps.googleapis.com/maps/api/js?key=AIzaSyBNfAGRfS1TNlH0EmxNfegqTsiwzYk6reM&v=weekly&callback=initGoogleMaps&libraries=marker:1187
[  503375ms] [ERROR] The map is initialized without a valid Map ID, which will prevent use of Advanced Markers. @ https://maps.googleapis.com/maps/api/js?key=AIzaSyBNfAGRfS1TNlH0EmxNfegqTsiwzYk6reM&v=weekly&callback=initGoogleMaps&libraries=marker:1187
[  503606ms] [ERROR] The map is initialized without a valid Map ID, which will prevent use of Advanced Markers. @ https://maps.googleapis.com/maps/api/js?key=AIzaSyBNfAGRfS1TNlH0EmxNfegqTsiwzYk6reM&v=weekly&callback=initGoogleMaps&libraries=marker:1187
[  503811ms] [ERROR] The map is initialized without a valid Map ID, which will prevent use of Advanced Markers. @ https://maps.googleapis.com/maps/api/js?key=AIzaSyBNfAGRfS1TNlH0EmxNfegqTsiwzYk6reM&v=weekly&callback=initGoogleMaps&libraries=marker:1187
[  504694ms] [ERROR] The map is initialized without a valid Map ID, which will prevent use of Advanced Markers. @ https://maps.googleapis.com/maps/api/js?key=AIzaSyBNfAGRfS1TNlH0EmxNfegqTsiwzYk6reM&v=weekly&callback=initGoogleMaps&libraries=marker:1187
[  505386ms] [ERROR] The map is initialized without a valid Map ID, which will prevent use of Advanced Markers. @ https://maps.googleapis.com/maps/api/js?key=AIzaSyBNfAGRfS1TNlH0EmxNfegqTsiwzYk6reM&v=weekly&callback=initGoogleMaps&libraries=marker:1187
[  505817ms] [ERROR] The map is initialized without a valid Map ID, which will prevent use of Advanced Markers. @ https://maps.googleapis.com/maps/api/js?key=AIzaSyBNfAGRfS1TNlH0EmxNfegqTsiwzYk6reM&v=weekly&callback=initGoogleMaps&libraries=marker:1187
[  505912ms] [ERROR] The map is initialized without a valid Map ID, which will prevent use of Advanced Markers. @ https://maps.googleapis.com/maps/api/js?key=AIzaSyBNfAGRfS1TNlH0EmxNfegqTsiwzYk6reM&v=weekly&callback=initGoogleMaps&libraries=marker:1187
[  506124ms] [ERROR] The map is initialized without a valid Map ID, which will prevent use of Advanced Markers. @ https://maps.googleapis.com/maps/api/js?key=AIzaSyBNfAGRfS1TNlH0EmxNfegqTsiwzYk6reM&v=weekly&callback=initGoogleMaps&libraries=marker:1187
[  506313ms] [ERROR] The map is initialized without a valid Map ID, which will prevent use of Advanced Markers. @ https://maps.googleapis.com/maps/api/js?key=AIzaSyBNfAGRfS1TNlH0EmxNfegqTsiwzYk6reM&v=weekly&callback=initGoogleMaps&libraries=marker:1187
[  506504ms] [ERROR] The map is initialized without a valid Map ID, which will prevent use of Advanced Markers. @ https://maps.googleapis.com/maps/api/js?key=AIzaSyBNfAGRfS1TNlH0EmxNfegqTsiwzYk6reM&v=weekly&callback=initGoogleMaps&libraries=marker:1187
[  506984ms] [ERROR] The map is initialized without a valid Map ID, which will prevent use of Advanced Markers. @ https://maps.googleapis.com/maps/api/js?key=AIzaSyBNfAGRfS1TNlH0EmxNfegqTsiwzYk6reM&v=weekly&callback=initGoogleMaps&libraries=marker:1187
[  507281ms] [ERROR] The map is initialized without a valid Map ID, which will prevent use of Advanced Markers. @ https://maps.googleapis.com/maps/api/js?key=AIzaSyBNfAGRfS1TNlH0EmxNfegqTsiwzYk6reM&v=weekly&callback=initGoogleMaps&libraries=marker:1187
[  507372ms] [ERROR] The map is initialized without a valid Map ID, which will prevent use of Advanced Markers. @ https://maps.googleapis.com/maps/api/js?key=AIzaSyBNfAGRfS1TNlH0EmxNfegqTsiwzYk6reM&v=weekly&callback=initGoogleMaps&libraries=marker:1187
[  507490ms] [ERROR] The map is initialized without a valid Map ID, which will prevent use of Advanced Markers. @ https://maps.googleapis.com/maps/api/js?key=AIzaSyBNfAGRfS1TNlH0EmxNfegqTsiwzYk6reM&v=weekly&callback=initGoogleMaps&libraries=marker:1187
[  507792ms] [ERROR] The map is initialized without a valid Map ID, which will prevent use of Advanced Markers. @ https://maps.googleapis.com/maps/api/js?key=AIzaSyBNfAGRfS1TNlH0EmxNfegqTsiwzYk6reM&v=weekly&callback=initGoogleMaps&libraries=marker:1187
[  508117ms] [ERROR] The map is initialized without a valid Map ID, which will prevent use of Advanced Markers. @ https://maps.googleapis.com/maps/api/js?key=AIzaSyBNfAGRfS1TNlH0EmxNfegqTsiwzYk6reM&v=weekly&callback=initGoogleMaps&libraries=marker:1187
[  508398ms] [ERROR] The map is initialized without a valid Map ID, which will prevent use of Advanced Markers. @ https://maps.googleapis.com/maps/api/js?key=AIzaSyBNfAGRfS1TNlH0EmxNfegqTsiwzYk6reM&v=weekly&callback=initGoogleMaps&libraries=marker:1187
[  508594ms] [ERROR] The map is initialized without a valid Map ID, which will prevent use of Advanced Markers. @ https://maps.googleapis.com/maps/api/js?key=AIzaSyBNfAGRfS1TNlH0EmxNfegqTsiwzYk6reM&v=weekly&callback=initGoogleMaps&libraries=marker:1187
[  508903ms] [ERROR] The map is initialized without a valid Map ID, which will prevent use of Advanced Markers. @ https://maps.googleapis.com/maps/api/js?key=AIzaSyBNfAGRfS1TNlH0EmxNfegqTsiwzYk6reM&v=weekly&callback=initGoogleMaps&libraries=marker:1187
[  509087ms] [ERROR] The map is initialized without a valid Map ID, which will prevent use of Advanced Markers. @ https://maps.googleapis.com/maps/api/js?key=AIzaSyBNfAGRfS1TNlH0EmxNfegqTsiwzYk6reM&v=weekly&callback=initGoogleMaps&libraries=marker:1187
[  509337ms] [ERROR] The map is initialized without a valid Map ID, which will prevent use of Advanced Markers. @ https://maps.googleapis.com/maps/api/js?key=AIzaSyBNfAGRfS1TNlH0EmxNfegqTsiwzYk6reM&v=weekly&callback=initGoogleMaps&libraries=marker:1187
[  509513ms] [ERROR] The map is initialized without a valid Map ID, which will prevent use of Advanced Markers. @ https://maps.googleapis.com/maps/api/js?key=AIzaSyBNfAGRfS1TNlH0EmxNfegqTsiwzYk6reM&v=weekly&callback=initGoogleMaps&libraries=marker:1187
[  509702ms] [ERROR] The map is initialized without a valid Map ID, which will prevent use of Advanced Markers. @ https://maps.googleapis.com/maps/api/js?key=AIzaSyBNfAGRfS1TNlH0EmxNfegqTsiwzYk6reM&v=weekly&callback=initGoogleMaps&libraries=marker:1187
[  509915ms] [ERROR] The map is initialized without a valid Map ID, which will prevent use of Advanced Markers. @ https://maps.googleapis.com/maps/api/js?key=AIzaSyBNfAGRfS1TNlH0EmxNfegqTsiwzYk6reM&v=weekly&callback=initGoogleMaps&libraries=marker:1187
[  510120ms] [ERROR] The map is initialized without a valid Map ID, which will prevent use of Advanced Markers. @ https://maps.googleapis.com/maps/api/js?key=AIzaSyBNfAGRfS1TNlH0EmxNfegqTsiwzYk6reM&v=weekly&callback=initGoogleMaps&libraries=marker:1187
[  510313ms] [ERROR] The map is initialized without a valid Map ID, which will prevent use of Advanced Markers. @ https://maps.googleapis.com/maps/api/js?key=AIzaSyBNfAGRfS1TNlH0EmxNfegqTsiwzYk6reM&v=weekly&callback=initGoogleMaps&libraries=marker:1187
[  510420ms] [ERROR] The map is initialized without a valid Map ID, which will prevent use of Advanced Markers. @ https://maps.googleapis.com/maps/api/js?key=AIzaSyBNfAGRfS1TNlH0EmxNfegqTsiwzYk6reM&v=weekly&callback=initGoogleMaps&libraries=marker:1187
[  510686ms] [ERROR] The map is initialized without a valid Map ID, which will prevent use of Advanced Markers. @ https://maps.googleapis.com/maps/api/js?key=AIzaSyBNfAGRfS1TNlH0EmxNfegqTsiwzYk6reM&v=weekly&callback=initGoogleMaps&libraries=marker:1187
[  510818ms] [ERROR] The map is initialized without a valid Map ID, which will prevent use of Advanced Markers. @ https://maps.googleapis.com/maps/api/js?key=AIzaSyBNfAGRfS1TNlH0EmxNfegqTsiwzYk6reM&v=weekly&callback=initGoogleMaps&libraries=marker:1187
[  510987ms] [ERROR] The map is initialized without a valid Map ID, which will prevent use of Advanced Markers. @ https://maps.googleapis.com/maps/api/js?key=AIzaSyBNfAGRfS1TNlH0EmxNfegqTsiwzYk6reM&v=weekly&callback=initGoogleMaps&libraries=marker:1187
[  511294ms] [ERROR] The map is initialized without a valid Map ID, which will prevent use of Advanced Markers. @ https://maps.googleapis.com/maps/api/js?key=AIzaSyBNfAGRfS1TNlH0EmxNfegqTsiwzYk6reM&v=weekly&callback=initGoogleMaps&libraries=marker:1187
[  511495ms] [ERROR] The map is initialized without a valid Map ID, which will prevent use of Advanced Markers. @ https://maps.googleapis.com/maps/api/js?key=AIzaSyBNfAGRfS1TNlH0EmxNfegqTsiwzYk6reM&v=weekly&callback=initGoogleMaps&libraries=marker:1187
[  511802ms] [ERROR] The map is initialized without a valid Map ID, which will prevent use of Advanced Markers. @ https://maps.googleapis.com/maps/api/js?key=AIzaSyBNfAGRfS1TNlH0EmxNfegqTsiwzYk6reM&v=weekly&callback=initGoogleMaps&libraries=marker:1187
[  512177ms] [ERROR] The map is initialized without a valid Map ID, which will prevent use of Advanced Markers. @ https://maps.googleapis.com/maps/api/js?key=AIzaSyBNfAGRfS1TNlH0EmxNfegqTsiwzYk6reM&v=weekly&callback=initGoogleMaps&libraries=marker:1187
[  512299ms] [ERROR] The map is initialized without a valid Map ID, which will prevent use of Advanced Markers. @ https://maps.googleapis.com/maps/api/js?key=AIzaSyBNfAGRfS1TNlH0EmxNfegqTsiwzYk6reM&v=weekly&callback=initGoogleMaps&libraries=marker:1187
[  512405ms] [ERROR] The map is initialized without a valid Map ID, which will prevent use of Advanced Markers. @ https://maps.googleapis.com/maps/api/js?key=AIzaSyBNfAGRfS1TNlH0EmxNfegqTsiwzYk6reM&v=weekly&callback=initGoogleMaps&libraries=marker:1187
[  512589ms] [ERROR] The map is initialized without a valid Map ID, which will prevent use of Advanced Markers. @ https://maps.googleapis.com/maps/api/js?key=AIzaSyBNfAGRfS1TNlH0EmxNfegqTsiwzYk6reM&v=weekly&callback=initGoogleMaps&libraries=marker:1187
[  513039ms] [ERROR] The map is initialized without a valid Map ID, which will prevent use of Advanced Markers. @ https://maps.googleapis.com/maps/api/js?key=AIzaSyBNfAGRfS1TNlH0EmxNfegqTsiwzYk6reM&v=weekly&callback=initGoogleMaps&libraries=marker:1187
[  513187ms] [ERROR] The map is initialized without a valid Map ID, which will prevent use of Advanced Markers. @ https://maps.googleapis.com/maps/api/js?key=AIzaSyBNfAGRfS1TNlH0EmxNfegqTsiwzYk6reM&v=weekly&callback=initGoogleMaps&libraries=marker:1187
[  513524ms] [ERROR] The map is initialized without a valid Map ID, which will prevent use of Advanced Markers. @ https://maps.googleapis.com/maps/api/js?key=AIzaSyBNfAGRfS1TNlH0EmxNfegqTsiwzYk6reM&v=weekly&callback=initGoogleMaps&libraries=marker:1187
[  513885ms] [ERROR] The map is initialized without a valid Map ID, which will prevent use of Advanced Markers. @ https://maps.googleapis.com/maps/api/js?key=AIzaSyBNfAGRfS1TNlH0EmxNfegqTsiwzYk6reM&v=weekly&callback=initGoogleMaps&libraries=marker:1187
[  514016ms] [ERROR] The map is initialized without a valid Map ID, which will prevent use of Advanced Markers. @ https://maps.googleapis.com/maps/api/js?key=AIzaSyBNfAGRfS1TNlH0EmxNfegqTsiwzYk6reM&v=weekly&callback=initGoogleMaps&libraries=marker:1187
[  514201ms] [ERROR] The map is initialized without a valid Map ID, which will prevent use of Advanced Markers. @ https://maps.googleapis.com/maps/api/js?key=AIzaSyBNfAGRfS1TNlH0EmxNfegqTsiwzYk6reM&v=weekly&callback=initGoogleMaps&libraries=marker:1187
[  514321ms] [ERROR] The map is initialized without a valid Map ID, which will prevent use of Advanced Markers. @ https://maps.googleapis.com/maps/api/js?key=AIzaSyBNfAGRfS1TNlH0EmxNfegqTsiwzYk6reM&v=weekly&callback=initGoogleMaps&libraries=marker:1187
[  514570ms] [ERROR] The map is initialized without a valid Map ID, which will prevent use of Advanced Markers. @ https://maps.googleapis.com/maps/api/js?key=AIzaSyBNfAGRfS1TNlH0EmxNfegqTsiwzYk6reM&v=weekly&callback=initGoogleMaps&libraries=marker:1187
[  514718ms] [ERROR] The map is initialized without a valid Map ID, which will prevent use of Advanced Markers. @ https://maps.googleapis.com/maps/api/js?key=AIzaSyBNfAGRfS1TNlH0EmxNfegqTsiwzYk6reM&v=weekly&callback=initGoogleMaps&libraries=marker:1187
[  514903ms] [ERROR] The map is initialized without a valid Map ID, which will prevent use of Advanced Markers. @ https://maps.googleapis.com/maps/api/js?key=AIzaSyBNfAGRfS1TNlH0EmxNfegqTsiwzYk6reM&v=weekly&callback=initGoogleMaps&libraries=marker:1187
[  515114ms] [ERROR] The map is initialized without a valid Map ID, which will prevent use of Advanced Markers. @ https://maps.googleapis.com/maps/api/js?key=AIzaSyBNfAGRfS1TNlH0EmxNfegqTsiwzYk6reM&v=weekly&callback=initGoogleMaps&libraries=marker:1187
[  515489ms] [ERROR] The map is initialized without a valid Map ID, which will prevent use of Advanced Markers. @ https://maps.googleapis.com/maps/api/js?key=AIzaSyBNfAGRfS1TNlH0EmxNfegqTsiwzYk6reM&v=weekly&callback=initGoogleMaps&libraries=marker:1187
[  515714ms] [ERROR] The map is initialized without a valid Map ID, which will prevent use of Advanced Markers. @ https://maps.googleapis.com/maps/api/js?key=AIzaSyBNfAGRfS1TNlH0EmxNfegqTsiwzYk6reM&v=weekly&callback=initGoogleMaps&libraries=marker:1187
[  515890ms] [ERROR] The map is initialized without a valid Map ID, which will prevent use of Advanced Markers. @ https://maps.googleapis.com/maps/api/js?key=AIzaSyBNfAGRfS1TNlH0EmxNfegqTsiwzYk6reM&v=weekly&callback=initGoogleMaps&libraries=marker:1187
[  515989ms] [ERROR] The map is initialized without a valid Map ID, which will prevent use of Advanced Markers. @ https://maps.googleapis.com/maps/api/js?key=AIzaSyBNfAGRfS1TNlH0EmxNfegqTsiwzYk6reM&v=weekly&callback=initGoogleMaps&libraries=marker:1187
[  516115ms] [ERROR] The map is initialized without a valid Map ID, which will prevent use of Advanced Markers. @ https://maps.googleapis.com/maps/api/js?key=AIzaSyBNfAGRfS1TNlH0EmxNfegqTsiwzYk6reM&v=weekly&callback=initGoogleMaps&libraries=marker:1187
[  516312ms] [ERROR] The map is initialized without a valid Map ID, which will prevent use of Advanced Markers. @ https://maps.googleapis.com/maps/api/js?key=AIzaSyBNfAGRfS1TNlH0EmxNfegqTsiwzYk6reM&v=weekly&callback=initGoogleMaps&libraries=marker:1187
[  516570ms] [ERROR] The map is initialized without a valid Map ID, which will prevent use of Advanced Markers. @ https://maps.googleapis.com/maps/api/js?key=AIzaSyBNfAGRfS1TNlH0EmxNfegqTsiwzYk6reM&v=weekly&callback=initGoogleMaps&libraries=marker:1187
[  516877ms] [ERROR] The map is initialized without a valid Map ID, which will prevent use of Advanced Markers. @ https://maps.googleapis.com/maps/api/js?key=AIzaSyBNfAGRfS1TNlH0EmxNfegqTsiwzYk6reM&v=weekly&callback=initGoogleMaps&libraries=marker:1187
[  517090ms] [ERROR] The map is initialized without a valid Map ID, which will prevent use of Advanced Markers. @ https://maps.googleapis.com/maps/api/js?key=AIzaSyBNfAGRfS1TNlH0EmxNfegqTsiwzYk6reM&v=weekly&callback=initGoogleMaps&libraries=marker:1187
[  517594ms] [ERROR] The map is initialized without a valid Map ID, which will prevent use of Advanced Markers. @ https://maps.googleapis.com/maps/api/js?key=AIzaSyBNfAGRfS1TNlH0EmxNfegqTsiwzYk6reM&v=weekly&callback=initGoogleMaps&libraries=marker:1187
[  517876ms] [ERROR] The map is initialized without a valid Map ID, which will prevent use of Advanced Markers. @ https://maps.googleapis.com/maps/api/js?key=AIzaSyBNfAGRfS1TNlH0EmxNfegqTsiwzYk6reM&v=weekly&callback=initGoogleMaps&libraries=marker:1187
[  518073ms] [ERROR] The map is initialized without a valid Map ID, which will prevent use of Advanced Markers. @ https://maps.googleapis.com/maps/api/js?key=AIzaSyBNfAGRfS1TNlH0EmxNfegqTsiwzYk6reM&v=weekly&callback=initGoogleMaps&libraries=marker:1187
[  518282ms] [ERROR] The map is initialized without a valid Map ID, which will prevent use of Advanced Markers. @ https://maps.googleapis.com/maps/api/js?key=AIzaSyBNfAGRfS1TNlH0EmxNfegqTsiwzYk6reM&v=weekly&callback=initGoogleMaps&libraries=marker:1187
[  518480ms] [ERROR] The map is initialized without a valid Map ID, which will prevent use of Advanced Markers. @ https://maps.googleapis.com/maps/api/js?key=AIzaSyBNfAGRfS1TNlH0EmxNfegqTsiwzYk6reM&v=weekly&callback=initGoogleMaps&libraries=marker:1187
[  518570ms] [ERROR] The map is initialized without a valid Map ID, which will prevent use of Advanced Markers. @ https://maps.googleapis.com/maps/api/js?key=AIzaSyBNfAGRfS1TNlH0EmxNfegqTsiwzYk6reM&v=weekly&callback=initGoogleMaps&libraries=marker:1187
[  518817ms] [ERROR] The map is initialized without a valid Map ID, which will prevent use of Advanced Markers. @ https://maps.googleapis.com/maps/api/js?key=AIzaSyBNfAGRfS1TNlH0EmxNfegqTsiwzYk6reM&v=weekly&callback=initGoogleMaps&libraries=marker:1187
[  518985ms] [ERROR] The map is initialized without a valid Map ID, which will prevent use of Advanced Markers. @ https://maps.googleapis.com/maps/api/js?key=AIzaSyBNfAGRfS1TNlH0EmxNfegqTsiwzYk6reM&v=weekly&callback=initGoogleMaps&libraries=marker:1187
[  519213ms] [ERROR] The map is initialized without a valid Map ID, which will prevent use of Advanced Markers. @ https://maps.googleapis.com/maps/api/js?key=AIzaSyBNfAGRfS1TNlH0EmxNfegqTsiwzYk6reM&v=weekly&callback=initGoogleMaps&libraries=marker:1187
[  519467ms] [ERROR] The map is initialized without a valid Map ID, which will prevent use of Advanced Markers. @ https://maps.googleapis.com/maps/api/js?key=AIzaSyBNfAGRfS1TNlH0EmxNfegqTsiwzYk6reM&v=weekly&callback=initGoogleMaps&libraries=marker:1187
[  519792ms] [ERROR] The map is initialized without a valid Map ID, which will prevent use of Advanced Markers. @ https://maps.googleapis.com/maps/api/js?key=AIzaSyBNfAGRfS1TNlH0EmxNfegqTsiwzYk6reM&v=weekly&callback=initGoogleMaps&libraries=marker:1187
[  520021ms] [ERROR] The map is initialized without a valid Map ID, which will prevent use of Advanced Markers. @ https://maps.googleapis.com/maps/api/js?key=AIzaSyBNfAGRfS1TNlH0EmxNfegqTsiwzYk6reM&v=weekly&callback=initGoogleMaps&libraries=marker:1187
[  520267ms] [ERROR] The map is initialized without a valid Map ID, which will prevent use of Advanced Markers. @ https://maps.googleapis.com/maps/api/js?key=AIzaSyBNfAGRfS1TNlH0EmxNfegqTsiwzYk6reM&v=weekly&callback=initGoogleMaps&libraries=marker:1187
[  520541ms] [ERROR] The map is initialized without a valid Map ID, which will prevent use of Advanced Markers. @ https://maps.googleapis.com/maps/api/js?key=AIzaSyBNfAGRfS1TNlH0EmxNfegqTsiwzYk6reM&v=weekly&callback=initGoogleMaps&libraries=marker:1187
[  520709ms] [ERROR] The map is initialized without a valid Map ID, which will prevent use of Advanced Markers. @ https://maps.googleapis.com/maps/api/js?key=AIzaSyBNfAGRfS1TNlH0EmxNfegqTsiwzYk6reM&v=weekly&callback=initGoogleMaps&libraries=marker:1187
[  521043ms] [ERROR] The map is initialized without a valid Map ID, which will prevent use of Advanced Markers. @ https://maps.googleapis.com/maps/api/js?key=AIzaSyBNfAGRfS1TNlH0EmxNfegqTsiwzYk6reM&v=weekly&callback=initGoogleMaps&libraries=marker:1187
[  521099ms] [ERROR] The map is initialized without a valid Map ID, which will prevent use of Advanced Markers. @ https://maps.googleapis.com/maps/api/js?key=AIzaSyBNfAGRfS1TNlH0EmxNfegqTsiwzYk6reM&v=weekly&callback=initGoogleMaps&libraries=marker:1187
[  521216ms] [ERROR] The map is initialized without a valid Map ID, which will prevent use of Advanced Markers. @ https://maps.googleapis.com/maps/api/js?key=AIzaSyBNfAGRfS1TNlH0EmxNfegqTsiwzYk6reM&v=weekly&callback=initGoogleMaps&libraries=marker:1187
[  521424ms] [ERROR] The map is initialized without a valid Map ID, which will prevent use of Advanced Markers. @ https://maps.googleapis.com/maps/api/js?key=AIzaSyBNfAGRfS1TNlH0EmxNfegqTsiwzYk6reM&v=weekly&callback=initGoogleMaps&libraries=marker:1187
[  521517ms] [ERROR] The map is initialized without a valid Map ID, which will prevent use of Advanced Markers. @ https://maps.googleapis.com/maps/api/js?key=AIzaSyBNfAGRfS1TNlH0EmxNfegqTsiwzYk6reM&v=weekly&callback=initGoogleMaps&libraries=marker:1187
[  521807ms] [ERROR] The map is initialized without a valid Map ID, which will prevent use of Advanced Markers. @ https://maps.googleapis.com/maps/api/js?key=AIzaSyBNfAGRfS1TNlH0EmxNfegqTsiwzYk6reM&v=weekly&callback=initGoogleMaps&libraries=marker:1187
[  522165ms] [ERROR] The map is initialized without a valid Map ID, which will prevent use of Advanced Markers. @ https://maps.googleapis.com/maps/api/js?key=AIzaSyBNfAGRfS1TNlH0EmxNfegqTsiwzYk6reM&v=weekly&callback=initGoogleMaps&libraries=marker:1187
[  522371ms] [ERROR] The map is initialized without a valid Map ID, which will prevent use of Advanced Markers. @ https://maps.googleapis.com/maps/api/js?key=AIzaSyBNfAGRfS1TNlH0EmxNfegqTsiwzYk6reM&v=weekly&callback=initGoogleMaps&libraries=marker:1187
[  522525ms] [ERROR] The map is initialized without a valid Map ID, which will prevent use of Advanced Markers. @ https://maps.googleapis.com/maps/api/js?key=AIzaSyBNfAGRfS1TNlH0EmxNfegqTsiwzYk6reM&v=weekly&callback=initGoogleMaps&libraries=marker:1187
[  522799ms] [ERROR] The map is initialized without a valid Map ID, which will prevent use of Advanced Markers. @ https://maps.googleapis.com/maps/api/js?key=AIzaSyBNfAGRfS1TNlH0EmxNfegqTsiwzYk6reM&v=weekly&callback=initGoogleMaps&libraries=marker:1187
[  522914ms] [ERROR] The map is initialized without a valid Map ID, which will prevent use of Advanced Markers. @ https://maps.googleapis.com/maps/api/js?key=AIzaSyBNfAGRfS1TNlH0EmxNfegqTsiwzYk6reM&v=weekly&callback=initGoogleMaps&libraries=marker:1187
[  523170ms] [ERROR] The map is initialized without a valid Map ID, which will prevent use of Advanced Markers. @ https://maps.googleapis.com/maps/api/js?key=AIzaSyBNfAGRfS1TNlH0EmxNfegqTsiwzYk6reM&v=weekly&callback=initGoogleMaps&libraries=marker:1187
[  523388ms] [ERROR] The map is initialized without a valid Map ID, which will prevent use of Advanced Markers. @ https://maps.googleapis.com/maps/api/js?key=AIzaSyBNfAGRfS1TNlH0EmxNfegqTsiwzYk6reM&v=weekly&callback=initGoogleMaps&libraries=marker:1187
[  523714ms] [ERROR] The map is initialized without a valid Map ID, which will prevent use of Advanced Markers. @ https://maps.googleapis.com/maps/api/js?key=AIzaSyBNfAGRfS1TNlH0EmxNfegqTsiwzYk6reM&v=weekly&callback=initGoogleMaps&libraries=marker:1187
[  524146ms] [ERROR] The map is initialized without a valid Map ID, which will prevent use of Advanced Markers. @ https://maps.googleapis.com/maps/api/js?key=AIzaSyBNfAGRfS1TNlH0EmxNfegqTsiwzYk6reM&v=weekly&callback=initGoogleMaps&libraries=marker:1187
[  524437ms] [ERROR] The map is initialized without a valid Map ID, which will prevent use of Advanced Markers. @ https://maps.googleapis.com/maps/api/js?key=AIzaSyBNfAGRfS1TNlH0EmxNfegqTsiwzYk6reM&v=weekly&callback=initGoogleMaps&libraries=marker:1187
[  524680ms] [ERROR] The map is initialized without a valid Map ID, which will prevent use of Advanced Markers. @ https://maps.googleapis.com/maps/api/js?key=AIzaSyBNfAGRfS1TNlH0EmxNfegqTsiwzYk6reM&v=weekly&callback=initGoogleMaps&libraries=marker:1187
[  525313ms] [ERROR] The map is initialized without a valid Map ID, which will prevent use of Advanced Markers. @ https://maps.googleapis.com/maps/api/js?key=AIzaSyBNfAGRfS1TNlH0EmxNfegqTsiwzYk6reM&v=weekly&callback=initGoogleMaps&libraries=marker:1187
[  525497ms] [ERROR] The map is initialized without a valid Map ID, which will prevent use of Advanced Markers. @ https://maps.googleapis.com/maps/api/js?key=AIzaSyBNfAGRfS1TNlH0EmxNfegqTsiwzYk6reM&v=weekly&callback=initGoogleMaps&libraries=marker:1187
[  525793ms] [ERROR] The map is initialized without a valid Map ID, which will prevent use of Advanced Markers. @ https://maps.googleapis.com/maps/api/js?key=AIzaSyBNfAGRfS1TNlH0EmxNfegqTsiwzYk6reM&v=weekly&callback=initGoogleMaps&libraries=marker:1187
[  525972ms] [ERROR] The map is initialized without a valid Map ID, which will prevent use of Advanced Markers. @ https://maps.googleapis.com/maps/api/js?key=AIzaSyBNfAGRfS1TNlH0EmxNfegqTsiwzYk6reM&v=weekly&callback=initGoogleMaps&libraries=marker:1187
[  526179ms] [ERROR] The map is initialized without a valid Map ID, which will prevent use of Advanced Markers. @ https://maps.googleapis.com/maps/api/js?key=AIzaSyBNfAGRfS1TNlH0EmxNfegqTsiwzYk6reM&v=weekly&callback=initGoogleMaps&libraries=marker:1187
[  526422ms] [ERROR] The map is initialized without a valid Map ID, which will prevent use of Advanced Markers. @ https://maps.googleapis.com/maps/api/js?key=AIzaSyBNfAGRfS1TNlH0EmxNfegqTsiwzYk6reM&v=weekly&callback=initGoogleMaps&libraries=marker:1187
[  526577ms] [ERROR] The map is initialized without a valid Map ID, which will prevent use of Advanced Markers. @ https://maps.googleapis.com/maps/api/js?key=AIzaSyBNfAGRfS1TNlH0EmxNfegqTsiwzYk6reM&v=weekly&callback=initGoogleMaps&libraries=marker:1187
[  526803ms] [ERROR] The map is initialized without a valid Map ID, which will prevent use of Advanced Markers. @ https://maps.googleapis.com/maps/api/js?key=AIzaSyBNfAGRfS1TNlH0EmxNfegqTsiwzYk6reM&v=weekly&callback=initGoogleMaps&libraries=marker:1187
[  527056ms] [ERROR] The map is initialized without a valid Map ID, which will prevent use of Advanced Markers. @ https://maps.googleapis.com/maps/api/js?key=AIzaSyBNfAGRfS1TNlH0EmxNfegqTsiwzYk6reM&v=weekly&callback=initGoogleMaps&libraries=marker:1187
[  527180ms] [ERROR] The map is initialized without a valid Map ID, which will prevent use of Advanced Markers. @ https://maps.googleapis.com/maps/api/js?key=AIzaSyBNfAGRfS1TNlH0EmxNfegqTsiwzYk6reM&v=weekly&callback=initGoogleMaps&libraries=marker:1187
[  527307ms] [ERROR] The map is initialized without a valid Map ID, which will prevent use of Advanced Markers. @ https://maps.googleapis.com/maps/api/js?key=AIzaSyBNfAGRfS1TNlH0EmxNfegqTsiwzYk6reM&v=weekly&callback=initGoogleMaps&libraries=marker:1187
[  527494ms] [ERROR] The map is initialized without a valid Map ID, which will prevent use of Advanced Markers. @ https://maps.googleapis.com/maps/api/js?key=AIzaSyBNfAGRfS1TNlH0EmxNfegqTsiwzYk6reM&v=weekly&callback=initGoogleMaps&libraries=marker:1187
[  527579ms] [ERROR] The map is initialized without a valid Map ID, which will prevent use of Advanced Markers. @ https://maps.googleapis.com/maps/api/js?key=AIzaSyBNfAGRfS1TNlH0EmxNfegqTsiwzYk6reM&v=weekly&callback=initGoogleMaps&libraries=marker:1187
[  527934ms] [ERROR] The map is initialized without a valid Map ID, which will prevent use of Advanced Markers. @ https://maps.googleapis.com/maps/api/js?key=AIzaSyBNfAGRfS1TNlH0EmxNfegqTsiwzYk6reM&v=weekly&callback=initGoogleMaps&libraries=marker:1187
[  528202ms] [ERROR] The map is initialized without a valid Map ID, which will prevent use of Advanced Markers. @ https://maps.googleapis.com/maps/api/js?key=AIzaSyBNfAGRfS1TNlH0EmxNfegqTsiwzYk6reM&v=weekly&callback=initGoogleMaps&libraries=marker:1187
[  528282ms] [ERROR] The map is initialized without a valid Map ID, which will prevent use of Advanced Markers. @ https://maps.googleapis.com/maps/api/js?key=AIzaSyBNfAGRfS1TNlH0EmxNfegqTsiwzYk6reM&v=weekly&callback=initGoogleMaps&libraries=marker:1187
[  528476ms] [ERROR] The map is initialized without a valid Map ID, which will prevent use of Advanced Markers. @ https://maps.googleapis.com/maps/api/js?key=AIzaSyBNfAGRfS1TNlH0EmxNfegqTsiwzYk6reM&v=weekly&callback=initGoogleMaps&libraries=marker:1187
[  528801ms] [ERROR] The map is initialized without a valid Map ID, which will prevent use of Advanced Markers. @ https://maps.googleapis.com/maps/api/js?key=AIzaSyBNfAGRfS1TNlH0EmxNfegqTsiwzYk6reM&v=weekly&callback=initGoogleMaps&libraries=marker:1187
[  528984ms] [ERROR] The map is initialized without a valid Map ID, which will prevent use of Advanced Markers. @ https://maps.googleapis.com/maps/api/js?key=AIzaSyBNfAGRfS1TNlH0EmxNfegqTsiwzYk6reM&v=weekly&callback=initGoogleMaps&libraries=marker:1187
[  529104ms] [ERROR] The map is initialized without a valid Map ID, which will prevent use of Advanced Markers. @ https://maps.googleapis.com/maps/api/js?key=AIzaSyBNfAGRfS1TNlH0EmxNfegqTsiwzYk6reM&v=weekly&callback=initGoogleMaps&libraries=marker:1187
[  529221ms] [ERROR] The map is initialized without a valid Map ID, which will prevent use of Advanced Markers. @ https://maps.googleapis.com/maps/api/js?key=AIzaSyBNfAGRfS1TNlH0EmxNfegqTsiwzYk6reM&v=weekly&callback=initGoogleMaps&libraries=marker:1187
[  529517ms] [ERROR] The map is initialized without a valid Map ID, which will prevent use of Advanced Markers. @ https://maps.googleapis.com/maps/api/js?key=AIzaSyBNfAGRfS1TNlH0EmxNfegqTsiwzYk6reM&v=weekly&callback=initGoogleMaps&libraries=marker:1187
[  529706ms] [ERROR] The map is initialized without a valid Map ID, which will prevent use of Advanced Markers. @ https://maps.googleapis.com/maps/api/js?key=AIzaSyBNfAGRfS1TNlH0EmxNfegqTsiwzYk6reM&v=weekly&callback=initGoogleMaps&libraries=marker:1187
[  529886ms] [ERROR] The map is initialized without a valid Map ID, which will prevent use of Advanced Markers. @ https://maps.googleapis.com/maps/api/js?key=AIzaSyBNfAGRfS1TNlH0EmxNfegqTsiwzYk6reM&v=weekly&callback=initGoogleMaps&libraries=marker:1187
[  530100ms] [ERROR] The map is initialized without a valid Map ID, which will prevent use of Advanced Markers. @ https://maps.googleapis.com/maps/api/js?key=AIzaSyBNfAGRfS1TNlH0EmxNfegqTsiwzYk6reM&v=weekly&callback=initGoogleMaps&libraries=marker:1187
[  530391ms] [ERROR] The map is initialized without a valid Map ID, which will prevent use of Advanced Markers. @ https://maps.googleapis.com/maps/api/js?key=AIzaSyBNfAGRfS1TNlH0EmxNfegqTsiwzYk6reM&v=weekly&callback=initGoogleMaps&libraries=marker:1187
[  530700ms] [ERROR] The map is initialized without a valid Map ID, which will prevent use of Advanced Markers. @ https://maps.googleapis.com/maps/api/js?key=AIzaSyBNfAGRfS1TNlH0EmxNfegqTsiwzYk6reM&v=weekly&callback=initGoogleMaps&libraries=marker:1187
[  530812ms] [ERROR] The map is initialized without a valid Map ID, which will prevent use of Advanced Markers. @ https://maps.googleapis.com/maps/api/js?key=AIzaSyBNfAGRfS1TNlH0EmxNfegqTsiwzYk6reM&v=weekly&callback=initGoogleMaps&libraries=marker:1187
[  530916ms] [ERROR] The map is initialized without a valid Map ID, which will prevent use of Advanced Markers. @ https://maps.googleapis.com/maps/api/js?key=AIzaSyBNfAGRfS1TNlH0EmxNfegqTsiwzYk6reM&v=weekly&callback=initGoogleMaps&libraries=marker:1187
[  531088ms] [ERROR] The map is initialized without a valid Map ID, which will prevent use of Advanced Markers. @ https://maps.googleapis.com/maps/api/js?key=AIzaSyBNfAGRfS1TNlH0EmxNfegqTsiwzYk6reM&v=weekly&callback=initGoogleMaps&libraries=marker:1187
[  531202ms] [ERROR] The map is initialized without a valid Map ID, which will prevent use of Advanced Markers. @ https://maps.googleapis.com/maps/api/js?key=AIzaSyBNfAGRfS1TNlH0EmxNfegqTsiwzYk6reM&v=weekly&callback=initGoogleMaps&libraries=marker:1187
[  531418ms] [ERROR] The map is initialized without a valid Map ID, which will prevent use of Advanced Markers. @ https://maps.googleapis.com/maps/api/js?key=AIzaSyBNfAGRfS1TNlH0EmxNfegqTsiwzYk6reM&v=weekly&callback=initGoogleMaps&libraries=marker:1187
[  531715ms] [ERROR] The map is initialized without a valid Map ID, which will prevent use of Advanced Markers. @ https://maps.googleapis.com/maps/api/js?key=AIzaSyBNfAGRfS1TNlH0EmxNfegqTsiwzYk6reM&v=weekly&callback=initGoogleMaps&libraries=marker:1187
[  531981ms] [ERROR] The map is initialized without a valid Map ID, which will prevent use of Advanced Markers. @ https://maps.googleapis.com/maps/api/js?key=AIzaSyBNfAGRfS1TNlH0EmxNfegqTsiwzYk6reM&v=weekly&callback=initGoogleMaps&libraries=marker:1187
[  532247ms] [ERROR] The map is initialized without a valid Map ID, which will prevent use of Advanced Markers. @ https://maps.googleapis.com/maps/api/js?key=AIzaSyBNfAGRfS1TNlH0EmxNfegqTsiwzYk6reM&v=weekly&callback=initGoogleMaps&libraries=marker:1187
[  532425ms] [ERROR] The map is initialized without a valid Map ID, which will prevent use of Advanced Markers. @ https://maps.googleapis.com/maps/api/js?key=AIzaSyBNfAGRfS1TNlH0EmxNfegqTsiwzYk6reM&v=weekly&callback=initGoogleMaps&libraries=marker:1187
[  532616ms] [ERROR] The map is initialized without a valid Map ID, which will prevent use of Advanced Markers. @ https://maps.googleapis.com/maps/api/js?key=AIzaSyBNfAGRfS1TNlH0EmxNfegqTsiwzYk6reM&v=weekly&callback=initGoogleMaps&libraries=marker:1187
[  532869ms] [ERROR] The map is initialized without a valid Map ID, which will prevent use of Advanced Markers. @ https://maps.googleapis.com/maps/api/js?key=AIzaSyBNfAGRfS1TNlH0EmxNfegqTsiwzYk6reM&v=weekly&callback=initGoogleMaps&libraries=marker:1187
[  532950ms] [ERROR] The map is initialized without a valid Map ID, which will prevent use of Advanced Markers. @ https://maps.googleapis.com/maps/api/js?key=AIzaSyBNfAGRfS1TNlH0EmxNfegqTsiwzYk6reM&v=weekly&callback=initGoogleMaps&libraries=marker:1187
[  533192ms] [ERROR] The map is initialized without a valid Map ID, which will prevent use of Advanced Markers. @ https://maps.googleapis.com/maps/api/js?key=AIzaSyBNfAGRfS1TNlH0EmxNfegqTsiwzYk6reM&v=weekly&callback=initGoogleMaps&libraries=marker:1187
[  533412ms] [ERROR] The map is initialized without a valid Map ID, which will prevent use of Advanced Markers. @ https://maps.googleapis.com/maps/api/js?key=AIzaSyBNfAGRfS1TNlH0EmxNfegqTsiwzYk6reM&v=weekly&callback=initGoogleMaps&libraries=marker:1187
[  533741ms] [ERROR] The map is initialized without a valid Map ID, which will prevent use of Advanced Markers. @ https://maps.googleapis.com/maps/api/js?key=AIzaSyBNfAGRfS1TNlH0EmxNfegqTsiwzYk6reM&v=weekly&callback=initGoogleMaps&libraries=marker:1187
[  533897ms] [ERROR] The map is initialized without a valid Map ID, which will prevent use of Advanced Markers. @ https://maps.googleapis.com/maps/api/js?key=AIzaSyBNfAGRfS1TNlH0EmxNfegqTsiwzYk6reM&v=weekly&callback=initGoogleMaps&libraries=marker:1187
[  534076ms] [ERROR] The map is initialized without a valid Map ID, which will prevent use of Advanced Markers. @ https://maps.googleapis.com/maps/api/js?key=AIzaSyBNfAGRfS1TNlH0EmxNfegqTsiwzYk6reM&v=weekly&callback=initGoogleMaps&libraries=marker:1187
[  534223ms] [ERROR] The map is initialized without a valid Map ID, which will prevent use of Advanced Markers. @ https://maps.googleapis.com/maps/api/js?key=AIzaSyBNfAGRfS1TNlH0EmxNfegqTsiwzYk6reM&v=weekly&callback=initGoogleMaps&libraries=marker:1187
[  534419ms] [ERROR] The map is initialized without a valid Map ID, which will prevent use of Advanced Markers. @ https://maps.googleapis.com/maps/api/js?key=AIzaSyBNfAGRfS1TNlH0EmxNfegqTsiwzYk6reM&v=weekly&callback=initGoogleMaps&libraries=marker:1187
[  534504ms] [ERROR] The map is initialized without a valid Map ID, which will prevent use of Advanced Markers. @ https://maps.googleapis.com/maps/api/js?key=AIzaSyBNfAGRfS1TNlH0EmxNfegqTsiwzYk6reM&v=weekly&callback=initGoogleMaps&libraries=marker:1187
[  534678ms] [ERROR] The map is initialized without a valid Map ID, which will prevent use of Advanced Markers. @ https://maps.googleapis.com/maps/api/js?key=AIzaSyBNfAGRfS1TNlH0EmxNfegqTsiwzYk6reM&v=weekly&callback=initGoogleMaps&libraries=marker:1187
[  534796ms] [ERROR] The map is initialized without a valid Map ID, which will prevent use of Advanced Markers. @ https://maps.googleapis.com/maps/api/js?key=AIzaSyBNfAGRfS1TNlH0EmxNfegqTsiwzYk6reM&v=weekly&callback=initGoogleMaps&libraries=marker:1187
[  534999ms] [ERROR] The map is initialized without a valid Map ID, which will prevent use of Advanced Markers. @ https://maps.googleapis.com/maps/api/js?key=AIzaSyBNfAGRfS1TNlH0EmxNfegqTsiwzYk6reM&v=weekly&callback=initGoogleMaps&libraries=marker:1187
[  535223ms] [ERROR] The map is initialized without a valid Map ID, which will prevent use of Advanced Markers. @ https://maps.googleapis.com/maps/api/js?key=AIzaSyBNfAGRfS1TNlH0EmxNfegqTsiwzYk6reM&v=weekly&callback=initGoogleMaps&libraries=marker:1187
[  535472ms] [ERROR] The map is initialized without a valid Map ID, which will prevent use of Advanced Markers. @ https://maps.googleapis.com/maps/api/js?key=AIzaSyBNfAGRfS1TNlH0EmxNfegqTsiwzYk6reM&v=weekly&callback=initGoogleMaps&libraries=marker:1187
[  535681ms] [ERROR] The map is initialized without a valid Map ID, which will prevent use of Advanced Markers. @ https://maps.googleapis.com/maps/api/js?key=AIzaSyBNfAGRfS1TNlH0EmxNfegqTsiwzYk6reM&v=weekly&callback=initGoogleMaps&libraries=marker:1187
[  535821ms] [ERROR] The map is initialized without a valid Map ID, which will prevent use of Advanced Markers. @ https://maps.googleapis.com/maps/api/js?key=AIzaSyBNfAGRfS1TNlH0EmxNfegqTsiwzYk6reM&v=weekly&callback=initGoogleMaps&libraries=marker:1187
[  536247ms] [ERROR] The map is initialized without a valid Map ID, which will prevent use of Advanced Markers. @ https://maps.googleapis.com/maps/api/js?key=AIzaSyBNfAGRfS1TNlH0EmxNfegqTsiwzYk6reM&v=weekly&callback=initGoogleMaps&libraries=marker:1187
[  536324ms] [ERROR] The map is initialized without a valid Map ID, which will prevent use of Advanced Markers. @ https://maps.googleapis.com/maps/api/js?key=AIzaSyBNfAGRfS1TNlH0EmxNfegqTsiwzYk6reM&v=weekly&callback=initGoogleMaps&libraries=marker:1187
[  536482ms] [ERROR] The map is initialized without a valid Map ID, which will prevent use of Advanced Markers. @ https://maps.googleapis.com/maps/api/js?key=AIzaSyBNfAGRfS1TNlH0EmxNfegqTsiwzYk6reM&v=weekly&callback=initGoogleMaps&libraries=marker:1187
[  536694ms] [ERROR] The map is initialized without a valid Map ID, which will prevent use of Advanced Markers. @ https://maps.googleapis.com/maps/api/js?key=AIzaSyBNfAGRfS1TNlH0EmxNfegqTsiwzYk6reM&v=weekly&callback=initGoogleMaps&libraries=marker:1187
[  537322ms] [ERROR] The map is initialized without a valid Map ID, which will prevent use of Advanced Markers. @ https://maps.googleapis.com/maps/api/js?key=AIzaSyBNfAGRfS1TNlH0EmxNfegqTsiwzYk6reM&v=weekly&callback=initGoogleMaps&libraries=marker:1187
[  537401ms] [ERROR] The map is initialized without a valid Map ID, which will prevent use of Advanced Markers. @ https://maps.googleapis.com/maps/api/js?key=AIzaSyBNfAGRfS1TNlH0EmxNfegqTsiwzYk6reM&v=weekly&callback=initGoogleMaps&libraries=marker:1187
[  537572ms] [ERROR] The map is initialized without a valid Map ID, which will prevent use of Advanced Markers. @ https://maps.googleapis.com/maps/api/js?key=AIzaSyBNfAGRfS1TNlH0EmxNfegqTsiwzYk6reM&v=weekly&callback=initGoogleMaps&libraries=marker:1187
[  538190ms] [ERROR] The map is initialized without a valid Map ID, which will prevent use of Advanced Markers. @ https://maps.googleapis.com/maps/api/js?key=AIzaSyBNfAGRfS1TNlH0EmxNfegqTsiwzYk6reM&v=weekly&callback=initGoogleMaps&libraries=marker:1187
[  538224ms] [ERROR] The map is initialized without a valid Map ID, which will prevent use of Advanced Markers. @ https://maps.googleapis.com/maps/api/js?key=AIzaSyBNfAGRfS1TNlH0EmxNfegqTsiwzYk6reM&v=weekly&callback=initGoogleMaps&libraries=marker:1187
[  538438ms] [ERROR] The map is initialized without a valid Map ID, which will prevent use of Advanced Markers. @ https://maps.googleapis.com/maps/api/js?key=AIzaSyBNfAGRfS1TNlH0EmxNfegqTsiwzYk6reM&v=weekly&callback=initGoogleMaps&libraries=marker:1187
[  538520ms] [ERROR] The map is initialized without a valid Map ID, which will prevent use of Advanced Markers. @ https://maps.googleapis.com/maps/api/js?key=AIzaSyBNfAGRfS1TNlH0EmxNfegqTsiwzYk6reM&v=weekly&callback=initGoogleMaps&libraries=marker:1187
[  538617ms] [ERROR] The map is initialized without a valid Map ID, which will prevent use of Advanced Markers. @ https://maps.googleapis.com/maps/api/js?key=AIzaSyBNfAGRfS1TNlH0EmxNfegqTsiwzYk6reM&v=weekly&callback=initGoogleMaps&libraries=marker:1187
[  538969ms] [ERROR] The map is initialized without a valid Map ID, which will prevent use of Advanced Markers. @ https://maps.googleapis.com/maps/api/js?key=AIzaSyBNfAGRfS1TNlH0EmxNfegqTsiwzYk6reM&v=weekly&callback=initGoogleMaps&libraries=marker:1187
[  539189ms] [ERROR] The map is initialized without a valid Map ID, which will prevent use of Advanced Markers. @ https://maps.googleapis.com/maps/api/js?key=AIzaSyBNfAGRfS1TNlH0EmxNfegqTsiwzYk6reM&v=weekly&callback=initGoogleMaps&libraries=marker:1187
[  539255ms] [ERROR] The map is initialized without a valid Map ID, which will prevent use of Advanced Markers. @ https://maps.googleapis.com/maps/api/js?key=AIzaSyBNfAGRfS1TNlH0EmxNfegqTsiwzYk6reM&v=weekly&callback=initGoogleMaps&libraries=marker:1187
[  539741ms] [ERROR] The map is initialized without a valid Map ID, which will prevent use of Advanced Markers. @ https://maps.googleapis.com/maps/api/js?key=AIzaSyBNfAGRfS1TNlH0EmxNfegqTsiwzYk6reM&v=weekly&callback=initGoogleMaps&libraries=marker:1187
[  539979ms] [ERROR] The map is initialized without a valid Map ID, which will prevent use of Advanced Markers. @ https://maps.googleapis.com/maps/api/js?key=AIzaSyBNfAGRfS1TNlH0EmxNfegqTsiwzYk6reM&v=weekly&callback=initGoogleMaps&libraries=marker:1187
[  540073ms] [ERROR] The map is initialized without a valid Map ID, which will prevent use of Advanced Markers. @ https://maps.googleapis.com/maps/api/js?key=AIzaSyBNfAGRfS1TNlH0EmxNfegqTsiwzYk6reM&v=weekly&callback=initGoogleMaps&libraries=marker:1187
[  540336ms] [ERROR] The map is initialized without a valid Map ID, which will prevent use of Advanced Markers. @ https://maps.googleapis.com/maps/api/js?key=AIzaSyBNfAGRfS1TNlH0EmxNfegqTsiwzYk6reM&v=weekly&callback=initGoogleMaps&libraries=marker:1187
[  540681ms] [ERROR] The map is initialized without a valid Map ID, which will prevent use of Advanced Markers. @ https://maps.googleapis.com/maps/api/js?key=AIzaSyBNfAGRfS1TNlH0EmxNfegqTsiwzYk6reM&v=weekly&callback=initGoogleMaps&libraries=marker:1187
[  540720ms] [ERROR] The map is initialized without a valid Map ID, which will prevent use of Advanced Markers. @ https://maps.googleapis.com/maps/api/js?key=AIzaSyBNfAGRfS1TNlH0EmxNfegqTsiwzYk6reM&v=weekly&callback=initGoogleMaps&libraries=marker:1187
[  540923ms] [ERROR] The map is initialized without a valid Map ID, which will prevent use of Advanced Markers. @ https://maps.googleapis.com/maps/api/js?key=AIzaSyBNfAGRfS1TNlH0EmxNfegqTsiwzYk6reM&v=weekly&callback=initGoogleMaps&libraries=marker:1187
[  541125ms] [ERROR] The map is initialized without a valid Map ID, which will prevent use of Advanced Markers. @ https://maps.googleapis.com/maps/api/js?key=AIzaSyBNfAGRfS1TNlH0EmxNfegqTsiwzYk6reM&v=weekly&callback=initGoogleMaps&libraries=marker:1187
[  541261ms] [ERROR] The map is initialized without a valid Map ID, which will prevent use of Advanced Markers. @ https://maps.googleapis.com/maps/api/js?key=AIzaSyBNfAGRfS1TNlH0EmxNfegqTsiwzYk6reM&v=weekly&callback=initGoogleMaps&libraries=marker:1187
[  541315ms] [ERROR] The map is initialized without a valid Map ID, which will prevent use of Advanced Markers. @ https://maps.googleapis.com/maps/api/js?key=AIzaSyBNfAGRfS1TNlH0EmxNfegqTsiwzYk6reM&v=weekly&callback=initGoogleMaps&libraries=marker:1187
[  541630ms] [ERROR] The map is initialized without a valid Map ID, which will prevent use of Advanced Markers. @ https://maps.googleapis.com/maps/api/js?key=AIzaSyBNfAGRfS1TNlH0EmxNfegqTsiwzYk6reM&v=weekly&callback=initGoogleMaps&libraries=marker:1187
[  541809ms] [ERROR] The map is initialized without a valid Map ID, which will prevent use of Advanced Markers. @ https://maps.googleapis.com/maps/api/js?key=AIzaSyBNfAGRfS1TNlH0EmxNfegqTsiwzYk6reM&v=weekly&callback=initGoogleMaps&libraries=marker:1187
[  542023ms] [ERROR] The map is initialized without a valid Map ID, which will prevent use of Advanced Markers. @ https://maps.googleapis.com/maps/api/js?key=AIzaSyBNfAGRfS1TNlH0EmxNfegqTsiwzYk6reM&v=weekly&callback=initGoogleMaps&libraries=marker:1187
[  542310ms] [ERROR] The map is initialized without a valid Map ID, which will prevent use of Advanced Markers. @ https://maps.googleapis.com/maps/api/js?key=AIzaSyBNfAGRfS1TNlH0EmxNfegqTsiwzYk6reM&v=weekly&callback=initGoogleMaps&libraries=marker:1187
[  542696ms] [ERROR] The map is initialized without a valid Map ID, which will prevent use of Advanced Markers. @ https://maps.googleapis.com/maps/api/js?key=AIzaSyBNfAGRfS1TNlH0EmxNfegqTsiwzYk6reM&v=weekly&callback=initGoogleMaps&libraries=marker:1187
[  542914ms] [ERROR] The map is initialized without a valid Map ID, which will prevent use of Advanced Markers. @ https://maps.googleapis.com/maps/api/js?key=AIzaSyBNfAGRfS1TNlH0EmxNfegqTsiwzYk6reM&v=weekly&callback=initGoogleMaps&libraries=marker:1187
[  543425ms] [ERROR] The map is initialized without a valid Map ID, which will prevent use of Advanced Markers. @ https://maps.googleapis.com/maps/api/js?key=AIzaSyBNfAGRfS1TNlH0EmxNfegqTsiwzYk6reM&v=weekly&callback=initGoogleMaps&libraries=marker:1187
[  543535ms] [ERROR] The map is initialized without a valid Map ID, which will prevent use of Advanced Markers. @ https://maps.googleapis.com/maps/api/js?key=AIzaSyBNfAGRfS1TNlH0EmxNfegqTsiwzYk6reM&v=weekly&callback=initGoogleMaps&libraries=marker:1187
[  543728ms] [ERROR] The map is initialized without a valid Map ID, which will prevent use of Advanced Markers. @ https://maps.googleapis.com/maps/api/js?key=AIzaSyBNfAGRfS1TNlH0EmxNfegqTsiwzYk6reM&v=weekly&callback=initGoogleMaps&libraries=marker:1187
[  544155ms] [ERROR] The map is initialized without a valid Map ID, which will prevent use of Advanced Markers. @ https://maps.googleapis.com/maps/api/js?key=AIzaSyBNfAGRfS1TNlH0EmxNfegqTsiwzYk6reM&v=weekly&callback=initGoogleMaps&libraries=marker:1187
[  544270ms] [ERROR] The map is initialized without a valid Map ID, which will prevent use of Advanced Markers. @ https://maps.googleapis.com/maps/api/js?key=AIzaSyBNfAGRfS1TNlH0EmxNfegqTsiwzYk6reM&v=weekly&callback=initGoogleMaps&libraries=marker:1187
[  544396ms] [ERROR] The map is initialized without a valid Map ID, which will prevent use of Advanced Markers. @ https://maps.googleapis.com/maps/api/js?key=AIzaSyBNfAGRfS1TNlH0EmxNfegqTsiwzYk6reM&v=weekly&callback=initGoogleMaps&libraries=marker:1187
[  544718ms] [ERROR] The map is initialized without a valid Map ID, which will prevent use of Advanced Markers. @ https://maps.googleapis.com/maps/api/js?key=AIzaSyBNfAGRfS1TNlH0EmxNfegqTsiwzYk6reM&v=weekly&callback=initGoogleMaps&libraries=marker:1187
[  544860ms] [ERROR] The map is initialized without a valid Map ID, which will prevent use of Advanced Markers. @ https://maps.googleapis.com/maps/api/js?key=AIzaSyBNfAGRfS1TNlH0EmxNfegqTsiwzYk6reM&v=weekly&callback=initGoogleMaps&libraries=marker:1187
[  545032ms] [ERROR] The map is initialized without a valid Map ID, which will prevent use of Advanced Markers. @ https://maps.googleapis.com/maps/api/js?key=AIzaSyBNfAGRfS1TNlH0EmxNfegqTsiwzYk6reM&v=weekly&callback=initGoogleMaps&libraries=marker:1187
[  545219ms] [ERROR] The map is initialized without a valid Map ID, which will prevent use of Advanced Markers. @ https://maps.googleapis.com/maps/api/js?key=AIzaSyBNfAGRfS1TNlH0EmxNfegqTsiwzYk6reM&v=weekly&callback=initGoogleMaps&libraries=marker:1187
[  545580ms] [ERROR] The map is initialized without a valid Map ID, which will prevent use of Advanced Markers. @ https://maps.googleapis.com/maps/api/js?key=AIzaSyBNfAGRfS1TNlH0EmxNfegqTsiwzYk6reM&v=weekly&callback=initGoogleMaps&libraries=marker:1187
[  545684ms] [ERROR] The map is initialized without a valid Map ID, which will prevent use of Advanced Markers. @ https://maps.googleapis.com/maps/api/js?key=AIzaSyBNfAGRfS1TNlH0EmxNfegqTsiwzYk6reM&v=weekly&callback=initGoogleMaps&libraries=marker:1187
[  546086ms] [ERROR] The map is initialized without a valid Map ID, which will prevent use of Advanced Markers. @ https://maps.googleapis.com/maps/api/js?key=AIzaSyBNfAGRfS1TNlH0EmxNfegqTsiwzYk6reM&v=weekly&callback=initGoogleMaps&libraries=marker:1187
[  546314ms] [ERROR] The map is initialized without a valid Map ID, which will prevent use of Advanced Markers. @ https://maps.googleapis.com/maps/api/js?key=AIzaSyBNfAGRfS1TNlH0EmxNfegqTsiwzYk6reM&v=weekly&callback=initGoogleMaps&libraries=marker:1187
[  546430ms] [ERROR] The map is initialized without a valid Map ID, which will prevent use of Advanced Markers. @ https://maps.googleapis.com/maps/api/js?key=AIzaSyBNfAGRfS1TNlH0EmxNfegqTsiwzYk6reM&v=weekly&callback=initGoogleMaps&libraries=marker:1187
[  546579ms] [ERROR] The map is initialized without a valid Map ID, which will prevent use of Advanced Markers. @ https://maps.googleapis.com/maps/api/js?key=AIzaSyBNfAGRfS1TNlH0EmxNfegqTsiwzYk6reM&v=weekly&callback=initGoogleMaps&libraries=marker:1187
[  546797ms] [ERROR] The map is initialized without a valid Map ID, which will prevent use of Advanced Markers. @ https://maps.googleapis.com/maps/api/js?key=AIzaSyBNfAGRfS1TNlH0EmxNfegqTsiwzYk6reM&v=weekly&callback=initGoogleMaps&libraries=marker:1187
[  547120ms] [ERROR] The map is initialized without a valid Map ID, which will prevent use of Advanced Markers. @ https://maps.googleapis.com/maps/api/js?key=AIzaSyBNfAGRfS1TNlH0EmxNfegqTsiwzYk6reM&v=weekly&callback=initGoogleMaps&libraries=marker:1187
[  547523ms] [ERROR] The map is initialized without a valid Map ID, which will prevent use of Advanced Markers. @ https://maps.googleapis.com/maps/api/js?key=AIzaSyBNfAGRfS1TNlH0EmxNfegqTsiwzYk6reM&v=weekly&callback=initGoogleMaps&libraries=marker:1187
[  547585ms] [ERROR] The map is initialized without a valid Map ID, which will prevent use of Advanced Markers. @ https://maps.googleapis.com/maps/api/js?key=AIzaSyBNfAGRfS1TNlH0EmxNfegqTsiwzYk6reM&v=weekly&callback=initGoogleMaps&libraries=marker:1187
[  547802ms] [ERROR] The map is initialized without a valid Map ID, which will prevent use of Advanced Markers. @ https://maps.googleapis.com/maps/api/js?key=AIzaSyBNfAGRfS1TNlH0EmxNfegqTsiwzYk6reM&v=weekly&callback=initGoogleMaps&libraries=marker:1187
[  547965ms] [ERROR] The map is initialized without a valid Map ID, which will prevent use of Advanced Markers. @ https://maps.googleapis.com/maps/api/js?key=AIzaSyBNfAGRfS1TNlH0EmxNfegqTsiwzYk6reM&v=weekly&callback=initGoogleMaps&libraries=marker:1187
[  548091ms] [ERROR] The map is initialized without a valid Map ID, which will prevent use of Advanced Markers. @ https://maps.googleapis.com/maps/api/js?key=AIzaSyBNfAGRfS1TNlH0EmxNfegqTsiwzYk6reM&v=weekly&callback=initGoogleMaps&libraries=marker:1187
[  548195ms] [ERROR] The map is initialized without a valid Map ID, which will prevent use of Advanced Markers. @ https://maps.googleapis.com/maps/api/js?key=AIzaSyBNfAGRfS1TNlH0EmxNfegqTsiwzYk6reM&v=weekly&callback=initGoogleMaps&libraries=marker:1187
[  548403ms] [ERROR] The map is initialized without a valid Map ID, which will prevent use of Advanced Markers. @ https://maps.googleapis.com/maps/api/js?key=AIzaSyBNfAGRfS1TNlH0EmxNfegqTsiwzYk6reM&v=weekly&callback=initGoogleMaps&libraries=marker:1187
[  548675ms] [ERROR] The map is initialized without a valid Map ID, which will prevent use of Advanced Markers. @ https://maps.googleapis.com/maps/api/js?key=AIzaSyBNfAGRfS1TNlH0EmxNfegqTsiwzYk6reM&v=weekly&callback=initGoogleMaps&libraries=marker:1187
[  548835ms] [ERROR] The map is initialized without a valid Map ID, which will prevent use of Advanced Markers. @ https://maps.googleapis.com/maps/api/js?key=AIzaSyBNfAGRfS1TNlH0EmxNfegqTsiwzYk6reM&v=weekly&callback=initGoogleMaps&libraries=marker:1187
[  549040ms] [ERROR] The map is initialized without a valid Map ID, which will prevent use of Advanced Markers. @ https://maps.googleapis.com/maps/api/js?key=AIzaSyBNfAGRfS1TNlH0EmxNfegqTsiwzYk6reM&v=weekly&callback=initGoogleMaps&libraries=marker:1187
[  549382ms] [ERROR] The map is initialized without a valid Map ID, which will prevent use of Advanced Markers. @ https://maps.googleapis.com/maps/api/js?key=AIzaSyBNfAGRfS1TNlH0EmxNfegqTsiwzYk6reM&v=weekly&callback=initGoogleMaps&libraries=marker:1187
[  549747ms] [ERROR] The map is initialized without a valid Map ID, which will prevent use of Advanced Markers. @ https://maps.googleapis.com/maps/api/js?key=AIzaSyBNfAGRfS1TNlH0EmxNfegqTsiwzYk6reM&v=weekly&callback=initGoogleMaps&libraries=marker:1187
[  550123ms] [ERROR] The map is initialized without a valid Map ID, which will prevent use of Advanced Markers. @ https://maps.googleapis.com/maps/api/js?key=AIzaSyBNfAGRfS1TNlH0EmxNfegqTsiwzYk6reM&v=weekly&callback=initGoogleMaps&libraries=marker:1187
[  550501ms] [ERROR] The map is initialized without a valid Map ID, which will prevent use of Advanced Markers. @ https://maps.googleapis.com/maps/api/js?key=AIzaSyBNfAGRfS1TNlH0EmxNfegqTsiwzYk6reM&v=weekly&callback=initGoogleMaps&libraries=marker:1187
[  550779ms] [ERROR] The map is initialized without a valid Map ID, which will prevent use of Advanced Markers. @ https://maps.googleapis.com/maps/api/js?key=AIzaSyBNfAGRfS1TNlH0EmxNfegqTsiwzYk6reM&v=weekly&callback=initGoogleMaps&libraries=marker:1187
[  550979ms] [ERROR] The map is initialized without a valid Map ID, which will prevent use of Advanced Markers. @ https://maps.googleapis.com/maps/api/js?key=AIzaSyBNfAGRfS1TNlH0EmxNfegqTsiwzYk6reM&v=weekly&callback=initGoogleMaps&libraries=marker:1187
[  551183ms] [ERROR] The map is initialized without a valid Map ID, which will prevent use of Advanced Markers. @ https://maps.googleapis.com/maps/api/js?key=AIzaSyBNfAGRfS1TNlH0EmxNfegqTsiwzYk6reM&v=weekly&callback=initGoogleMaps&libraries=marker:1187
[  551939ms] [ERROR] The map is initialized without a valid Map ID, which will prevent use of Advanced Markers. @ https://maps.googleapis.com/maps/api/js?key=AIzaSyBNfAGRfS1TNlH0EmxNfegqTsiwzYk6reM&v=weekly&callback=initGoogleMaps&libraries=marker:1187
[  552505ms] [ERROR] The map is initialized without a valid Map ID, which will prevent use of Advanced Markers. @ https://maps.googleapis.com/maps/api/js?key=AIzaSyBNfAGRfS1TNlH0EmxNfegqTsiwzYk6reM&v=weekly&callback=initGoogleMaps&libraries=marker:1187
[  552741ms] [ERROR] The map is initialized without a valid Map ID, which will prevent use of Advanced Markers. @ https://maps.googleapis.com/maps/api/js?key=AIzaSyBNfAGRfS1TNlH0EmxNfegqTsiwzYk6reM&v=weekly&callback=initGoogleMaps&libraries=marker:1187
[  552921ms] [ERROR] The map is initialized without a valid Map ID, which will prevent use of Advanced Markers. @ https://maps.googleapis.com/maps/api/js?key=AIzaSyBNfAGRfS1TNlH0EmxNfegqTsiwzYk6reM&v=weekly&callback=initGoogleMaps&libraries=marker:1187
[  553128ms] [ERROR] The map is initialized without a valid Map ID, which will prevent use of Advanced Markers. @ https://maps.googleapis.com/maps/api/js?key=AIzaSyBNfAGRfS1TNlH0EmxNfegqTsiwzYk6reM&v=weekly&callback=initGoogleMaps&libraries=marker:1187
[  553410ms] [ERROR] The map is initialized without a valid Map ID, which will prevent use of Advanced Markers. @ https://maps.googleapis.com/maps/api/js?key=AIzaSyBNfAGRfS1TNlH0EmxNfegqTsiwzYk6reM&v=weekly&callback=initGoogleMaps&libraries=marker:1187
[  553709ms] [ERROR] The map is initialized without a valid Map ID, which will prevent use of Advanced Markers. @ https://maps.googleapis.com/maps/api/js?key=AIzaSyBNfAGRfS1TNlH0EmxNfegqTsiwzYk6reM&v=weekly&callback=initGoogleMaps&libraries=marker:1187
[  553982ms] [ERROR] The map is initialized without a valid Map ID, which will prevent use of Advanced Markers. @ https://maps.googleapis.com/maps/api/js?key=AIzaSyBNfAGRfS1TNlH0EmxNfegqTsiwzYk6reM&v=weekly&callback=initGoogleMaps&libraries=marker:1187
[  554271ms] [ERROR] The map is initialized without a valid Map ID, which will prevent use of Advanced Markers. @ https://maps.googleapis.com/maps/api/js?key=AIzaSyBNfAGRfS1TNlH0EmxNfegqTsiwzYk6reM&v=weekly&callback=initGoogleMaps&libraries=marker:1187
[  554616ms] [ERROR] The map is initialized without a valid Map ID, which will prevent use of Advanced Markers. @ https://maps.googleapis.com/maps/api/js?key=AIzaSyBNfAGRfS1TNlH0EmxNfegqTsiwzYk6reM&v=weekly&callback=initGoogleMaps&libraries=marker:1187
[  554990ms] [ERROR] The map is initialized without a valid Map ID, which will prevent use of Advanced Markers. @ https://maps.googleapis.com/maps/api/js?key=AIzaSyBNfAGRfS1TNlH0EmxNfegqTsiwzYk6reM&v=weekly&callback=initGoogleMaps&libraries=marker:1187
[  555887ms] [ERROR] The map is initialized without a valid Map ID, which will prevent use of Advanced Markers. @ https://maps.googleapis.com/maps/api/js?key=AIzaSyBNfAGRfS1TNlH0EmxNfegqTsiwzYk6reM&v=weekly&callback=initGoogleMaps&libraries=marker:1187
[  556172ms] [ERROR] The map is initialized without a valid Map ID, which will prevent use of Advanced Markers. @ https://maps.googleapis.com/maps/api/js?key=AIzaSyBNfAGRfS1TNlH0EmxNfegqTsiwzYk6reM&v=weekly&callback=initGoogleMaps&libraries=marker:1187
[  556328ms] [ERROR] The map is initialized without a valid Map ID, which will prevent use of Advanced Markers. @ https://maps.googleapis.com/maps/api/js?key=AIzaSyBNfAGRfS1TNlH0EmxNfegqTsiwzYk6reM&v=weekly&callback=initGoogleMaps&libraries=marker:1187
[  556481ms] [ERROR] The map is initialized without a valid Map ID, which will prevent use of Advanced Markers. @ https://maps.googleapis.com/maps/api/js?key=AIzaSyBNfAGRfS1TNlH0EmxNfegqTsiwzYk6reM&v=weekly&callback=initGoogleMaps&libraries=marker:1187
[  556588ms] [ERROR] The map is initialized without a valid Map ID, which will prevent use of Advanced Markers. @ https://maps.googleapis.com/maps/api/js?key=AIzaSyBNfAGRfS1TNlH0EmxNfegqTsiwzYk6reM&v=weekly&callback=initGoogleMaps&libraries=marker:1187
[  556681ms] [ERROR] The map is initialized without a valid Map ID, which will prevent use of Advanced Markers. @ https://maps.googleapis.com/maps/api/js?key=AIzaSyBNfAGRfS1TNlH0EmxNfegqTsiwzYk6reM&v=weekly&callback=initGoogleMaps&libraries=marker:1187
[  557138ms] [ERROR] The map is initialized without a valid Map ID, which will prevent use of Advanced Markers. @ https://maps.googleapis.com/maps/api/js?key=AIzaSyBNfAGRfS1TNlH0EmxNfegqTsiwzYk6reM&v=weekly&callback=initGoogleMaps&libraries=marker:1187
[  557402ms] [ERROR] The map is initialized without a valid Map ID, which will prevent use of Advanced Markers. @ https://maps.googleapis.com/maps/api/js?key=AIzaSyBNfAGRfS1TNlH0EmxNfegqTsiwzYk6reM&v=weekly&callback=initGoogleMaps&libraries=marker:1187
[  557610ms] [ERROR] The map is initialized without a valid Map ID, which will prevent use of Advanced Markers. @ https://maps.googleapis.com/maps/api/js?key=AIzaSyBNfAGRfS1TNlH0EmxNfegqTsiwzYk6reM&v=weekly&callback=initGoogleMaps&libraries=marker:1187
[  557821ms] [ERROR] The map is initialized without a valid Map ID, which will prevent use of Advanced Markers. @ https://maps.googleapis.com/maps/api/js?key=AIzaSyBNfAGRfS1TNlH0EmxNfegqTsiwzYk6reM&v=weekly&callback=initGoogleMaps&libraries=marker:1187
[  558121ms] [ERROR] The map is initialized without a valid Map ID, which will prevent use of Advanced Markers. @ https://maps.googleapis.com/maps/api/js?key=AIzaSyBNfAGRfS1TNlH0EmxNfegqTsiwzYk6reM&v=weekly&callback=initGoogleMaps&libraries=marker:1187
[  558296ms] [ERROR] The map is initialized without a valid Map ID, which will prevent use of Advanced Markers. @ https://maps.googleapis.com/maps/api/js?key=AIzaSyBNfAGRfS1TNlH0EmxNfegqTsiwzYk6reM&v=weekly&callback=initGoogleMaps&libraries=marker:1187
[  558531ms] [ERROR] The map is initialized without a valid Map ID, which will prevent use of Advanced Markers. @ https://maps.googleapis.com/maps/api/js?key=AIzaSyBNfAGRfS1TNlH0EmxNfegqTsiwzYk6reM&v=weekly&callback=initGoogleMaps&libraries=marker:1187
[  558746ms] [ERROR] The map is initialized without a valid Map ID, which will prevent use of Advanced Markers. @ https://maps.googleapis.com/maps/api/js?key=AIzaSyBNfAGRfS1TNlH0EmxNfegqTsiwzYk6reM&v=weekly&callback=initGoogleMaps&libraries=marker:1187
[  558882ms] [ERROR] The map is initialized without a valid Map ID, which will prevent use of Advanced Markers. @ https://maps.googleapis.com/maps/api/js?key=AIzaSyBNfAGRfS1TNlH0EmxNfegqTsiwzYk6reM&v=weekly&callback=initGoogleMaps&libraries=marker:1187
[  559008ms] [ERROR] The map is initialized without a valid Map ID, which will prevent use of Advanced Markers. @ https://maps.googleapis.com/maps/api/js?key=AIzaSyBNfAGRfS1TNlH0EmxNfegqTsiwzYk6reM&v=weekly&callback=initGoogleMaps&libraries=marker:1187
[  559178ms] [ERROR] The map is initialized without a valid Map ID, which will prevent use of Advanced Markers. @ https://maps.googleapis.com/maps/api/js?key=AIzaSyBNfAGRfS1TNlH0EmxNfegqTsiwzYk6reM&v=weekly&callback=initGoogleMaps&libraries=marker:1187
[  559469ms] [ERROR] The map is initialized without a valid Map ID, which will prevent use of Advanced Markers. @ https://maps.googleapis.com/maps/api/js?key=AIzaSyBNfAGRfS1TNlH0EmxNfegqTsiwzYk6reM&v=weekly&callback=initGoogleMaps&libraries=marker:1187
[  559713ms] [ERROR] The map is initialized without a valid Map ID, which will prevent use of Advanced Markers. @ https://maps.googleapis.com/maps/api/js?key=AIzaSyBNfAGRfS1TNlH0EmxNfegqTsiwzYk6reM&v=weekly&callback=initGoogleMaps&libraries=marker:1187
[  559908ms] [ERROR] The map is initialized without a valid Map ID, which will prevent use of Advanced Markers. @ https://maps.googleapis.com/maps/api/js?key=AIzaSyBNfAGRfS1TNlH0EmxNfegqTsiwzYk6reM&v=weekly&callback=initGoogleMaps&libraries=marker:1187
[  560020ms] [ERROR] The map is initialized without a valid Map ID, which will prevent use of Advanced Markers. @ https://maps.googleapis.com/maps/api/js?key=AIzaSyBNfAGRfS1TNlH0EmxNfegqTsiwzYk6reM&v=weekly&callback=initGoogleMaps&libraries=marker:1187
[  560381ms] [ERROR] The map is initialized without a valid Map ID, which will prevent use of Advanced Markers. @ https://maps.googleapis.com/maps/api/js?key=AIzaSyBNfAGRfS1TNlH0EmxNfegqTsiwzYk6reM&v=weekly&callback=initGoogleMaps&libraries=marker:1187
[  560624ms] [ERROR] The map is initialized without a valid Map ID, which will prevent use of Advanced Markers. @ https://maps.googleapis.com/maps/api/js?key=AIzaSyBNfAGRfS1TNlH0EmxNfegqTsiwzYk6reM&v=weekly&callback=initGoogleMaps&libraries=marker:1187
[  560817ms] [ERROR] The map is initialized without a valid Map ID, which will prevent use of Advanced Markers. @ https://maps.googleapis.com/maps/api/js?key=AIzaSyBNfAGRfS1TNlH0EmxNfegqTsiwzYk6reM&v=weekly&callback=initGoogleMaps&libraries=marker:1187
[  561068ms] [ERROR] The map is initialized without a valid Map ID, which will prevent use of Advanced Markers. @ https://maps.googleapis.com/maps/api/js?key=AIzaSyBNfAGRfS1TNlH0EmxNfegqTsiwzYk6reM&v=weekly&callback=initGoogleMaps&libraries=marker:1187
[  561196ms] [ERROR] The map is initialized without a valid Map ID, which will prevent use of Advanced Markers. @ https://maps.googleapis.com/maps/api/js?key=AIzaSyBNfAGRfS1TNlH0EmxNfegqTsiwzYk6reM&v=weekly&callback=initGoogleMaps&libraries=marker:1187
[  561585ms] [ERROR] The map is initialized without a valid Map ID, which will prevent use of Advanced Markers. @ https://maps.googleapis.com/maps/api/js?key=AIzaSyBNfAGRfS1TNlH0EmxNfegqTsiwzYk6reM&v=weekly&callback=initGoogleMaps&libraries=marker:1187
[  561669ms] [ERROR] The map is initialized without a valid Map ID, which will prevent use of Advanced Markers. @ https://maps.googleapis.com/maps/api/js?key=AIzaSyBNfAGRfS1TNlH0EmxNfegqTsiwzYk6reM&v=weekly&callback=initGoogleMaps&libraries=marker:1187
[  562114ms] [ERROR] The map is initialized without a valid Map ID, which will prevent use of Advanced Markers. @ https://maps.googleapis.com/maps/api/js?key=AIzaSyBNfAGRfS1TNlH0EmxNfegqTsiwzYk6reM&v=weekly&callback=initGoogleMaps&libraries=marker:1187
[  562479ms] [ERROR] The map is initialized without a valid Map ID, which will prevent use of Advanced Markers. @ https://maps.googleapis.com/maps/api/js?key=AIzaSyBNfAGRfS1TNlH0EmxNfegqTsiwzYk6reM&v=weekly&callback=initGoogleMaps&libraries=marker:1187
[  562776ms] [ERROR] The map is initialized without a valid Map ID, which will prevent use of Advanced Markers. @ https://maps.googleapis.com/maps/api/js?key=AIzaSyBNfAGRfS1TNlH0EmxNfegqTsiwzYk6reM&v=weekly&callback=initGoogleMaps&libraries=marker:1187
[  563004ms] [ERROR] The map is initialized without a valid Map ID, which will prevent use of Advanced Markers. @ https://maps.googleapis.com/maps/api/js?key=AIzaSyBNfAGRfS1TNlH0EmxNfegqTsiwzYk6reM&v=weekly&callback=initGoogleMaps&libraries=marker:1187
[  563287ms] [ERROR] The map is initialized without a valid Map ID, which will prevent use of Advanced Markers. @ https://maps.googleapis.com/maps/api/js?key=AIzaSyBNfAGRfS1TNlH0EmxNfegqTsiwzYk6reM&v=weekly&callback=initGoogleMaps&libraries=marker:1187
[  563504ms] [ERROR] The map is initialized without a valid Map ID, which will prevent use of Advanced Markers. @ https://maps.googleapis.com/maps/api/js?key=AIzaSyBNfAGRfS1TNlH0EmxNfegqTsiwzYk6reM&v=weekly&callback=initGoogleMaps&libraries=marker:1187
[  563709ms] [ERROR] The map is initialized without a valid Map ID, which will prevent use of Advanced Markers. @ https://maps.googleapis.com/maps/api/js?key=AIzaSyBNfAGRfS1TNlH0EmxNfegqTsiwzYk6reM&v=weekly&callback=initGoogleMaps&libraries=marker:1187
[  563909ms] [ERROR] The map is initialized without a valid Map ID, which will prevent use of Advanced Markers. @ https://maps.googleapis.com/maps/api/js?key=AIzaSyBNfAGRfS1TNlH0EmxNfegqTsiwzYk6reM&v=weekly&callback=initGoogleMaps&libraries=marker:1187
[  564205ms] [ERROR] The map is initialized without a valid Map ID, which will prevent use of Advanced Markers. @ https://maps.googleapis.com/maps/api/js?key=AIzaSyBNfAGRfS1TNlH0EmxNfegqTsiwzYk6reM&v=weekly&callback=initGoogleMaps&libraries=marker:1187
[  564381ms] [ERROR] The map is initialized without a valid Map ID, which will prevent use of Advanced Markers. @ https://maps.googleapis.com/maps/api/js?key=AIzaSyBNfAGRfS1TNlH0EmxNfegqTsiwzYk6reM&v=weekly&callback=initGoogleMaps&libraries=marker:1187
[  564495ms] [ERROR] The map is initialized without a valid Map ID, which will prevent use of Advanced Markers. @ https://maps.googleapis.com/maps/api/js?key=AIzaSyBNfAGRfS1TNlH0EmxNfegqTsiwzYk6reM&v=weekly&callback=initGoogleMaps&libraries=marker:1187
[  564971ms] [ERROR] The map is initialized without a valid Map ID, which will prevent use of Advanced Markers. @ https://maps.googleapis.com/maps/api/js?key=AIzaSyBNfAGRfS1TNlH0EmxNfegqTsiwzYk6reM&v=weekly&callback=initGoogleMaps&libraries=marker:1187
[  565110ms] [ERROR] The map is initialized without a valid Map ID, which will prevent use of Advanced Markers. @ https://maps.googleapis.com/maps/api/js?key=AIzaSyBNfAGRfS1TNlH0EmxNfegqTsiwzYk6reM&v=weekly&callback=initGoogleMaps&libraries=marker:1187
[  565494ms] [ERROR] The map is initialized without a valid Map ID, which will prevent use of Advanced Markers. @ https://maps.googleapis.com/maps/api/js?key=AIzaSyBNfAGRfS1TNlH0EmxNfegqTsiwzYk6reM&v=weekly&callback=initGoogleMaps&libraries=marker:1187
[  565691ms] [ERROR] The map is initialized without a valid Map ID, which will prevent use of Advanced Markers. @ https://maps.googleapis.com/maps/api/js?key=AIzaSyBNfAGRfS1TNlH0EmxNfegqTsiwzYk6reM&v=weekly&callback=initGoogleMaps&libraries=marker:1187
[  565879ms] [ERROR] The map is initialized without a valid Map ID, which will prevent use of Advanced Markers. @ https://maps.googleapis.com/maps/api/js?key=AIzaSyBNfAGRfS1TNlH0EmxNfegqTsiwzYk6reM&v=weekly&callback=initGoogleMaps&libraries=marker:1187
[  566024ms] [ERROR] The map is initialized without a valid Map ID, which will prevent use of Advanced Markers. @ https://maps.googleapis.com/maps/api/js?key=AIzaSyBNfAGRfS1TNlH0EmxNfegqTsiwzYk6reM&v=weekly&callback=initGoogleMaps&libraries=marker:1187
[  566202ms] [ERROR] The map is initialized without a valid Map ID, which will prevent use of Advanced Markers. @ https://maps.googleapis.com/maps/api/js?key=AIzaSyBNfAGRfS1TNlH0EmxNfegqTsiwzYk6reM&v=weekly&callback=initGoogleMaps&libraries=marker:1187
[  566484ms] [ERROR] The map is initialized without a valid Map ID, which will prevent use of Advanced Markers. @ https://maps.googleapis.com/maps/api/js?key=AIzaSyBNfAGRfS1TNlH0EmxNfegqTsiwzYk6reM&v=weekly&callback=initGoogleMaps&libraries=marker:1187
[  566709ms] [ERROR] The map is initialized without a valid Map ID, which will prevent use of Advanced Markers. @ https://maps.googleapis.com/maps/api/js?key=AIzaSyBNfAGRfS1TNlH0EmxNfegqTsiwzYk6reM&v=weekly&callback=initGoogleMaps&libraries=marker:1187
[  566891ms] [ERROR] The map is initialized without a valid Map ID, which will prevent use of Advanced Markers. @ https://maps.googleapis.com/maps/api/js?key=AIzaSyBNfAGRfS1TNlH0EmxNfegqTsiwzYk6reM&v=weekly&callback=initGoogleMaps&libraries=marker:1187
[  567238ms] [ERROR] The map is initialized without a valid Map ID, which will prevent use of Advanced Markers. @ https://maps.googleapis.com/maps/api/js?key=AIzaSyBNfAGRfS1TNlH0EmxNfegqTsiwzYk6reM&v=weekly&callback=initGoogleMaps&libraries=marker:1187
[  567293ms] [ERROR] The map is initialized without a valid Map ID, which will prevent use of Advanced Markers. @ https://maps.googleapis.com/maps/api/js?key=AIzaSyBNfAGRfS1TNlH0EmxNfegqTsiwzYk6reM&v=weekly&callback=initGoogleMaps&libraries=marker:1187
[  567727ms] [ERROR] The map is initialized without a valid Map ID, which will prevent use of Advanced Markers. @ https://maps.googleapis.com/maps/api/js?key=AIzaSyBNfAGRfS1TNlH0EmxNfegqTsiwzYk6reM&v=weekly&callback=initGoogleMaps&libraries=marker:1187
[  567910ms] [ERROR] The map is initialized without a valid Map ID, which will prevent use of Advanced Markers. @ https://maps.googleapis.com/maps/api/js?key=AIzaSyBNfAGRfS1TNlH0EmxNfegqTsiwzYk6reM&v=weekly&callback=initGoogleMaps&libraries=marker:1187
[  568208ms] [ERROR] The map is initialized without a valid Map ID, which will prevent use of Advanced Markers. @ https://maps.googleapis.com/maps/api/js?key=AIzaSyBNfAGRfS1TNlH0EmxNfegqTsiwzYk6reM&v=weekly&callback=initGoogleMaps&libraries=marker:1187
[  568580ms] [ERROR] The map is initialized without a valid Map ID, which will prevent use of Advanced Markers. @ https://maps.googleapis.com/maps/api/js?key=AIzaSyBNfAGRfS1TNlH0EmxNfegqTsiwzYk6reM&v=weekly&callback=initGoogleMaps&libraries=marker:1187
[  568792ms] [ERROR] The map is initialized without a valid Map ID, which will prevent use of Advanced Markers. @ https://maps.googleapis.com/maps/api/js?key=AIzaSyBNfAGRfS1TNlH0EmxNfegqTsiwzYk6reM&v=weekly&callback=initGoogleMaps&libraries=marker:1187
[  568923ms] [ERROR] The map is initialized without a valid Map ID, which will prevent use of Advanced Markers. @ https://maps.googleapis.com/maps/api/js?key=AIzaSyBNfAGRfS1TNlH0EmxNfegqTsiwzYk6reM&v=weekly&callback=initGoogleMaps&libraries=marker:1187
[  569110ms] [ERROR] The map is initialized without a valid Map ID, which will prevent use of Advanced Markers. @ https://maps.googleapis.com/maps/api/js?key=AIzaSyBNfAGRfS1TNlH0EmxNfegqTsiwzYk6reM&v=weekly&callback=initGoogleMaps&libraries=marker:1187
[  569203ms] [ERROR] The map is initialized without a valid Map ID, which will prevent use of Advanced Markers. @ https://maps.googleapis.com/maps/api/js?key=AIzaSyBNfAGRfS1TNlH0EmxNfegqTsiwzYk6reM&v=weekly&callback=initGoogleMaps&libraries=marker:1187
[  569477ms] [ERROR] The map is initialized without a valid Map ID, which will prevent use of Advanced Markers. @ https://maps.googleapis.com/maps/api/js?key=AIzaSyBNfAGRfS1TNlH0EmxNfegqTsiwzYk6reM&v=weekly&callback=initGoogleMaps&libraries=marker:1187
[  569868ms] [ERROR] The map is initialized without a valid Map ID, which will prevent use of Advanced Markers. @ https://maps.googleapis.com/maps/api/js?key=AIzaSyBNfAGRfS1TNlH0EmxNfegqTsiwzYk6reM&v=weekly&callback=initGoogleMaps&libraries=marker:1187
[  570401ms] [ERROR] The map is initialized without a valid Map ID, which will prevent use of Advanced Markers. @ https://maps.googleapis.com/maps/api/js?key=AIzaSyBNfAGRfS1TNlH0EmxNfegqTsiwzYk6reM&v=weekly&callback=initGoogleMaps&libraries=marker:1187
[  570675ms] [ERROR] The map is initialized without a valid Map ID, which will prevent use of Advanced Markers. @ https://maps.googleapis.com/maps/api/js?key=AIzaSyBNfAGRfS1TNlH0EmxNfegqTsiwzYk6reM&v=weekly&callback=initGoogleMaps&libraries=marker:1187
[  570809ms] [ERROR] The map is initialized without a valid Map ID, which will prevent use of Advanced Markers. @ https://maps.googleapis.com/maps/api/js?key=AIzaSyBNfAGRfS1TNlH0EmxNfegqTsiwzYk6reM&v=weekly&callback=initGoogleMaps&libraries=marker:1187
[  571117ms] [ERROR] The map is initialized without a valid Map ID, which will prevent use of Advanced Markers. @ https://maps.googleapis.com/maps/api/js?key=AIzaSyBNfAGRfS1TNlH0EmxNfegqTsiwzYk6reM&v=weekly&callback=initGoogleMaps&libraries=marker:1187
[  571292ms] [ERROR] The map is initialized without a valid Map ID, which will prevent use of Advanced Markers. @ https://maps.googleapis.com/maps/api/js?key=AIzaSyBNfAGRfS1TNlH0EmxNfegqTsiwzYk6reM&v=weekly&callback=initGoogleMaps&libraries=marker:1187
[  571506ms] [ERROR] The map is initialized without a valid Map ID, which will prevent use of Advanced Markers. @ https://maps.googleapis.com/maps/api/js?key=AIzaSyBNfAGRfS1TNlH0EmxNfegqTsiwzYk6reM&v=weekly&callback=initGoogleMaps&libraries=marker:1187
[  571782ms] [ERROR] The map is initialized without a valid Map ID, which will prevent use of Advanced Markers. @ https://maps.googleapis.com/maps/api/js?key=AIzaSyBNfAGRfS1TNlH0EmxNfegqTsiwzYk6reM&v=weekly&callback=initGoogleMaps&libraries=marker:1187
[  572004ms] [ERROR] The map is initialized without a valid Map ID, which will prevent use of Advanced Markers. @ https://maps.googleapis.com/maps/api/js?key=AIzaSyBNfAGRfS1TNlH0EmxNfegqTsiwzYk6reM&v=weekly&callback=initGoogleMaps&libraries=marker:1187
[  572397ms] [ERROR] The map is initialized without a valid Map ID, which will prevent use of Advanced Markers. @ https://maps.googleapis.com/maps/api/js?key=AIzaSyBNfAGRfS1TNlH0EmxNfegqTsiwzYk6reM&v=weekly&callback=initGoogleMaps&libraries=marker:1187
[  572715ms] [ERROR] The map is initialized without a valid Map ID, which will prevent use of Advanced Markers. @ https://maps.googleapis.com/maps/api/js?key=AIzaSyBNfAGRfS1TNlH0EmxNfegqTsiwzYk6reM&v=weekly&callback=initGoogleMaps&libraries=marker:1187
[  573004ms] [ERROR] The map is initialized without a valid Map ID, which will prevent use of Advanced Markers. @ https://maps.googleapis.com/maps/api/js?key=AIzaSyBNfAGRfS1TNlH0EmxNfegqTsiwzYk6reM&v=weekly&callback=initGoogleMaps&libraries=marker:1187
[  573194ms] [ERROR] The map is initialized without a valid Map ID, which will prevent use of Advanced Markers. @ https://maps.googleapis.com/maps/api/js?key=AIzaSyBNfAGRfS1TNlH0EmxNfegqTsiwzYk6reM&v=weekly&callback=initGoogleMaps&libraries=marker:1187
[  573720ms] [ERROR] The map is initialized without a valid Map ID, which will prevent use of Advanced Markers. @ https://maps.googleapis.com/maps/api/js?key=AIzaSyBNfAGRfS1TNlH0EmxNfegqTsiwzYk6reM&v=weekly&callback=initGoogleMaps&libraries=marker:1187
[  574000ms] [ERROR] The map is initialized without a valid Map ID, which will prevent use of Advanced Markers. @ https://maps.googleapis.com/maps/api/js?key=AIzaSyBNfAGRfS1TNlH0EmxNfegqTsiwzYk6reM&v=weekly&callback=initGoogleMaps&libraries=marker:1187
[  574204ms] [ERROR] The map is initialized without a valid Map ID, which will prevent use of Advanced Markers. @ https://maps.googleapis.com/maps/api/js?key=AIzaSyBNfAGRfS1TNlH0EmxNfegqTsiwzYk6reM&v=weekly&callback=initGoogleMaps&libraries=marker:1187
[  574482ms] [ERROR] The map is initialized without a valid Map ID, which will prevent use of Advanced Markers. @ https://maps.googleapis.com/maps/api/js?key=AIzaSyBNfAGRfS1TNlH0EmxNfegqTsiwzYk6reM&v=weekly&callback=initGoogleMaps&libraries=marker:1187
[  574619ms] [ERROR] The map is initialized without a valid Map ID, which will prevent use of Advanced Markers. @ https://maps.googleapis.com/maps/api/js?key=AIzaSyBNfAGRfS1TNlH0EmxNfegqTsiwzYk6reM&v=weekly&callback=initGoogleMaps&libraries=marker:1187
[  574873ms] [ERROR] The map is initialized without a valid Map ID, which will prevent use of Advanced Markers. @ https://maps.googleapis.com/maps/api/js?key=AIzaSyBNfAGRfS1TNlH0EmxNfegqTsiwzYk6reM&v=weekly&callback=initGoogleMaps&libraries=marker:1187
[  575021ms] [ERROR] The map is initialized without a valid Map ID, which will prevent use of Advanced Markers. @ https://maps.googleapis.com/maps/api/js?key=AIzaSyBNfAGRfS1TNlH0EmxNfegqTsiwzYk6reM&v=weekly&callback=initGoogleMaps&libraries=marker:1187
[  575324ms] [ERROR] The map is initialized without a valid Map ID, which will prevent use of Advanced Markers. @ https://maps.googleapis.com/maps/api/js?key=AIzaSyBNfAGRfS1TNlH0EmxNfegqTsiwzYk6reM&v=weekly&callback=initGoogleMaps&libraries=marker:1187
[  575508ms] [ERROR] The map is initialized without a valid Map ID, which will prevent use of Advanced Markers. @ https://maps.googleapis.com/maps/api/js?key=AIzaSyBNfAGRfS1TNlH0EmxNfegqTsiwzYk6reM&v=weekly&callback=initGoogleMaps&libraries=marker:1187
[  575740ms] [ERROR] The map is initialized without a valid Map ID, which will prevent use of Advanced Markers. @ https://maps.googleapis.com/maps/api/js?key=AIzaSyBNfAGRfS1TNlH0EmxNfegqTsiwzYk6reM&v=weekly&callback=initGoogleMaps&libraries=marker:1187
[  575993ms] [ERROR] The map is initialized without a valid Map ID, which will prevent use of Advanced Markers. @ https://maps.googleapis.com/maps/api/js?key=AIzaSyBNfAGRfS1TNlH0EmxNfegqTsiwzYk6reM&v=weekly&callback=initGoogleMaps&libraries=marker:1187
[  576306ms] [ERROR] The map is initialized without a valid Map ID, which will prevent use of Advanced Markers. @ https://maps.googleapis.com/maps/api/js?key=AIzaSyBNfAGRfS1TNlH0EmxNfegqTsiwzYk6reM&v=weekly&callback=initGoogleMaps&libraries=marker:1187
[  576587ms] [ERROR] The map is initialized without a valid Map ID, which will prevent use of Advanced Markers. @ https://maps.googleapis.com/maps/api/js?key=AIzaSyBNfAGRfS1TNlH0EmxNfegqTsiwzYk6reM&v=weekly&callback=initGoogleMaps&libraries=marker:1187
[  577097ms] [ERROR] The map is initialized without a valid Map ID, which will prevent use of Advanced Markers. @ https://maps.googleapis.com/maps/api/js?key=AIzaSyBNfAGRfS1TNlH0EmxNfegqTsiwzYk6reM&v=weekly&callback=initGoogleMaps&libraries=marker:1187
[  577474ms] [ERROR] The map is initialized without a valid Map ID, which will prevent use of Advanced Markers. @ https://maps.googleapis.com/maps/api/js?key=AIzaSyBNfAGRfS1TNlH0EmxNfegqTsiwzYk6reM&v=weekly&callback=initGoogleMaps&libraries=marker:1187
[  577888ms] [ERROR] The map is initialized without a valid Map ID, which will prevent use of Advanced Markers. @ https://maps.googleapis.com/maps/api/js?key=AIzaSyBNfAGRfS1TNlH0EmxNfegqTsiwzYk6reM&v=weekly&callback=initGoogleMaps&libraries=marker:1187
[  578113ms] [ERROR] The map is initialized without a valid Map ID, which will prevent use of Advanced Markers. @ https://maps.googleapis.com/maps/api/js?key=AIzaSyBNfAGRfS1TNlH0EmxNfegqTsiwzYk6reM&v=weekly&callback=initGoogleMaps&libraries=marker:1187
[  578273ms] [ERROR] The map is initialized without a valid Map ID, which will prevent use of Advanced Markers. @ https://maps.googleapis.com/maps/api/js?key=AIzaSyBNfAGRfS1TNlH0EmxNfegqTsiwzYk6reM&v=weekly&callback=initGoogleMaps&libraries=marker:1187
[  578829ms] [ERROR] The map is initialized without a valid Map ID, which will prevent use of Advanced Markers. @ https://maps.googleapis.com/maps/api/js?key=AIzaSyBNfAGRfS1TNlH0EmxNfegqTsiwzYk6reM&v=weekly&callback=initGoogleMaps&libraries=marker:1187
[  579043ms] [ERROR] The map is initialized without a valid Map ID, which will prevent use of Advanced Markers. @ https://maps.googleapis.com/maps/api/js?key=AIzaSyBNfAGRfS1TNlH0EmxNfegqTsiwzYk6reM&v=weekly&callback=initGoogleMaps&libraries=marker:1187
[  579394ms] [ERROR] The map is initialized without a valid Map ID, which will prevent use of Advanced Markers. @ https://maps.googleapis.com/maps/api/js?key=AIzaSyBNfAGRfS1TNlH0EmxNfegqTsiwzYk6reM&v=weekly&callback=initGoogleMaps&libraries=marker:1187
[  579535ms] [ERROR] The map is initialized without a valid Map ID, which will prevent use of Advanced Markers. @ https://maps.googleapis.com/maps/api/js?key=AIzaSyBNfAGRfS1TNlH0EmxNfegqTsiwzYk6reM&v=weekly&callback=initGoogleMaps&libraries=marker:1187
[  580073ms] [ERROR] The map is initialized without a valid Map ID, which will prevent use of Advanced Markers. @ https://maps.googleapis.com/maps/api/js?key=AIzaSyBNfAGRfS1TNlH0EmxNfegqTsiwzYk6reM&v=weekly&callback=initGoogleMaps&libraries=marker:1187
[  580293ms] [ERROR] The map is initialized without a valid Map ID, which will prevent use of Advanced Markers. @ https://maps.googleapis.com/maps/api/js?key=AIzaSyBNfAGRfS1TNlH0EmxNfegqTsiwzYk6reM&v=weekly&callback=initGoogleMaps&libraries=marker:1187
[  580638ms] [ERROR] The map is initialized without a valid Map ID, which will prevent use of Advanced Markers. @ https://maps.googleapis.com/maps/api/js?key=AIzaSyBNfAGRfS1TNlH0EmxNfegqTsiwzYk6reM&v=weekly&callback=initGoogleMaps&libraries=marker:1187
[  581304ms] [ERROR] The map is initialized without a valid Map ID, which will prevent use of Advanced Markers. @ https://maps.googleapis.com/maps/api/js?key=AIzaSyBNfAGRfS1TNlH0EmxNfegqTsiwzYk6reM&v=weekly&callback=initGoogleMaps&libraries=marker:1187
[  581481ms] [ERROR] The map is initialized without a valid Map ID, which will prevent use of Advanced Markers. @ https://maps.googleapis.com/maps/api/js?key=AIzaSyBNfAGRfS1TNlH0EmxNfegqTsiwzYk6reM&v=weekly&callback=initGoogleMaps&libraries=marker:1187
[  581696ms] [ERROR] The map is initialized without a valid Map ID, which will prevent use of Advanced Markers. @ https://maps.googleapis.com/maps/api/js?key=AIzaSyBNfAGRfS1TNlH0EmxNfegqTsiwzYk6reM&v=weekly&callback=initGoogleMaps&libraries=marker:1187
[  581898ms] [ERROR] The map is initialized without a valid Map ID, which will prevent use of Advanced Markers. @ https://maps.googleapis.com/maps/api/js?key=AIzaSyBNfAGRfS1TNlH0EmxNfegqTsiwzYk6reM&v=weekly&callback=initGoogleMaps&libraries=marker:1187
[  582004ms] [ERROR] The map is initialized without a valid Map ID, which will prevent use of Advanced Markers. @ https://maps.googleapis.com/maps/api/js?key=AIzaSyBNfAGRfS1TNlH0EmxNfegqTsiwzYk6reM&v=weekly&callback=initGoogleMaps&libraries=marker:1187
[  582371ms] [ERROR] The map is initialized without a valid Map ID, which will prevent use of Advanced Markers. @ https://maps.googleapis.com/maps/api/js?key=AIzaSyBNfAGRfS1TNlH0EmxNfegqTsiwzYk6reM&v=weekly&callback=initGoogleMaps&libraries=marker:1187
[  582575ms] [ERROR] The map is initialized without a valid Map ID, which will prevent use of Advanced Markers. @ https://maps.googleapis.com/maps/api/js?key=AIzaSyBNfAGRfS1TNlH0EmxNfegqTsiwzYk6reM&v=weekly&callback=initGoogleMaps&libraries=marker:1187
[  582695ms] [ERROR] The map is initialized without a valid Map ID, which will prevent use of Advanced Markers. @ https://maps.googleapis.com/maps/api/js?key=AIzaSyBNfAGRfS1TNlH0EmxNfegqTsiwzYk6reM&v=weekly&callback=initGoogleMaps&libraries=marker:1187
[  582891ms] [ERROR] The map is initialized without a valid Map ID, which will prevent use of Advanced Markers. @ https://maps.googleapis.com/maps/api/js?key=AIzaSyBNfAGRfS1TNlH0EmxNfegqTsiwzYk6reM&v=weekly&callback=initGoogleMaps&libraries=marker:1187
[  583293ms] [ERROR] The map is initialized without a valid Map ID, which will prevent use of Advanced Markers. @ https://maps.googleapis.com/maps/api/js?key=AIzaSyBNfAGRfS1TNlH0EmxNfegqTsiwzYk6reM&v=weekly&callback=initGoogleMaps&libraries=marker:1187
[  583574ms] [ERROR] The map is initialized without a valid Map ID, which will prevent use of Advanced Markers. @ https://maps.googleapis.com/maps/api/js?key=AIzaSyBNfAGRfS1TNlH0EmxNfegqTsiwzYk6reM&v=weekly&callback=initGoogleMaps&libraries=marker:1187
[  583736ms] [ERROR] The map is initialized without a valid Map ID, which will prevent use of Advanced Markers. @ https://maps.googleapis.com/maps/api/js?key=AIzaSyBNfAGRfS1TNlH0EmxNfegqTsiwzYk6reM&v=weekly&callback=initGoogleMaps&libraries=marker:1187
[  584053ms] [ERROR] The map is initialized without a valid Map ID, which will prevent use of Advanced Markers. @ https://maps.googleapis.com/maps/api/js?key=AIzaSyBNfAGRfS1TNlH0EmxNfegqTsiwzYk6reM&v=weekly&callback=initGoogleMaps&libraries=marker:1187
[  584468ms] [ERROR] The map is initialized without a valid Map ID, which will prevent use of Advanced Markers. @ https://maps.googleapis.com/maps/api/js?key=AIzaSyBNfAGRfS1TNlH0EmxNfegqTsiwzYk6reM&v=weekly&callback=initGoogleMaps&libraries=marker:1187
[  585016ms] [ERROR] The map is initialized without a valid Map ID, which will prevent use of Advanced Markers. @ https://maps.googleapis.com/maps/api/js?key=AIzaSyBNfAGRfS1TNlH0EmxNfegqTsiwzYk6reM&v=weekly&callback=initGoogleMaps&libraries=marker:1187
[  585393ms] [ERROR] The map is initialized without a valid Map ID, which will prevent use of Advanced Markers. @ https://maps.googleapis.com/maps/api/js?key=AIzaSyBNfAGRfS1TNlH0EmxNfegqTsiwzYk6reM&v=weekly&callback=initGoogleMaps&libraries=marker:1187
[  586088ms] [ERROR] The map is initialized without a valid Map ID, which will prevent use of Advanced Markers. @ https://maps.googleapis.com/maps/api/js?key=AIzaSyBNfAGRfS1TNlH0EmxNfegqTsiwzYk6reM&v=weekly&callback=initGoogleMaps&libraries=marker:1187
[  587087ms] [ERROR] The map is initialized without a valid Map ID, which will prevent use of Advanced Markers. @ https://maps.googleapis.com/maps/api/js?key=AIzaSyBNfAGRfS1TNlH0EmxNfegqTsiwzYk6reM&v=weekly&callback=initGoogleMaps&libraries=marker:1187
[  587210ms] [ERROR] The map is initialized without a valid Map ID, which will prevent use of Advanced Markers. @ https://maps.googleapis.com/maps/api/js?key=AIzaSyBNfAGRfS1TNlH0EmxNfegqTsiwzYk6reM&v=weekly&callback=initGoogleMaps&libraries=marker:1187
[  587783ms] [ERROR] The map is initialized without a valid Map ID, which will prevent use of Advanced Markers. @ https://maps.googleapis.com/maps/api/js?key=AIzaSyBNfAGRfS1TNlH0EmxNfegqTsiwzYk6reM&v=weekly&callback=initGoogleMaps&libraries=marker:1187
[  588066ms] [ERROR] The map is initialized without a valid Map ID, which will prevent use of Advanced Markers. @ https://maps.googleapis.com/maps/api/js?key=AIzaSyBNfAGRfS1TNlH0EmxNfegqTsiwzYk6reM&v=weekly&callback=initGoogleMaps&libraries=marker:1187
[  588770ms] [ERROR] The map is initialized without a valid Map ID, which will prevent use of Advanced Markers. @ https://maps.googleapis.com/maps/api/js?key=AIzaSyBNfAGRfS1TNlH0EmxNfegqTsiwzYk6reM&v=weekly&callback=initGoogleMaps&libraries=marker:1187
[  589374ms] [ERROR] The map is initialized without a valid Map ID, which will prevent use of Advanced Markers. @ https://maps.googleapis.com/maps/api/js?key=AIzaSyBNfAGRfS1TNlH0EmxNfegqTsiwzYk6reM&v=weekly&callback=initGoogleMaps&libraries=marker:1187
[  589687ms] [ERROR] The map is initialized without a valid Map ID, which will prevent use of Advanced Markers. @ https://maps.googleapis.com/maps/api/js?key=AIzaSyBNfAGRfS1TNlH0EmxNfegqTsiwzYk6reM&v=weekly&callback=initGoogleMaps&libraries=marker:1187
[  590195ms] [ERROR] The map is initialized without a valid Map ID, which will prevent use of Advanced Markers. @ https://maps.googleapis.com/maps/api/js?key=AIzaSyBNfAGRfS1TNlH0EmxNfegqTsiwzYk6reM&v=weekly&callback=initGoogleMaps&libraries=marker:1187
[  590698ms] [ERROR] The map is initialized without a valid Map ID, which will prevent use of Advanced Markers. @ https://maps.googleapis.com/maps/api/js?key=AIzaSyBNfAGRfS1TNlH0EmxNfegqTsiwzYk6reM&v=weekly&callback=initGoogleMaps&libraries=marker:1187
[  591186ms] [ERROR] The map is initialized without a valid Map ID, which will prevent use of Advanced Markers. @ https://maps.googleapis.com/maps/api/js?key=AIzaSyBNfAGRfS1TNlH0EmxNfegqTsiwzYk6reM&v=weekly&callback=initGoogleMaps&libraries=marker:1187
[  591799ms] [ERROR] The map is initialized without a valid Map ID, which will prevent use of Advanced Markers. @ https://maps.googleapis.com/maps/api/js?key=AIzaSyBNfAGRfS1TNlH0EmxNfegqTsiwzYk6reM&v=weekly&callback=initGoogleMaps&libraries=marker:1187
[  592185ms] [ERROR] The map is initialized without a valid Map ID, which will prevent use of Advanced Markers. @ https://maps.googleapis.com/maps/api/js?key=AIzaSyBNfAGRfS1TNlH0EmxNfegqTsiwzYk6reM&v=weekly&callback=initGoogleMaps&libraries=marker:1187
[  592510ms] [ERROR] The map is initialized without a valid Map ID, which will prevent use of Advanced Markers. @ https://maps.googleapis.com/maps/api/js?key=AIzaSyBNfAGRfS1TNlH0EmxNfegqTsiwzYk6reM&v=weekly&callback=initGoogleMaps&libraries=marker:1187
[  593101ms] [ERROR] The map is initialized without a valid Map ID, which will prevent use of Advanced Markers. @ https://maps.googleapis.com/maps/api/js?key=AIzaSyBNfAGRfS1TNlH0EmxNfegqTsiwzYk6reM&v=weekly&callback=initGoogleMaps&libraries=marker:1187
[  593779ms] [ERROR] The map is initialized without a valid Map ID, which will prevent use of Advanced Markers. @ https://maps.googleapis.com/maps/api/js?key=AIzaSyBNfAGRfS1TNlH0EmxNfegqTsiwzYk6reM&v=weekly&callback=initGoogleMaps&libraries=marker:1187
[  594789ms] [ERROR] The map is initialized without a valid Map ID, which will prevent use of Advanced Markers. @ https://maps.googleapis.com/maps/api/js?key=AIzaSyBNfAGRfS1TNlH0EmxNfegqTsiwzYk6reM&v=weekly&callback=initGoogleMaps&libraries=marker:1187
[  595179ms] [ERROR] The map is initialized without a valid Map ID, which will prevent use of Advanced Markers. @ https://maps.googleapis.com/maps/api/js?key=AIzaSyBNfAGRfS1TNlH0EmxNfegqTsiwzYk6reM&v=weekly&callback=initGoogleMaps&libraries=marker:1187
[  595484ms] [ERROR] The map is initialized without a valid Map ID, which will prevent use of Advanced Markers. @ https://maps.googleapis.com/maps/api/js?key=AIzaSyBNfAGRfS1TNlH0EmxNfegqTsiwzYk6reM&v=weekly&callback=initGoogleMaps&libraries=marker:1187
[  595779ms] [ERROR] The map is initialized without a valid Map ID, which will prevent use of Advanced Markers. @ https://maps.googleapis.com/maps/api/js?key=AIzaSyBNfAGRfS1TNlH0EmxNfegqTsiwzYk6reM&v=weekly&callback=initGoogleMaps&libraries=marker:1187
[  596101ms] [ERROR] The map is initialized without a valid Map ID, which will prevent use of Advanced Markers. @ https://maps.googleapis.com/maps/api/js?key=AIzaSyBNfAGRfS1TNlH0EmxNfegqTsiwzYk6reM&v=weekly&callback=initGoogleMaps&libraries=marker:1187
[  597610ms] [ERROR] The map is initialized without a valid Map ID, which will prevent use of Advanced Markers. @ https://maps.googleapis.com/maps/api/js?key=AIzaSyBNfAGRfS1TNlH0EmxNfegqTsiwzYk6reM&v=weekly&callback=initGoogleMaps&libraries=marker:1187
[  598411ms] [ERROR] The map is initialized without a valid Map ID, which will prevent use of Advanced Markers. @ https://maps.googleapis.com/maps/api/js?key=AIzaSyBNfAGRfS1TNlH0EmxNfegqTsiwzYk6reM&v=weekly&callback=initGoogleMaps&libraries=marker:1187
[  598605ms] [ERROR] The map is initialized without a valid Map ID, which will prevent use of Advanced Markers. @ https://maps.googleapis.com/maps/api/js?key=AIzaSyBNfAGRfS1TNlH0EmxNfegqTsiwzYk6reM&v=weekly&callback=initGoogleMaps&libraries=marker:1187
[  598802ms] [ERROR] The map is initialized without a valid Map ID, which will prevent use of Advanced Markers. @ https://maps.googleapis.com/maps/api/js?key=AIzaSyBNfAGRfS1TNlH0EmxNfegqTsiwzYk6reM&v=weekly&callback=initGoogleMaps&libraries=marker:1187
[  598919ms] [ERROR] The map is initialized without a valid Map ID, which will prevent use of Advanced Markers. @ https://maps.googleapis.com/maps/api/js?key=AIzaSyBNfAGRfS1TNlH0EmxNfegqTsiwzYk6reM&v=weekly&callback=initGoogleMaps&libraries=marker:1187
[  599092ms] [ERROR] The map is initialized without a valid Map ID, which will prevent use of Advanced Markers. @ https://maps.googleapis.com/maps/api/js?key=AIzaSyBNfAGRfS1TNlH0EmxNfegqTsiwzYk6reM&v=weekly&callback=initGoogleMaps&libraries=marker:1187
[  599324ms] [ERROR] The map is initialized without a valid Map ID, which will prevent use of Advanced Markers. @ https://maps.googleapis.com/maps/api/js?key=AIzaSyBNfAGRfS1TNlH0EmxNfegqTsiwzYk6reM&v=weekly&callback=initGoogleMaps&libraries=marker:1187
[  599538ms] [ERROR] The map is initialized without a valid Map ID, which will prevent use of Advanced Markers. @ https://maps.googleapis.com/maps/api/js?key=AIzaSyBNfAGRfS1TNlH0EmxNfegqTsiwzYk6reM&v=weekly&callback=initGoogleMaps&libraries=marker:1187
[  599950ms] [ERROR] The map is initialized without a valid Map ID, which will prevent use of Advanced Markers. @ https://maps.googleapis.com/maps/api/js?key=AIzaSyBNfAGRfS1TNlH0EmxNfegqTsiwzYk6reM&v=weekly&callback=initGoogleMaps&libraries=marker:1187
[  600163ms] [ERROR] The map is initialized without a valid Map ID, which will prevent use of Advanced Markers. @ https://maps.googleapis.com/maps/api/js?key=AIzaSyBNfAGRfS1TNlH0EmxNfegqTsiwzYk6reM&v=weekly&callback=initGoogleMaps&libraries=marker:1187
[  600307ms] [ERROR] The map is initialized without a valid Map ID, which will prevent use of Advanced Markers. @ https://maps.googleapis.com/maps/api/js?key=AIzaSyBNfAGRfS1TNlH0EmxNfegqTsiwzYk6reM&v=weekly&callback=initGoogleMaps&libraries=marker:1187
[  600626ms] [ERROR] The map is initialized without a valid Map ID, which will prevent use of Advanced Markers. @ https://maps.googleapis.com/maps/api/js?key=AIzaSyBNfAGRfS1TNlH0EmxNfegqTsiwzYk6reM&v=weekly&callback=initGoogleMaps&libraries=marker:1187
[  600697ms] [ERROR] The map is initialized without a valid Map ID, which will prevent use of Advanced Markers. @ https://maps.googleapis.com/maps/api/js?key=AIzaSyBNfAGRfS1TNlH0EmxNfegqTsiwzYk6reM&v=weekly&callback=initGoogleMaps&libraries=marker:1187
[  600723ms] [ERROR] The map is initialized without a valid Map ID, which will prevent use of Advanced Markers. @ https://maps.googleapis.com/maps/api/js?key=AIzaSyBNfAGRfS1TNlH0EmxNfegqTsiwzYk6reM&v=weekly&callback=initGoogleMaps&libraries=marker:1187
[  600935ms] [ERROR] The map is initialized without a valid Map ID, which will prevent use of Advanced Markers. @ https://maps.googleapis.com/maps/api/js?key=AIzaSyBNfAGRfS1TNlH0EmxNfegqTsiwzYk6reM&v=weekly&callback=initGoogleMaps&libraries=marker:1187
[  601330ms] [ERROR] The map is initialized without a valid Map ID, which will prevent use of Advanced Markers. @ https://maps.googleapis.com/maps/api/js?key=AIzaSyBNfAGRfS1TNlH0EmxNfegqTsiwzYk6reM&v=weekly&callback=initGoogleMaps&libraries=marker:1187
[  601402ms] [ERROR] The map is initialized without a valid Map ID, which will prevent use of Advanced Markers. @ https://maps.googleapis.com/maps/api/js?key=AIzaSyBNfAGRfS1TNlH0EmxNfegqTsiwzYk6reM&v=weekly&callback=initGoogleMaps&libraries=marker:1187
[  601534ms] [ERROR] The map is initialized without a valid Map ID, which will prevent use of Advanced Markers. @ https://maps.googleapis.com/maps/api/js?key=AIzaSyBNfAGRfS1TNlH0EmxNfegqTsiwzYk6reM&v=weekly&callback=initGoogleMaps&libraries=marker:1187
[  601704ms] [ERROR] The map is initialized without a valid Map ID, which will prevent use of Advanced Markers. @ https://maps.googleapis.com/maps/api/js?key=AIzaSyBNfAGRfS1TNlH0EmxNfegqTsiwzYk6reM&v=weekly&callback=initGoogleMaps&libraries=marker:1187
[  601867ms] [ERROR] The map is initialized without a valid Map ID, which will prevent use of Advanced Markers. @ https://maps.googleapis.com/maps/api/js?key=AIzaSyBNfAGRfS1TNlH0EmxNfegqTsiwzYk6reM&v=weekly&callback=initGoogleMaps&libraries=marker:1187
[  601944ms] [ERROR] The map is initialized without a valid Map ID, which will prevent use of Advanced Markers. @ https://maps.googleapis.com/maps/api/js?key=AIzaSyBNfAGRfS1TNlH0EmxNfegqTsiwzYk6reM&v=weekly&callback=initGoogleMaps&libraries=marker:1187
[  602090ms] [ERROR] The map is initialized without a valid Map ID, which will prevent use of Advanced Markers. @ https://maps.googleapis.com/maps/api/js?key=AIzaSyBNfAGRfS1TNlH0EmxNfegqTsiwzYk6reM&v=weekly&callback=initGoogleMaps&libraries=marker:1187
[  602369ms] [ERROR] The map is initialized without a valid Map ID, which will prevent use of Advanced Markers. @ https://maps.googleapis.com/maps/api/js?key=AIzaSyBNfAGRfS1TNlH0EmxNfegqTsiwzYk6reM&v=weekly&callback=initGoogleMaps&libraries=marker:1187
[  602474ms] [ERROR] The map is initialized without a valid Map ID, which will prevent use of Advanced Markers. @ https://maps.googleapis.com/maps/api/js?key=AIzaSyBNfAGRfS1TNlH0EmxNfegqTsiwzYk6reM&v=weekly&callback=initGoogleMaps&libraries=marker:1187
[  602585ms] [ERROR] The map is initialized without a valid Map ID, which will prevent use of Advanced Markers. @ https://maps.googleapis.com/maps/api/js?key=AIzaSyBNfAGRfS1TNlH0EmxNfegqTsiwzYk6reM&v=weekly&callback=initGoogleMaps&libraries=marker:1187
[  602743ms] [ERROR] The map is initialized without a valid Map ID, which will prevent use of Advanced Markers. @ https://maps.googleapis.com/maps/api/js?key=AIzaSyBNfAGRfS1TNlH0EmxNfegqTsiwzYk6reM&v=weekly&callback=initGoogleMaps&libraries=marker:1187
[  602870ms] [ERROR] The map is initialized without a valid Map ID, which will prevent use of Advanced Markers. @ https://maps.googleapis.com/maps/api/js?key=AIzaSyBNfAGRfS1TNlH0EmxNfegqTsiwzYk6reM&v=weekly&callback=initGoogleMaps&libraries=marker:1187
[  603001ms] [ERROR] The map is initialized without a valid Map ID, which will prevent use of Advanced Markers. @ https://maps.googleapis.com/maps/api/js?key=AIzaSyBNfAGRfS1TNlH0EmxNfegqTsiwzYk6reM&v=weekly&callback=initGoogleMaps&libraries=marker:1187
[  603100ms] [ERROR] The map is initialized without a valid Map ID, which will prevent use of Advanced Markers. @ https://maps.googleapis.com/maps/api/js?key=AIzaSyBNfAGRfS1TNlH0EmxNfegqTsiwzYk6reM&v=weekly&callback=initGoogleMaps&libraries=marker:1187
[  603486ms] [ERROR] The map is initialized without a valid Map ID, which will prevent use of Advanced Markers. @ https://maps.googleapis.com/maps/api/js?key=AIzaSyBNfAGRfS1TNlH0EmxNfegqTsiwzYk6reM&v=weekly&callback=initGoogleMaps&libraries=marker:1187
[  603646ms] [ERROR] The map is initialized without a valid Map ID, which will prevent use of Advanced Markers. @ https://maps.googleapis.com/maps/api/js?key=AIzaSyBNfAGRfS1TNlH0EmxNfegqTsiwzYk6reM&v=weekly&callback=initGoogleMaps&libraries=marker:1187
[  603735ms] [ERROR] The map is initialized without a valid Map ID, which will prevent use of Advanced Markers. @ https://maps.googleapis.com/maps/api/js?key=AIzaSyBNfAGRfS1TNlH0EmxNfegqTsiwzYk6reM&v=weekly&callback=initGoogleMaps&libraries=marker:1187
[  604086ms] [ERROR] The map is initialized without a valid Map ID, which will prevent use of Advanced Markers. @ https://maps.googleapis.com/maps/api/js?key=AIzaSyBNfAGRfS1TNlH0EmxNfegqTsiwzYk6reM&v=weekly&callback=initGoogleMaps&libraries=marker:1187
[  604191ms] [ERROR] The map is initialized without a valid Map ID, which will prevent use of Advanced Markers. @ https://maps.googleapis.com/maps/api/js?key=AIzaSyBNfAGRfS1TNlH0EmxNfegqTsiwzYk6reM&v=weekly&callback=initGoogleMaps&libraries=marker:1187
[  604474ms] [ERROR] The map is initialized without a valid Map ID, which will prevent use of Advanced Markers. @ https://maps.googleapis.com/maps/api/js?key=AIzaSyBNfAGRfS1TNlH0EmxNfegqTsiwzYk6reM&v=weekly&callback=initGoogleMaps&libraries=marker:1187
[  604704ms] [ERROR] The map is initialized without a valid Map ID, which will prevent use of Advanced Markers. @ https://maps.googleapis.com/maps/api/js?key=AIzaSyBNfAGRfS1TNlH0EmxNfegqTsiwzYk6reM&v=weekly&callback=initGoogleMaps&libraries=marker:1187
[  604843ms] [ERROR] The map is initialized without a valid Map ID, which will prevent use of Advanced Markers. @ https://maps.googleapis.com/maps/api/js?key=AIzaSyBNfAGRfS1TNlH0EmxNfegqTsiwzYk6reM&v=weekly&callback=initGoogleMaps&libraries=marker:1187
[  604932ms] [ERROR] The map is initialized without a valid Map ID, which will prevent use of Advanced Markers. @ https://maps.googleapis.com/maps/api/js?key=AIzaSyBNfAGRfS1TNlH0EmxNfegqTsiwzYk6reM&v=weekly&callback=initGoogleMaps&libraries=marker:1187
[  605114ms] [ERROR] The map is initialized without a valid Map ID, which will prevent use of Advanced Markers. @ https://maps.googleapis.com/maps/api/js?key=AIzaSyBNfAGRfS1TNlH0EmxNfegqTsiwzYk6reM&v=weekly&callback=initGoogleMaps&libraries=marker:1187
[  605391ms] [ERROR] The map is initialized without a valid Map ID, which will prevent use of Advanced Markers. @ https://maps.googleapis.com/maps/api/js?key=AIzaSyBNfAGRfS1TNlH0EmxNfegqTsiwzYk6reM&v=weekly&callback=initGoogleMaps&libraries=marker:1187
[  605684ms] [ERROR] The map is initialized without a valid Map ID, which will prevent use of Advanced Markers. @ https://maps.googleapis.com/maps/api/js?key=AIzaSyBNfAGRfS1TNlH0EmxNfegqTsiwzYk6reM&v=weekly&callback=initGoogleMaps&libraries=marker:1187
[  605806ms] [ERROR] The map is initialized without a valid Map ID, which will prevent use of Advanced Markers. @ https://maps.googleapis.com/maps/api/js?key=AIzaSyBNfAGRfS1TNlH0EmxNfegqTsiwzYk6reM&v=weekly&callback=initGoogleMaps&libraries=marker:1187
[  605998ms] [ERROR] The map is initialized without a valid Map ID, which will prevent use of Advanced Markers. @ https://maps.googleapis.com/maps/api/js?key=AIzaSyBNfAGRfS1TNlH0EmxNfegqTsiwzYk6reM&v=weekly&callback=initGoogleMaps&libraries=marker:1187
[  606088ms] [ERROR] The map is initialized without a valid Map ID, which will prevent use of Advanced Markers. @ https://maps.googleapis.com/maps/api/js?key=AIzaSyBNfAGRfS1TNlH0EmxNfegqTsiwzYk6reM&v=weekly&callback=initGoogleMaps&libraries=marker:1187
[  606215ms] [ERROR] The map is initialized without a valid Map ID, which will prevent use of Advanced Markers. @ https://maps.googleapis.com/maps/api/js?key=AIzaSyBNfAGRfS1TNlH0EmxNfegqTsiwzYk6reM&v=weekly&callback=initGoogleMaps&libraries=marker:1187
[  606366ms] [ERROR] The map is initialized without a valid Map ID, which will prevent use of Advanced Markers. @ https://maps.googleapis.com/maps/api/js?key=AIzaSyBNfAGRfS1TNlH0EmxNfegqTsiwzYk6reM&v=weekly&callback=initGoogleMaps&libraries=marker:1187
[  606870ms] [ERROR] The map is initialized without a valid Map ID, which will prevent use of Advanced Markers. @ https://maps.googleapis.com/maps/api/js?key=AIzaSyBNfAGRfS1TNlH0EmxNfegqTsiwzYk6reM&v=weekly&callback=initGoogleMaps&libraries=marker:1187
[  607267ms] [ERROR] The map is initialized without a valid Map ID, which will prevent use of Advanced Markers. @ https://maps.googleapis.com/maps/api/js?key=AIzaSyBNfAGRfS1TNlH0EmxNfegqTsiwzYk6reM&v=weekly&callback=initGoogleMaps&libraries=marker:1187
[  607436ms] [ERROR] The map is initialized without a valid Map ID, which will prevent use of Advanced Markers. @ https://maps.googleapis.com/maps/api/js?key=AIzaSyBNfAGRfS1TNlH0EmxNfegqTsiwzYk6reM&v=weekly&callback=initGoogleMaps&libraries=marker:1187
[  607540ms] [ERROR] The map is initialized without a valid Map ID, which will prevent use of Advanced Markers. @ https://maps.googleapis.com/maps/api/js?key=AIzaSyBNfAGRfS1TNlH0EmxNfegqTsiwzYk6reM&v=weekly&callback=initGoogleMaps&libraries=marker:1187
[  607772ms] [ERROR] The map is initialized without a valid Map ID, which will prevent use of Advanced Markers. @ https://maps.googleapis.com/maps/api/js?key=AIzaSyBNfAGRfS1TNlH0EmxNfegqTsiwzYk6reM&v=weekly&callback=initGoogleMaps&libraries=marker:1187
[  608967ms] [ERROR] The map is initialized without a valid Map ID, which will prevent use of Advanced Markers. @ https://maps.googleapis.com/maps/api/js?key=AIzaSyBNfAGRfS1TNlH0EmxNfegqTsiwzYk6reM&v=weekly&callback=initGoogleMaps&libraries=marker:1187
[  609183ms] [ERROR] The map is initialized without a valid Map ID, which will prevent use of Advanced Markers. @ https://maps.googleapis.com/maps/api/js?key=AIzaSyBNfAGRfS1TNlH0EmxNfegqTsiwzYk6reM&v=weekly&callback=initGoogleMaps&libraries=marker:1187
[  609339ms] [ERROR] The map is initialized without a valid Map ID, which will prevent use of Advanced Markers. @ https://maps.googleapis.com/maps/api/js?key=AIzaSyBNfAGRfS1TNlH0EmxNfegqTsiwzYk6reM&v=weekly&callback=initGoogleMaps&libraries=marker:1187
[  609458ms] [ERROR] The map is initialized without a valid Map ID, which will prevent use of Advanced Markers. @ https://maps.googleapis.com/maps/api/js?key=AIzaSyBNfAGRfS1TNlH0EmxNfegqTsiwzYk6reM&v=weekly&callback=initGoogleMaps&libraries=marker:1187
[  609699ms] [ERROR] The map is initialized without a valid Map ID, which will prevent use of Advanced Markers. @ https://maps.googleapis.com/maps/api/js?key=AIzaSyBNfAGRfS1TNlH0EmxNfegqTsiwzYk6reM&v=weekly&callback=initGoogleMaps&libraries=marker:1187
[  609799ms] [ERROR] The map is initialized without a valid Map ID, which will prevent use of Advanced Markers. @ https://maps.googleapis.com/maps/api/js?key=AIzaSyBNfAGRfS1TNlH0EmxNfegqTsiwzYk6reM&v=weekly&callback=initGoogleMaps&libraries=marker:1187
[  609933ms] [ERROR] The map is initialized without a valid Map ID, which will prevent use of Advanced Markers. @ https://maps.googleapis.com/maps/api/js?key=AIzaSyBNfAGRfS1TNlH0EmxNfegqTsiwzYk6reM&v=weekly&callback=initGoogleMaps&libraries=marker:1187
[  610106ms] [ERROR] The map is initialized without a valid Map ID, which will prevent use of Advanced Markers. @ https://maps.googleapis.com/maps/api/js?key=AIzaSyBNfAGRfS1TNlH0EmxNfegqTsiwzYk6reM&v=weekly&callback=initGoogleMaps&libraries=marker:1187
[  610276ms] [ERROR] The map is initialized without a valid Map ID, which will prevent use of Advanced Markers. @ https://maps.googleapis.com/maps/api/js?key=AIzaSyBNfAGRfS1TNlH0EmxNfegqTsiwzYk6reM&v=weekly&callback=initGoogleMaps&libraries=marker:1187
[  610578ms] [ERROR] The map is initialized without a valid Map ID, which will prevent use of Advanced Markers. @ https://maps.googleapis.com/maps/api/js?key=AIzaSyBNfAGRfS1TNlH0EmxNfegqTsiwzYk6reM&v=weekly&callback=initGoogleMaps&libraries=marker:1187
[  610791ms] [ERROR] The map is initialized without a valid Map ID, which will prevent use of Advanced Markers. @ https://maps.googleapis.com/maps/api/js?key=AIzaSyBNfAGRfS1TNlH0EmxNfegqTsiwzYk6reM&v=weekly&callback=initGoogleMaps&libraries=marker:1187
[  610971ms] [ERROR] The map is initialized without a valid Map ID, which will prevent use of Advanced Markers. @ https://maps.googleapis.com/maps/api/js?key=AIzaSyBNfAGRfS1TNlH0EmxNfegqTsiwzYk6reM&v=weekly&callback=initGoogleMaps&libraries=marker:1187
[  611209ms] [ERROR] The map is initialized without a valid Map ID, which will prevent use of Advanced Markers. @ https://maps.googleapis.com/maps/api/js?key=AIzaSyBNfAGRfS1TNlH0EmxNfegqTsiwzYk6reM&v=weekly&callback=initGoogleMaps&libraries=marker:1187
[  611521ms] [ERROR] The map is initialized without a valid Map ID, which will prevent use of Advanced Markers. @ https://maps.googleapis.com/maps/api/js?key=AIzaSyBNfAGRfS1TNlH0EmxNfegqTsiwzYk6reM&v=weekly&callback=initGoogleMaps&libraries=marker:1187
[  611611ms] [ERROR] The map is initialized without a valid Map ID, which will prevent use of Advanced Markers. @ https://maps.googleapis.com/maps/api/js?key=AIzaSyBNfAGRfS1TNlH0EmxNfegqTsiwzYk6reM&v=weekly&callback=initGoogleMaps&libraries=marker:1187
[  611888ms] [ERROR] The map is initialized without a valid Map ID, which will prevent use of Advanced Markers. @ https://maps.googleapis.com/maps/api/js?key=AIzaSyBNfAGRfS1TNlH0EmxNfegqTsiwzYk6reM&v=weekly&callback=initGoogleMaps&libraries=marker:1187
[  612195ms] [ERROR] The map is initialized without a valid Map ID, which will prevent use of Advanced Markers. @ https://maps.googleapis.com/maps/api/js?key=AIzaSyBNfAGRfS1TNlH0EmxNfegqTsiwzYk6reM&v=weekly&callback=initGoogleMaps&libraries=marker:1187
[  612491ms] [ERROR] The map is initialized without a valid Map ID, which will prevent use of Advanced Markers. @ https://maps.googleapis.com/maps/api/js?key=AIzaSyBNfAGRfS1TNlH0EmxNfegqTsiwzYk6reM&v=weekly&callback=initGoogleMaps&libraries=marker:1187
[  612616ms] [ERROR] The map is initialized without a valid Map ID, which will prevent use of Advanced Markers. @ https://maps.googleapis.com/maps/api/js?key=AIzaSyBNfAGRfS1TNlH0EmxNfegqTsiwzYk6reM&v=weekly&callback=initGoogleMaps&libraries=marker:1187
[  612821ms] [ERROR] The map is initialized without a valid Map ID, which will prevent use of Advanced Markers. @ https://maps.googleapis.com/maps/api/js?key=AIzaSyBNfAGRfS1TNlH0EmxNfegqTsiwzYk6reM&v=weekly&callback=initGoogleMaps&libraries=marker:1187
[  612912ms] [ERROR] The map is initialized without a valid Map ID, which will prevent use of Advanced Markers. @ https://maps.googleapis.com/maps/api/js?key=AIzaSyBNfAGRfS1TNlH0EmxNfegqTsiwzYk6reM&v=weekly&callback=initGoogleMaps&libraries=marker:1187
[  613040ms] [ERROR] The map is initialized without a valid Map ID, which will prevent use of Advanced Markers. @ https://maps.googleapis.com/maps/api/js?key=AIzaSyBNfAGRfS1TNlH0EmxNfegqTsiwzYk6reM&v=weekly&callback=initGoogleMaps&libraries=marker:1187
[  613132ms] [ERROR] The map is initialized without a valid Map ID, which will prevent use of Advanced Markers. @ https://maps.googleapis.com/maps/api/js?key=AIzaSyBNfAGRfS1TNlH0EmxNfegqTsiwzYk6reM&v=weekly&callback=initGoogleMaps&libraries=marker:1187
[  613310ms] [ERROR] The map is initialized without a valid Map ID, which will prevent use of Advanced Markers. @ https://maps.googleapis.com/maps/api/js?key=AIzaSyBNfAGRfS1TNlH0EmxNfegqTsiwzYk6reM&v=weekly&callback=initGoogleMaps&libraries=marker:1187
[  613541ms] [ERROR] The map is initialized without a valid Map ID, which will prevent use of Advanced Markers. @ https://maps.googleapis.com/maps/api/js?key=AIzaSyBNfAGRfS1TNlH0EmxNfegqTsiwzYk6reM&v=weekly&callback=initGoogleMaps&libraries=marker:1187
[  613808ms] [ERROR] The map is initialized without a valid Map ID, which will prevent use of Advanced Markers. @ https://maps.googleapis.com/maps/api/js?key=AIzaSyBNfAGRfS1TNlH0EmxNfegqTsiwzYk6reM&v=weekly&callback=initGoogleMaps&libraries=marker:1187
[  614004ms] [ERROR] The map is initialized without a valid Map ID, which will prevent use of Advanced Markers. @ https://maps.googleapis.com/maps/api/js?key=AIzaSyBNfAGRfS1TNlH0EmxNfegqTsiwzYk6reM&v=weekly&callback=initGoogleMaps&libraries=marker:1187
[  614075ms] [ERROR] The map is initialized without a valid Map ID, which will prevent use of Advanced Markers. @ https://maps.googleapis.com/maps/api/js?key=AIzaSyBNfAGRfS1TNlH0EmxNfegqTsiwzYk6reM&v=weekly&callback=initGoogleMaps&libraries=marker:1187
[  614173ms] [ERROR] The map is initialized without a valid Map ID, which will prevent use of Advanced Markers. @ https://maps.googleapis.com/maps/api/js?key=AIzaSyBNfAGRfS1TNlH0EmxNfegqTsiwzYk6reM&v=weekly&callback=initGoogleMaps&libraries=marker:1187
[  614556ms] [ERROR] The map is initialized without a valid Map ID, which will prevent use of Advanced Markers. @ https://maps.googleapis.com/maps/api/js?key=AIzaSyBNfAGRfS1TNlH0EmxNfegqTsiwzYk6reM&v=weekly&callback=initGoogleMaps&libraries=marker:1187
[  614781ms] [ERROR] The map is initialized without a valid Map ID, which will prevent use of Advanced Markers. @ https://maps.googleapis.com/maps/api/js?key=AIzaSyBNfAGRfS1TNlH0EmxNfegqTsiwzYk6reM&v=weekly&callback=initGoogleMaps&libraries=marker:1187
[  614880ms] [ERROR] The map is initialized without a valid Map ID, which will prevent use of Advanced Markers. @ https://maps.googleapis.com/maps/api/js?key=AIzaSyBNfAGRfS1TNlH0EmxNfegqTsiwzYk6reM&v=weekly&callback=initGoogleMaps&libraries=marker:1187
[  614992ms] [ERROR] The map is initialized without a valid Map ID, which will prevent use of Advanced Markers. @ https://maps.googleapis.com/maps/api/js?key=AIzaSyBNfAGRfS1TNlH0EmxNfegqTsiwzYk6reM&v=weekly&callback=initGoogleMaps&libraries=marker:1187
[  615226ms] [ERROR] The map is initialized without a valid Map ID, which will prevent use of Advanced Markers. @ https://maps.googleapis.com/maps/api/js?key=AIzaSyBNfAGRfS1TNlH0EmxNfegqTsiwzYk6reM&v=weekly&callback=initGoogleMaps&libraries=marker:1187
[  615385ms] [ERROR] The map is initialized without a valid Map ID, which will prevent use of Advanced Markers. @ https://maps.googleapis.com/maps/api/js?key=AIzaSyBNfAGRfS1TNlH0EmxNfegqTsiwzYk6reM&v=weekly&callback=initGoogleMaps&libraries=marker:1187
[  615495ms] [ERROR] The map is initialized without a valid Map ID, which will prevent use of Advanced Markers. @ https://maps.googleapis.com/maps/api/js?key=AIzaSyBNfAGRfS1TNlH0EmxNfegqTsiwzYk6reM&v=weekly&callback=initGoogleMaps&libraries=marker:1187
[  615700ms] [ERROR] The map is initialized without a valid Map ID, which will prevent use of Advanced Markers. @ https://maps.googleapis.com/maps/api/js?key=AIzaSyBNfAGRfS1TNlH0EmxNfegqTsiwzYk6reM&v=weekly&callback=initGoogleMaps&libraries=marker:1187
[  615779ms] [ERROR] The map is initialized without a valid Map ID, which will prevent use of Advanced Markers. @ https://maps.googleapis.com/maps/api/js?key=AIzaSyBNfAGRfS1TNlH0EmxNfegqTsiwzYk6reM&v=weekly&callback=initGoogleMaps&libraries=marker:1187
[  615982ms] [ERROR] The map is initialized without a valid Map ID, which will prevent use of Advanced Markers. @ https://maps.googleapis.com/maps/api/js?key=AIzaSyBNfAGRfS1TNlH0EmxNfegqTsiwzYk6reM&v=weekly&callback=initGoogleMaps&libraries=marker:1187
[  616068ms] [ERROR] The map is initialized without a valid Map ID, which will prevent use of Advanced Markers. @ https://maps.googleapis.com/maps/api/js?key=AIzaSyBNfAGRfS1TNlH0EmxNfegqTsiwzYk6reM&v=weekly&callback=initGoogleMaps&libraries=marker:1187
[  616358ms] [ERROR] The map is initialized without a valid Map ID, which will prevent use of Advanced Markers. @ https://maps.googleapis.com/maps/api/js?key=AIzaSyBNfAGRfS1TNlH0EmxNfegqTsiwzYk6reM&v=weekly&callback=initGoogleMaps&libraries=marker:1187
[  616709ms] [ERROR] The map is initialized without a valid Map ID, which will prevent use of Advanced Markers. @ https://maps.googleapis.com/maps/api/js?key=AIzaSyBNfAGRfS1TNlH0EmxNfegqTsiwzYk6reM&v=weekly&callback=initGoogleMaps&libraries=marker:1187
[  616798ms] [ERROR] The map is initialized without a valid Map ID, which will prevent use of Advanced Markers. @ https://maps.googleapis.com/maps/api/js?key=AIzaSyBNfAGRfS1TNlH0EmxNfegqTsiwzYk6reM&v=weekly&callback=initGoogleMaps&libraries=marker:1187
[  617916ms] [ERROR] The map is initialized without a valid Map ID, which will prevent use of Advanced Markers. @ https://maps.googleapis.com/maps/api/js?key=AIzaSyBNfAGRfS1TNlH0EmxNfegqTsiwzYk6reM&v=weekly&callback=initGoogleMaps&libraries=marker:1187
[  618156ms] [ERROR] The map is initialized without a valid Map ID, which will prevent use of Advanced Markers. @ https://maps.googleapis.com/maps/api/js?key=AIzaSyBNfAGRfS1TNlH0EmxNfegqTsiwzYk6reM&v=weekly&callback=initGoogleMaps&libraries=marker:1187
[  618251ms] [ERROR] The map is initialized without a valid Map ID, which will prevent use of Advanced Markers. @ https://maps.googleapis.com/maps/api/js?key=AIzaSyBNfAGRfS1TNlH0EmxNfegqTsiwzYk6reM&v=weekly&callback=initGoogleMaps&libraries=marker:1187
[  618468ms] [ERROR] The map is initialized without a valid Map ID, which will prevent use of Advanced Markers. @ https://maps.googleapis.com/maps/api/js?key=AIzaSyBNfAGRfS1TNlH0EmxNfegqTsiwzYk6reM&v=weekly&callback=initGoogleMaps&libraries=marker:1187
[  619130ms] [ERROR] The map is initialized without a valid Map ID, which will prevent use of Advanced Markers. @ https://maps.googleapis.com/maps/api/js?key=AIzaSyBNfAGRfS1TNlH0EmxNfegqTsiwzYk6reM&v=weekly&callback=initGoogleMaps&libraries=marker:1187
[  619382ms] [ERROR] The map is initialized without a valid Map ID, which will prevent use of Advanced Markers. @ https://maps.googleapis.com/maps/api/js?key=AIzaSyBNfAGRfS1TNlH0EmxNfegqTsiwzYk6reM&v=weekly&callback=initGoogleMaps&libraries=marker:1187
[  619518ms] [ERROR] The map is initialized without a valid Map ID, which will prevent use of Advanced Markers. @ https://maps.googleapis.com/maps/api/js?key=AIzaSyBNfAGRfS1TNlH0EmxNfegqTsiwzYk6reM&v=weekly&callback=initGoogleMaps&libraries=marker:1187
[  619667ms] [ERROR] The map is initialized without a valid Map ID, which will prevent use of Advanced Markers. @ https://maps.googleapis.com/maps/api/js?key=AIzaSyBNfAGRfS1TNlH0EmxNfegqTsiwzYk6reM&v=weekly&callback=initGoogleMaps&libraries=marker:1187
[  619797ms] [ERROR] The map is initialized without a valid Map ID, which will prevent use of Advanced Markers. @ https://maps.googleapis.com/maps/api/js?key=AIzaSyBNfAGRfS1TNlH0EmxNfegqTsiwzYk6reM&v=weekly&callback=initGoogleMaps&libraries=marker:1187
[  620144ms] [ERROR] The map is initialized without a valid Map ID, which will prevent use of Advanced Markers. @ https://maps.googleapis.com/maps/api/js?key=AIzaSyBNfAGRfS1TNlH0EmxNfegqTsiwzYk6reM&v=weekly&callback=initGoogleMaps&libraries=marker:1187
[  620284ms] [ERROR] The map is initialized without a valid Map ID, which will prevent use of Advanced Markers. @ https://maps.googleapis.com/maps/api/js?key=AIzaSyBNfAGRfS1TNlH0EmxNfegqTsiwzYk6reM&v=weekly&callback=initGoogleMaps&libraries=marker:1187
[  620708ms] [ERROR] The map is initialized without a valid Map ID, which will prevent use of Advanced Markers. @ https://maps.googleapis.com/maps/api/js?key=AIzaSyBNfAGRfS1TNlH0EmxNfegqTsiwzYk6reM&v=weekly&callback=initGoogleMaps&libraries=marker:1187
[  621124ms] [ERROR] The map is initialized without a valid Map ID, which will prevent use of Advanced Markers. @ https://maps.googleapis.com/maps/api/js?key=AIzaSyBNfAGRfS1TNlH0EmxNfegqTsiwzYk6reM&v=weekly&callback=initGoogleMaps&libraries=marker:1187
[  621395ms] [ERROR] The map is initialized without a valid Map ID, which will prevent use of Advanced Markers. @ https://maps.googleapis.com/maps/api/js?key=AIzaSyBNfAGRfS1TNlH0EmxNfegqTsiwzYk6reM&v=weekly&callback=initGoogleMaps&libraries=marker:1187
[  621568ms] [ERROR] The map is initialized without a valid Map ID, which will prevent use of Advanced Markers. @ https://maps.googleapis.com/maps/api/js?key=AIzaSyBNfAGRfS1TNlH0EmxNfegqTsiwzYk6reM&v=weekly&callback=initGoogleMaps&libraries=marker:1187
[  621724ms] [ERROR] The map is initialized without a valid Map ID, which will prevent use of Advanced Markers. @ https://maps.googleapis.com/maps/api/js?key=AIzaSyBNfAGRfS1TNlH0EmxNfegqTsiwzYk6reM&v=weekly&callback=initGoogleMaps&libraries=marker:1187
[  622062ms] [ERROR] The map is initialized without a valid Map ID, which will prevent use of Advanced Markers. @ https://maps.googleapis.com/maps/api/js?key=AIzaSyBNfAGRfS1TNlH0EmxNfegqTsiwzYk6reM&v=weekly&callback=initGoogleMaps&libraries=marker:1187
[  622219ms] [ERROR] The map is initialized without a valid Map ID, which will prevent use of Advanced Markers. @ https://maps.googleapis.com/maps/api/js?key=AIzaSyBNfAGRfS1TNlH0EmxNfegqTsiwzYk6reM&v=weekly&callback=initGoogleMaps&libraries=marker:1187
[  622373ms] [ERROR] The map is initialized without a valid Map ID, which will prevent use of Advanced Markers. @ https://maps.googleapis.com/maps/api/js?key=AIzaSyBNfAGRfS1TNlH0EmxNfegqTsiwzYk6reM&v=weekly&callback=initGoogleMaps&libraries=marker:1187
[  622719ms] [ERROR] The map is initialized without a valid Map ID, which will prevent use of Advanced Markers. @ https://maps.googleapis.com/maps/api/js?key=AIzaSyBNfAGRfS1TNlH0EmxNfegqTsiwzYk6reM&v=weekly&callback=initGoogleMaps&libraries=marker:1187
[  622943ms] [ERROR] The map is initialized without a valid Map ID, which will prevent use of Advanced Markers. @ https://maps.googleapis.com/maps/api/js?key=AIzaSyBNfAGRfS1TNlH0EmxNfegqTsiwzYk6reM&v=weekly&callback=initGoogleMaps&libraries=marker:1187
[  623094ms] [ERROR] The map is initialized without a valid Map ID, which will prevent use of Advanced Markers. @ https://maps.googleapis.com/maps/api/js?key=AIzaSyBNfAGRfS1TNlH0EmxNfegqTsiwzYk6reM&v=weekly&callback=initGoogleMaps&libraries=marker:1187
[  623285ms] [ERROR] The map is initialized without a valid Map ID, which will prevent use of Advanced Markers. @ https://maps.googleapis.com/maps/api/js?key=AIzaSyBNfAGRfS1TNlH0EmxNfegqTsiwzYk6reM&v=weekly&callback=initGoogleMaps&libraries=marker:1187
[  623592ms] [ERROR] The map is initialized without a valid Map ID, which will prevent use of Advanced Markers. @ https://maps.googleapis.com/maps/api/js?key=AIzaSyBNfAGRfS1TNlH0EmxNfegqTsiwzYk6reM&v=weekly&callback=initGoogleMaps&libraries=marker:1187
[  623879ms] [ERROR] The map is initialized without a valid Map ID, which will prevent use of Advanced Markers. @ https://maps.googleapis.com/maps/api/js?key=AIzaSyBNfAGRfS1TNlH0EmxNfegqTsiwzYk6reM&v=weekly&callback=initGoogleMaps&libraries=marker:1187
[  623933ms] [ERROR] The map is initialized without a valid Map ID, which will prevent use of Advanced Markers. @ https://maps.googleapis.com/maps/api/js?key=AIzaSyBNfAGRfS1TNlH0EmxNfegqTsiwzYk6reM&v=weekly&callback=initGoogleMaps&libraries=marker:1187
[  624181ms] [ERROR] The map is initialized without a valid Map ID, which will prevent use of Advanced Markers. @ https://maps.googleapis.com/maps/api/js?key=AIzaSyBNfAGRfS1TNlH0EmxNfegqTsiwzYk6reM&v=weekly&callback=initGoogleMaps&libraries=marker:1187
[  624383ms] [ERROR] The map is initialized without a valid Map ID, which will prevent use of Advanced Markers. @ https://maps.googleapis.com/maps/api/js?key=AIzaSyBNfAGRfS1TNlH0EmxNfegqTsiwzYk6reM&v=weekly&callback=initGoogleMaps&libraries=marker:1187
[  624707ms] [ERROR] The map is initialized without a valid Map ID, which will prevent use of Advanced Markers. @ https://maps.googleapis.com/maps/api/js?key=AIzaSyBNfAGRfS1TNlH0EmxNfegqTsiwzYk6reM&v=weekly&callback=initGoogleMaps&libraries=marker:1187
[  624884ms] [ERROR] The map is initialized without a valid Map ID, which will prevent use of Advanced Markers. @ https://maps.googleapis.com/maps/api/js?key=AIzaSyBNfAGRfS1TNlH0EmxNfegqTsiwzYk6reM&v=weekly&callback=initGoogleMaps&libraries=marker:1187
[  625084ms] [ERROR] The map is initialized without a valid Map ID, which will prevent use of Advanced Markers. @ https://maps.googleapis.com/maps/api/js?key=AIzaSyBNfAGRfS1TNlH0EmxNfegqTsiwzYk6reM&v=weekly&callback=initGoogleMaps&libraries=marker:1187
[  625306ms] [ERROR] The map is initialized without a valid Map ID, which will prevent use of Advanced Markers. @ https://maps.googleapis.com/maps/api/js?key=AIzaSyBNfAGRfS1TNlH0EmxNfegqTsiwzYk6reM&v=weekly&callback=initGoogleMaps&libraries=marker:1187
[  625470ms] [ERROR] The map is initialized without a valid Map ID, which will prevent use of Advanced Markers. @ https://maps.googleapis.com/maps/api/js?key=AIzaSyBNfAGRfS1TNlH0EmxNfegqTsiwzYk6reM&v=weekly&callback=initGoogleMaps&libraries=marker:1187
[  625607ms] [ERROR] The map is initialized without a valid Map ID, which will prevent use of Advanced Markers. @ https://maps.googleapis.com/maps/api/js?key=AIzaSyBNfAGRfS1TNlH0EmxNfegqTsiwzYk6reM&v=weekly&callback=initGoogleMaps&libraries=marker:1187
[  625820ms] [ERROR] The map is initialized without a valid Map ID, which will prevent use of Advanced Markers. @ https://maps.googleapis.com/maps/api/js?key=AIzaSyBNfAGRfS1TNlH0EmxNfegqTsiwzYk6reM&v=weekly&callback=initGoogleMaps&libraries=marker:1187
[  626234ms] [ERROR] The map is initialized without a valid Map ID, which will prevent use of Advanced Markers. @ https://maps.googleapis.com/maps/api/js?key=AIzaSyBNfAGRfS1TNlH0EmxNfegqTsiwzYk6reM&v=weekly&callback=initGoogleMaps&libraries=marker:1187
[  626467ms] [ERROR] The map is initialized without a valid Map ID, which will prevent use of Advanced Markers. @ https://maps.googleapis.com/maps/api/js?key=AIzaSyBNfAGRfS1TNlH0EmxNfegqTsiwzYk6reM&v=weekly&callback=initGoogleMaps&libraries=marker:1187
[  626881ms] [ERROR] The map is initialized without a valid Map ID, which will prevent use of Advanced Markers. @ https://maps.googleapis.com/maps/api/js?key=AIzaSyBNfAGRfS1TNlH0EmxNfegqTsiwzYk6reM&v=weekly&callback=initGoogleMaps&libraries=marker:1187
[  627408ms] [ERROR] The map is initialized without a valid Map ID, which will prevent use of Advanced Markers. @ https://maps.googleapis.com/maps/api/js?key=AIzaSyBNfAGRfS1TNlH0EmxNfegqTsiwzYk6reM&v=weekly&callback=initGoogleMaps&libraries=marker:1187
[  627803ms] [ERROR] The map is initialized without a valid Map ID, which will prevent use of Advanced Markers. @ https://maps.googleapis.com/maps/api/js?key=AIzaSyBNfAGRfS1TNlH0EmxNfegqTsiwzYk6reM&v=weekly&callback=initGoogleMaps&libraries=marker:1187
[  628085ms] [ERROR] The map is initialized without a valid Map ID, which will prevent use of Advanced Markers. @ https://maps.googleapis.com/maps/api/js?key=AIzaSyBNfAGRfS1TNlH0EmxNfegqTsiwzYk6reM&v=weekly&callback=initGoogleMaps&libraries=marker:1187
[  628382ms] [ERROR] The map is initialized without a valid Map ID, which will prevent use of Advanced Markers. @ https://maps.googleapis.com/maps/api/js?key=AIzaSyBNfAGRfS1TNlH0EmxNfegqTsiwzYk6reM&v=weekly&callback=initGoogleMaps&libraries=marker:1187
[  628592ms] [ERROR] The map is initialized without a valid Map ID, which will prevent use of Advanced Markers. @ https://maps.googleapis.com/maps/api/js?key=AIzaSyBNfAGRfS1TNlH0EmxNfegqTsiwzYk6reM&v=weekly&callback=initGoogleMaps&libraries=marker:1187
[  628903ms] [ERROR] The map is initialized without a valid Map ID, which will prevent use of Advanced Markers. @ https://maps.googleapis.com/maps/api/js?key=AIzaSyBNfAGRfS1TNlH0EmxNfegqTsiwzYk6reM&v=weekly&callback=initGoogleMaps&libraries=marker:1187
[  629397ms] [ERROR] The map is initialized without a valid Map ID, which will prevent use of Advanced Markers. @ https://maps.googleapis.com/maps/api/js?key=AIzaSyBNfAGRfS1TNlH0EmxNfegqTsiwzYk6reM&v=weekly&callback=initGoogleMaps&libraries=marker:1187
[  630099ms] [ERROR] The map is initialized without a valid Map ID, which will prevent use of Advanced Markers. @ https://maps.googleapis.com/maps/api/js?key=AIzaSyBNfAGRfS1TNlH0EmxNfegqTsiwzYk6reM&v=weekly&callback=initGoogleMaps&libraries=marker:1187
[  630372ms] [ERROR] The map is initialized without a valid Map ID, which will prevent use of Advanced Markers. @ https://maps.googleapis.com/maps/api/js?key=AIzaSyBNfAGRfS1TNlH0EmxNfegqTsiwzYk6reM&v=weekly&callback=initGoogleMaps&libraries=marker:1187
[  630608ms] [ERROR] The map is initialized without a valid Map ID, which will prevent use of Advanced Markers. @ https://maps.googleapis.com/maps/api/js?key=AIzaSyBNfAGRfS1TNlH0EmxNfegqTsiwzYk6reM&v=weekly&callback=initGoogleMaps&libraries=marker:1187
[  630917ms] [ERROR] The map is initialized without a valid Map ID, which will prevent use of Advanced Markers. @ https://maps.googleapis.com/maps/api/js?key=AIzaSyBNfAGRfS1TNlH0EmxNfegqTsiwzYk6reM&v=weekly&callback=initGoogleMaps&libraries=marker:1187
[  631296ms] [ERROR] The map is initialized without a valid Map ID, which will prevent use of Advanced Markers. @ https://maps.googleapis.com/maps/api/js?key=AIzaSyBNfAGRfS1TNlH0EmxNfegqTsiwzYk6reM&v=weekly&callback=initGoogleMaps&libraries=marker:1187
[  631593ms] [ERROR] The map is initialized without a valid Map ID, which will prevent use of Advanced Markers. @ https://maps.googleapis.com/maps/api/js?key=AIzaSyBNfAGRfS1TNlH0EmxNfegqTsiwzYk6reM&v=weekly&callback=initGoogleMaps&libraries=marker:1187
[  631907ms] [ERROR] The map is initialized without a valid Map ID, which will prevent use of Advanced Markers. @ https://maps.googleapis.com/maps/api/js?key=AIzaSyBNfAGRfS1TNlH0EmxNfegqTsiwzYk6reM&v=weekly&callback=initGoogleMaps&libraries=marker:1187
[  632211ms] [ERROR] The map is initialized without a valid Map ID, which will prevent use of Advanced Markers. @ https://maps.googleapis.com/maps/api/js?key=AIzaSyBNfAGRfS1TNlH0EmxNfegqTsiwzYk6reM&v=weekly&callback=initGoogleMaps&libraries=marker:1187
[  632609ms] [ERROR] The map is initialized without a valid Map ID, which will prevent use of Advanced Markers. @ https://maps.googleapis.com/maps/api/js?key=AIzaSyBNfAGRfS1TNlH0EmxNfegqTsiwzYk6reM&v=weekly&callback=initGoogleMaps&libraries=marker:1187
[  633078ms] [ERROR] The map is initialized without a valid Map ID, which will prevent use of Advanced Markers. @ https://maps.googleapis.com/maps/api/js?key=AIzaSyBNfAGRfS1TNlH0EmxNfegqTsiwzYk6reM&v=weekly&callback=initGoogleMaps&libraries=marker:1187
[  633586ms] [ERROR] The map is initialized without a valid Map ID, which will prevent use of Advanced Markers. @ https://maps.googleapis.com/maps/api/js?key=AIzaSyBNfAGRfS1TNlH0EmxNfegqTsiwzYk6reM&v=weekly&callback=initGoogleMaps&libraries=marker:1187
[  634515ms] [ERROR] The map is initialized without a valid Map ID, which will prevent use of Advanced Markers. @ https://maps.googleapis.com/maps/api/js?key=AIzaSyBNfAGRfS1TNlH0EmxNfegqTsiwzYk6reM&v=weekly&callback=initGoogleMaps&libraries=marker:1187
[  634876ms] [ERROR] The map is initialized without a valid Map ID, which will prevent use of Advanced Markers. @ https://maps.googleapis.com/maps/api/js?key=AIzaSyBNfAGRfS1TNlH0EmxNfegqTsiwzYk6reM&v=weekly&callback=initGoogleMaps&libraries=marker:1187
[  634989ms] [ERROR] The map is initialized without a valid Map ID, which will prevent use of Advanced Markers. @ https://maps.googleapis.com/maps/api/js?key=AIzaSyBNfAGRfS1TNlH0EmxNfegqTsiwzYk6reM&v=weekly&callback=initGoogleMaps&libraries=marker:1187
[  635279ms] [ERROR] The map is initialized without a valid Map ID, which will prevent use of Advanced Markers. @ https://maps.googleapis.com/maps/api/js?key=AIzaSyBNfAGRfS1TNlH0EmxNfegqTsiwzYk6reM&v=weekly&callback=initGoogleMaps&libraries=marker:1187
[  635408ms] [ERROR] The map is initialized without a valid Map ID, which will prevent use of Advanced Markers. @ https://maps.googleapis.com/maps/api/js?key=AIzaSyBNfAGRfS1TNlH0EmxNfegqTsiwzYk6reM&v=weekly&callback=initGoogleMaps&libraries=marker:1187
[  635775ms] [ERROR] The map is initialized without a valid Map ID, which will prevent use of Advanced Markers. @ https://maps.googleapis.com/maps/api/js?key=AIzaSyBNfAGRfS1TNlH0EmxNfegqTsiwzYk6reM&v=weekly&callback=initGoogleMaps&libraries=marker:1187
[  636130ms] [ERROR] The map is initialized without a valid Map ID, which will prevent use of Advanced Markers. @ https://maps.googleapis.com/maps/api/js?key=AIzaSyBNfAGRfS1TNlH0EmxNfegqTsiwzYk6reM&v=weekly&callback=initGoogleMaps&libraries=marker:1187
[  636463ms] [ERROR] The map is initialized without a valid Map ID, which will prevent use of Advanced Markers. @ https://maps.googleapis.com/maps/api/js?key=AIzaSyBNfAGRfS1TNlH0EmxNfegqTsiwzYk6reM&v=weekly&callback=initGoogleMaps&libraries=marker:1187
[  636658ms] [ERROR] The map is initialized without a valid Map ID, which will prevent use of Advanced Markers. @ https://maps.googleapis.com/maps/api/js?key=AIzaSyBNfAGRfS1TNlH0EmxNfegqTsiwzYk6reM&v=weekly&callback=initGoogleMaps&libraries=marker:1187
[  636816ms] [ERROR] The map is initialized without a valid Map ID, which will prevent use of Advanced Markers. @ https://maps.googleapis.com/maps/api/js?key=AIzaSyBNfAGRfS1TNlH0EmxNfegqTsiwzYk6reM&v=weekly&callback=initGoogleMaps&libraries=marker:1187
[  637269ms] [ERROR] The map is initialized without a valid Map ID, which will prevent use of Advanced Markers. @ https://maps.googleapis.com/maps/api/js?key=AIzaSyBNfAGRfS1TNlH0EmxNfegqTsiwzYk6reM&v=weekly&callback=initGoogleMaps&libraries=marker:1187
[  637613ms] [ERROR] The map is initialized without a valid Map ID, which will prevent use of Advanced Markers. @ https://maps.googleapis.com/maps/api/js?key=AIzaSyBNfAGRfS1TNlH0EmxNfegqTsiwzYk6reM&v=weekly&callback=initGoogleMaps&libraries=marker:1187
[  638074ms] [ERROR] The map is initialized without a valid Map ID, which will prevent use of Advanced Markers. @ https://maps.googleapis.com/maps/api/js?key=AIzaSyBNfAGRfS1TNlH0EmxNfegqTsiwzYk6reM&v=weekly&callback=initGoogleMaps&libraries=marker:1187
[  638188ms] [ERROR] The map is initialized without a valid Map ID, which will prevent use of Advanced Markers. @ https://maps.googleapis.com/maps/api/js?key=AIzaSyBNfAGRfS1TNlH0EmxNfegqTsiwzYk6reM&v=weekly&callback=initGoogleMaps&libraries=marker:1187
[  638689ms] [ERROR] The map is initialized without a valid Map ID, which will prevent use of Advanced Markers. @ https://maps.googleapis.com/maps/api/js?key=AIzaSyBNfAGRfS1TNlH0EmxNfegqTsiwzYk6reM&v=weekly&callback=initGoogleMaps&libraries=marker:1187
[  638931ms] [ERROR] The map is initialized without a valid Map ID, which will prevent use of Advanced Markers. @ https://maps.googleapis.com/maps/api/js?key=AIzaSyBNfAGRfS1TNlH0EmxNfegqTsiwzYk6reM&v=weekly&callback=initGoogleMaps&libraries=marker:1187
[  639205ms] [ERROR] The map is initialized without a valid Map ID, which will prevent use of Advanced Markers. @ https://maps.googleapis.com/maps/api/js?key=AIzaSyBNfAGRfS1TNlH0EmxNfegqTsiwzYk6reM&v=weekly&callback=initGoogleMaps&libraries=marker:1187
[  639514ms] [ERROR] The map is initialized without a valid Map ID, which will prevent use of Advanced Markers. @ https://maps.googleapis.com/maps/api/js?key=AIzaSyBNfAGRfS1TNlH0EmxNfegqTsiwzYk6reM&v=weekly&callback=initGoogleMaps&libraries=marker:1187
[  639811ms] [ERROR] The map is initialized without a valid Map ID, which will prevent use of Advanced Markers. @ https://maps.googleapis.com/maps/api/js?key=AIzaSyBNfAGRfS1TNlH0EmxNfegqTsiwzYk6reM&v=weekly&callback=initGoogleMaps&libraries=marker:1187
[  640086ms] [ERROR] The map is initialized without a valid Map ID, which will prevent use of Advanced Markers. @ https://maps.googleapis.com/maps/api/js?key=AIzaSyBNfAGRfS1TNlH0EmxNfegqTsiwzYk6reM&v=weekly&callback=initGoogleMaps&libraries=marker:1187
[  640469ms] [ERROR] The map is initialized without a valid Map ID, which will prevent use of Advanced Markers. @ https://maps.googleapis.com/maps/api/js?key=AIzaSyBNfAGRfS1TNlH0EmxNfegqTsiwzYk6reM&v=weekly&callback=initGoogleMaps&libraries=marker:1187
[  640802ms] [ERROR] The map is initialized without a valid Map ID, which will prevent use of Advanced Markers. @ https://maps.googleapis.com/maps/api/js?key=AIzaSyBNfAGRfS1TNlH0EmxNfegqTsiwzYk6reM&v=weekly&callback=initGoogleMaps&libraries=marker:1187
[  641101ms] [ERROR] The map is initialized without a valid Map ID, which will prevent use of Advanced Markers. @ https://maps.googleapis.com/maps/api/js?key=AIzaSyBNfAGRfS1TNlH0EmxNfegqTsiwzYk6reM&v=weekly&callback=initGoogleMaps&libraries=marker:1187
[  641195ms] [ERROR] The map is initialized without a valid Map ID, which will prevent use of Advanced Markers. @ https://maps.googleapis.com/maps/api/js?key=AIzaSyBNfAGRfS1TNlH0EmxNfegqTsiwzYk6reM&v=weekly&callback=initGoogleMaps&libraries=marker:1187
[  641486ms] [ERROR] The map is initialized without a valid Map ID, which will prevent use of Advanced Markers. @ https://maps.googleapis.com/maps/api/js?key=AIzaSyBNfAGRfS1TNlH0EmxNfegqTsiwzYk6reM&v=weekly&callback=initGoogleMaps&libraries=marker:1187
[  641693ms] [ERROR] The map is initialized without a valid Map ID, which will prevent use of Advanced Markers. @ https://maps.googleapis.com/maps/api/js?key=AIzaSyBNfAGRfS1TNlH0EmxNfegqTsiwzYk6reM&v=weekly&callback=initGoogleMaps&libraries=marker:1187
[  641911ms] [ERROR] The map is initialized without a valid Map ID, which will prevent use of Advanced Markers. @ https://maps.googleapis.com/maps/api/js?key=AIzaSyBNfAGRfS1TNlH0EmxNfegqTsiwzYk6reM&v=weekly&callback=initGoogleMaps&libraries=marker:1187
[  642374ms] [ERROR] The map is initialized without a valid Map ID, which will prevent use of Advanced Markers. @ https://maps.googleapis.com/maps/api/js?key=AIzaSyBNfAGRfS1TNlH0EmxNfegqTsiwzYk6reM&v=weekly&callback=initGoogleMaps&libraries=marker:1187
[  642710ms] [ERROR] The map is initialized without a valid Map ID, which will prevent use of Advanced Markers. @ https://maps.googleapis.com/maps/api/js?key=AIzaSyBNfAGRfS1TNlH0EmxNfegqTsiwzYk6reM&v=weekly&callback=initGoogleMaps&libraries=marker:1187
[  642969ms] [ERROR] The map is initialized without a valid Map ID, which will prevent use of Advanced Markers. @ https://maps.googleapis.com/maps/api/js?key=AIzaSyBNfAGRfS1TNlH0EmxNfegqTsiwzYk6reM&v=weekly&callback=initGoogleMaps&libraries=marker:1187
[  643016ms] [ERROR] The map is initialized without a valid Map ID, which will prevent use of Advanced Markers. @ https://maps.googleapis.com/maps/api/js?key=AIzaSyBNfAGRfS1TNlH0EmxNfegqTsiwzYk6reM&v=weekly&callback=initGoogleMaps&libraries=marker:1187
[  643366ms] [ERROR] The map is initialized without a valid Map ID, which will prevent use of Advanced Markers. @ https://maps.googleapis.com/maps/api/js?key=AIzaSyBNfAGRfS1TNlH0EmxNfegqTsiwzYk6reM&v=weekly&callback=initGoogleMaps&libraries=marker:1187
[  643578ms] [ERROR] The map is initialized without a valid Map ID, which will prevent use of Advanced Markers. @ https://maps.googleapis.com/maps/api/js?key=AIzaSyBNfAGRfS1TNlH0EmxNfegqTsiwzYk6reM&v=weekly&callback=initGoogleMaps&libraries=marker:1187
[  643724ms] [ERROR] The map is initialized without a valid Map ID, which will prevent use of Advanced Markers. @ https://maps.googleapis.com/maps/api/js?key=AIzaSyBNfAGRfS1TNlH0EmxNfegqTsiwzYk6reM&v=weekly&callback=initGoogleMaps&libraries=marker:1187
[  643988ms] [ERROR] The map is initialized without a valid Map ID, which will prevent use of Advanced Markers. @ https://maps.googleapis.com/maps/api/js?key=AIzaSyBNfAGRfS1TNlH0EmxNfegqTsiwzYk6reM&v=weekly&callback=initGoogleMaps&libraries=marker:1187
[  644303ms] [ERROR] The map is initialized without a valid Map ID, which will prevent use of Advanced Markers. @ https://maps.googleapis.com/maps/api/js?key=AIzaSyBNfAGRfS1TNlH0EmxNfegqTsiwzYk6reM&v=weekly&callback=initGoogleMaps&libraries=marker:1187
[  644668ms] [ERROR] The map is initialized without a valid Map ID, which will prevent use of Advanced Markers. @ https://maps.googleapis.com/maps/api/js?key=AIzaSyBNfAGRfS1TNlH0EmxNfegqTsiwzYk6reM&v=weekly&callback=initGoogleMaps&libraries=marker:1187
[  644985ms] [ERROR] The map is initialized without a valid Map ID, which will prevent use of Advanced Markers. @ https://maps.googleapis.com/maps/api/js?key=AIzaSyBNfAGRfS1TNlH0EmxNfegqTsiwzYk6reM&v=weekly&callback=initGoogleMaps&libraries=marker:1187
[  645275ms] [ERROR] The map is initialized without a valid Map ID, which will prevent use of Advanced Markers. @ https://maps.googleapis.com/maps/api/js?key=AIzaSyBNfAGRfS1TNlH0EmxNfegqTsiwzYk6reM&v=weekly&callback=initGoogleMaps&libraries=marker:1187
[  645507ms] [ERROR] The map is initialized without a valid Map ID, which will prevent use of Advanced Markers. @ https://maps.googleapis.com/maps/api/js?key=AIzaSyBNfAGRfS1TNlH0EmxNfegqTsiwzYk6reM&v=weekly&callback=initGoogleMaps&libraries=marker:1187
[  645709ms] [ERROR] The map is initialized without a valid Map ID, which will prevent use of Advanced Markers. @ https://maps.googleapis.com/maps/api/js?key=AIzaSyBNfAGRfS1TNlH0EmxNfegqTsiwzYk6reM&v=weekly&callback=initGoogleMaps&libraries=marker:1187
[  646000ms] [ERROR] The map is initialized without a valid Map ID, which will prevent use of Advanced Markers. @ https://maps.googleapis.com/maps/api/js?key=AIzaSyBNfAGRfS1TNlH0EmxNfegqTsiwzYk6reM&v=weekly&callback=initGoogleMaps&libraries=marker:1187
[  646226ms] [ERROR] The map is initialized without a valid Map ID, which will prevent use of Advanced Markers. @ https://maps.googleapis.com/maps/api/js?key=AIzaSyBNfAGRfS1TNlH0EmxNfegqTsiwzYk6reM&v=weekly&callback=initGoogleMaps&libraries=marker:1187
[  646402ms] [ERROR] The map is initialized without a valid Map ID, which will prevent use of Advanced Markers. @ https://maps.googleapis.com/maps/api/js?key=AIzaSyBNfAGRfS1TNlH0EmxNfegqTsiwzYk6reM&v=weekly&callback=initGoogleMaps&libraries=marker:1187
[  646574ms] [ERROR] The map is initialized without a valid Map ID, which will prevent use of Advanced Markers. @ https://maps.googleapis.com/maps/api/js?key=AIzaSyBNfAGRfS1TNlH0EmxNfegqTsiwzYk6reM&v=weekly&callback=initGoogleMaps&libraries=marker:1187
[  646878ms] [ERROR] The map is initialized without a valid Map ID, which will prevent use of Advanced Markers. @ https://maps.googleapis.com/maps/api/js?key=AIzaSyBNfAGRfS1TNlH0EmxNfegqTsiwzYk6reM&v=weekly&callback=initGoogleMaps&libraries=marker:1187
[  647417ms] [ERROR] The map is initialized without a valid Map ID, which will prevent use of Advanced Markers. @ https://maps.googleapis.com/maps/api/js?key=AIzaSyBNfAGRfS1TNlH0EmxNfegqTsiwzYk6reM&v=weekly&callback=initGoogleMaps&libraries=marker:1187
[  647499ms] [ERROR] The map is initialized without a valid Map ID, which will prevent use of Advanced Markers. @ https://maps.googleapis.com/maps/api/js?key=AIzaSyBNfAGRfS1TNlH0EmxNfegqTsiwzYk6reM&v=weekly&callback=initGoogleMaps&libraries=marker:1187
[  647813ms] [ERROR] The map is initialized without a valid Map ID, which will prevent use of Advanced Markers. @ https://maps.googleapis.com/maps/api/js?key=AIzaSyBNfAGRfS1TNlH0EmxNfegqTsiwzYk6reM&v=weekly&callback=initGoogleMaps&libraries=marker:1187
[  648015ms] [ERROR] The map is initialized without a valid Map ID, which will prevent use of Advanced Markers. @ https://maps.googleapis.com/maps/api/js?key=AIzaSyBNfAGRfS1TNlH0EmxNfegqTsiwzYk6reM&v=weekly&callback=initGoogleMaps&libraries=marker:1187
[  648208ms] [ERROR] The map is initialized without a valid Map ID, which will prevent use of Advanced Markers. @ https://maps.googleapis.com/maps/api/js?key=AIzaSyBNfAGRfS1TNlH0EmxNfegqTsiwzYk6reM&v=weekly&callback=initGoogleMaps&libraries=marker:1187
[  648387ms] [ERROR] The map is initialized without a valid Map ID, which will prevent use of Advanced Markers. @ https://maps.googleapis.com/maps/api/js?key=AIzaSyBNfAGRfS1TNlH0EmxNfegqTsiwzYk6reM&v=weekly&callback=initGoogleMaps&libraries=marker:1187
[  648684ms] [ERROR] The map is initialized without a valid Map ID, which will prevent use of Advanced Markers. @ https://maps.googleapis.com/maps/api/js?key=AIzaSyBNfAGRfS1TNlH0EmxNfegqTsiwzYk6reM&v=weekly&callback=initGoogleMaps&libraries=marker:1187
[  648997ms] [ERROR] The map is initialized without a valid Map ID, which will prevent use of Advanced Markers. @ https://maps.googleapis.com/maps/api/js?key=AIzaSyBNfAGRfS1TNlH0EmxNfegqTsiwzYk6reM&v=weekly&callback=initGoogleMaps&libraries=marker:1187
[  649284ms] [ERROR] The map is initialized without a valid Map ID, which will prevent use of Advanced Markers. @ https://maps.googleapis.com/maps/api/js?key=AIzaSyBNfAGRfS1TNlH0EmxNfegqTsiwzYk6reM&v=weekly&callback=initGoogleMaps&libraries=marker:1187
[  649672ms] [ERROR] The map is initialized without a valid Map ID, which will prevent use of Advanced Markers. @ https://maps.googleapis.com/maps/api/js?key=AIzaSyBNfAGRfS1TNlH0EmxNfegqTsiwzYk6reM&v=weekly&callback=initGoogleMaps&libraries=marker:1187
[  649882ms] [ERROR] The map is initialized without a valid Map ID, which will prevent use of Advanced Markers. @ https://maps.googleapis.com/maps/api/js?key=AIzaSyBNfAGRfS1TNlH0EmxNfegqTsiwzYk6reM&v=weekly&callback=initGoogleMaps&libraries=marker:1187
[  650295ms] [ERROR] The map is initialized without a valid Map ID, which will prevent use of Advanced Markers. @ https://maps.googleapis.com/maps/api/js?key=AIzaSyBNfAGRfS1TNlH0EmxNfegqTsiwzYk6reM&v=weekly&callback=initGoogleMaps&libraries=marker:1187
[  650490ms] [ERROR] The map is initialized without a valid Map ID, which will prevent use of Advanced Markers. @ https://maps.googleapis.com/maps/api/js?key=AIzaSyBNfAGRfS1TNlH0EmxNfegqTsiwzYk6reM&v=weekly&callback=initGoogleMaps&libraries=marker:1187
[  651001ms] [ERROR] The map is initialized without a valid Map ID, which will prevent use of Advanced Markers. @ https://maps.googleapis.com/maps/api/js?key=AIzaSyBNfAGRfS1TNlH0EmxNfegqTsiwzYk6reM&v=weekly&callback=initGoogleMaps&libraries=marker:1187
[  651307ms] [ERROR] The map is initialized without a valid Map ID, which will prevent use of Advanced Markers. @ https://maps.googleapis.com/maps/api/js?key=AIzaSyBNfAGRfS1TNlH0EmxNfegqTsiwzYk6reM&v=weekly&callback=initGoogleMaps&libraries=marker:1187
[  651767ms] [ERROR] The map is initialized without a valid Map ID, which will prevent use of Advanced Markers. @ https://maps.googleapis.com/maps/api/js?key=AIzaSyBNfAGRfS1TNlH0EmxNfegqTsiwzYk6reM&v=weekly&callback=initGoogleMaps&libraries=marker:1187
[  652069ms] [ERROR] The map is initialized without a valid Map ID, which will prevent use of Advanced Markers. @ https://maps.googleapis.com/maps/api/js?key=AIzaSyBNfAGRfS1TNlH0EmxNfegqTsiwzYk6reM&v=weekly&callback=initGoogleMaps&libraries=marker:1187
[  652395ms] [ERROR] The map is initialized without a valid Map ID, which will prevent use of Advanced Markers. @ https://maps.googleapis.com/maps/api/js?key=AIzaSyBNfAGRfS1TNlH0EmxNfegqTsiwzYk6reM&v=weekly&callback=initGoogleMaps&libraries=marker:1187
[  652598ms] [ERROR] The map is initialized without a valid Map ID, which will prevent use of Advanced Markers. @ https://maps.googleapis.com/maps/api/js?key=AIzaSyBNfAGRfS1TNlH0EmxNfegqTsiwzYk6reM&v=weekly&callback=initGoogleMaps&libraries=marker:1187
[  653073ms] [ERROR] The map is initialized without a valid Map ID, which will prevent use of Advanced Markers. @ https://maps.googleapis.com/maps/api/js?key=AIzaSyBNfAGRfS1TNlH0EmxNfegqTsiwzYk6reM&v=weekly&callback=initGoogleMaps&libraries=marker:1187
[  653201ms] [ERROR] The map is initialized without a valid Map ID, which will prevent use of Advanced Markers. @ https://maps.googleapis.com/maps/api/js?key=AIzaSyBNfAGRfS1TNlH0EmxNfegqTsiwzYk6reM&v=weekly&callback=initGoogleMaps&libraries=marker:1187
[  653576ms] [ERROR] The map is initialized without a valid Map ID, which will prevent use of Advanced Markers. @ https://maps.googleapis.com/maps/api/js?key=AIzaSyBNfAGRfS1TNlH0EmxNfegqTsiwzYk6reM&v=weekly&callback=initGoogleMaps&libraries=marker:1187
[  654289ms] [ERROR] The map is initialized without a valid Map ID, which will prevent use of Advanced Markers. @ https://maps.googleapis.com/maps/api/js?key=AIzaSyBNfAGRfS1TNlH0EmxNfegqTsiwzYk6reM&v=weekly&callback=initGoogleMaps&libraries=marker:1187
[  654790ms] [ERROR] The map is initialized without a valid Map ID, which will prevent use of Advanced Markers. @ https://maps.googleapis.com/maps/api/js?key=AIzaSyBNfAGRfS1TNlH0EmxNfegqTsiwzYk6reM&v=weekly&callback=initGoogleMaps&libraries=marker:1187
[  655175ms] [ERROR] The map is initialized without a valid Map ID, which will prevent use of Advanced Markers. @ https://maps.googleapis.com/maps/api/js?key=AIzaSyBNfAGRfS1TNlH0EmxNfegqTsiwzYk6reM&v=weekly&callback=initGoogleMaps&libraries=marker:1187
[  655505ms] [ERROR] The map is initialized without a valid Map ID, which will prevent use of Advanced Markers. @ https://maps.googleapis.com/maps/api/js?key=AIzaSyBNfAGRfS1TNlH0EmxNfegqTsiwzYk6reM&v=weekly&callback=initGoogleMaps&libraries=marker:1187
[  655908ms] [ERROR] The map is initialized without a valid Map ID, which will prevent use of Advanced Markers. @ https://maps.googleapis.com/maps/api/js?key=AIzaSyBNfAGRfS1TNlH0EmxNfegqTsiwzYk6reM&v=weekly&callback=initGoogleMaps&libraries=marker:1187
[  656373ms] [ERROR] The map is initialized without a valid Map ID, which will prevent use of Advanced Markers. @ https://maps.googleapis.com/maps/api/js?key=AIzaSyBNfAGRfS1TNlH0EmxNfegqTsiwzYk6reM&v=weekly&callback=initGoogleMaps&libraries=marker:1187
[  656689ms] [ERROR] The map is initialized without a valid Map ID, which will prevent use of Advanced Markers. @ https://maps.googleapis.com/maps/api/js?key=AIzaSyBNfAGRfS1TNlH0EmxNfegqTsiwzYk6reM&v=weekly&callback=initGoogleMaps&libraries=marker:1187
[  657078ms] [ERROR] The map is initialized without a valid Map ID, which will prevent use of Advanced Markers. @ https://maps.googleapis.com/maps/api/js?key=AIzaSyBNfAGRfS1TNlH0EmxNfegqTsiwzYk6reM&v=weekly&callback=initGoogleMaps&libraries=marker:1187
[  657381ms] [ERROR] The map is initialized without a valid Map ID, which will prevent use of Advanced Markers. @ https://maps.googleapis.com/maps/api/js?key=AIzaSyBNfAGRfS1TNlH0EmxNfegqTsiwzYk6reM&v=weekly&callback=initGoogleMaps&libraries=marker:1187
[  657680ms] [ERROR] The map is initialized without a valid Map ID, which will prevent use of Advanced Markers. @ https://maps.googleapis.com/maps/api/js?key=AIzaSyBNfAGRfS1TNlH0EmxNfegqTsiwzYk6reM&v=weekly&callback=initGoogleMaps&libraries=marker:1187
[  657905ms] [ERROR] The map is initialized without a valid Map ID, which will prevent use of Advanced Markers. @ https://maps.googleapis.com/maps/api/js?key=AIzaSyBNfAGRfS1TNlH0EmxNfegqTsiwzYk6reM&v=weekly&callback=initGoogleMaps&libraries=marker:1187
[  658081ms] [ERROR] The map is initialized without a valid Map ID, which will prevent use of Advanced Markers. @ https://maps.googleapis.com/maps/api/js?key=AIzaSyBNfAGRfS1TNlH0EmxNfegqTsiwzYk6reM&v=weekly&callback=initGoogleMaps&libraries=marker:1187
[  658207ms] [ERROR] The map is initialized without a valid Map ID, which will prevent use of Advanced Markers. @ https://maps.googleapis.com/maps/api/js?key=AIzaSyBNfAGRfS1TNlH0EmxNfegqTsiwzYk6reM&v=weekly&callback=initGoogleMaps&libraries=marker:1187
[  658581ms] [ERROR] The map is initialized without a valid Map ID, which will prevent use of Advanced Markers. @ https://maps.googleapis.com/maps/api/js?key=AIzaSyBNfAGRfS1TNlH0EmxNfegqTsiwzYk6reM&v=weekly&callback=initGoogleMaps&libraries=marker:1187
[  658794ms] [ERROR] The map is initialized without a valid Map ID, which will prevent use of Advanced Markers. @ https://maps.googleapis.com/maps/api/js?key=AIzaSyBNfAGRfS1TNlH0EmxNfegqTsiwzYk6reM&v=weekly&callback=initGoogleMaps&libraries=marker:1187
[  659194ms] [ERROR] The map is initialized without a valid Map ID, which will prevent use of Advanced Markers. @ https://maps.googleapis.com/maps/api/js?key=AIzaSyBNfAGRfS1TNlH0EmxNfegqTsiwzYk6reM&v=weekly&callback=initGoogleMaps&libraries=marker:1187
[  659696ms] [ERROR] The map is initialized without a valid Map ID, which will prevent use of Advanced Markers. @ https://maps.googleapis.com/maps/api/js?key=AIzaSyBNfAGRfS1TNlH0EmxNfegqTsiwzYk6reM&v=weekly&callback=initGoogleMaps&libraries=marker:1187
[  659878ms] [ERROR] The map is initialized without a valid Map ID, which will prevent use of Advanced Markers. @ https://maps.googleapis.com/maps/api/js?key=AIzaSyBNfAGRfS1TNlH0EmxNfegqTsiwzYk6reM&v=weekly&callback=initGoogleMaps&libraries=marker:1187
[  660204ms] [ERROR] The map is initialized without a valid Map ID, which will prevent use of Advanced Markers. @ https://maps.googleapis.com/maps/api/js?key=AIzaSyBNfAGRfS1TNlH0EmxNfegqTsiwzYk6reM&v=weekly&callback=initGoogleMaps&libraries=marker:1187
[  660891ms] [ERROR] The map is initialized without a valid Map ID, which will prevent use of Advanced Markers. @ https://maps.googleapis.com/maps/api/js?key=AIzaSyBNfAGRfS1TNlH0EmxNfegqTsiwzYk6reM&v=weekly&callback=initGoogleMaps&libraries=marker:1187
[  661296ms] [ERROR] The map is initialized without a valid Map ID, which will prevent use of Advanced Markers. @ https://maps.googleapis.com/maps/api/js?key=AIzaSyBNfAGRfS1TNlH0EmxNfegqTsiwzYk6reM&v=weekly&callback=initGoogleMaps&libraries=marker:1187
[  661514ms] [ERROR] The map is initialized without a valid Map ID, which will prevent use of Advanced Markers. @ https://maps.googleapis.com/maps/api/js?key=AIzaSyBNfAGRfS1TNlH0EmxNfegqTsiwzYk6reM&v=weekly&callback=initGoogleMaps&libraries=marker:1187
[  661839ms] [ERROR] The map is initialized without a valid Map ID, which will prevent use of Advanced Markers. @ https://maps.googleapis.com/maps/api/js?key=AIzaSyBNfAGRfS1TNlH0EmxNfegqTsiwzYk6reM&v=weekly&callback=initGoogleMaps&libraries=marker:1187
[  661947ms] [ERROR] The map is initialized without a valid Map ID, which will prevent use of Advanced Markers. @ https://maps.googleapis.com/maps/api/js?key=AIzaSyBNfAGRfS1TNlH0EmxNfegqTsiwzYk6reM&v=weekly&callback=initGoogleMaps&libraries=marker:1187
[  662080ms] [ERROR] The map is initialized without a valid Map ID, which will prevent use of Advanced Markers. @ https://maps.googleapis.com/maps/api/js?key=AIzaSyBNfAGRfS1TNlH0EmxNfegqTsiwzYk6reM&v=weekly&callback=initGoogleMaps&libraries=marker:1187
[  662706ms] [ERROR] The map is initialized without a valid Map ID, which will prevent use of Advanced Markers. @ https://maps.googleapis.com/maps/api/js?key=AIzaSyBNfAGRfS1TNlH0EmxNfegqTsiwzYk6reM&v=weekly&callback=initGoogleMaps&libraries=marker:1187
[  663698ms] [ERROR] The map is initialized without a valid Map ID, which will prevent use of Advanced Markers. @ https://maps.googleapis.com/maps/api/js?key=AIzaSyBNfAGRfS1TNlH0EmxNfegqTsiwzYk6reM&v=weekly&callback=initGoogleMaps&libraries=marker:1187
[  664502ms] [ERROR] The map is initialized without a valid Map ID, which will prevent use of Advanced Markers. @ https://maps.googleapis.com/maps/api/js?key=AIzaSyBNfAGRfS1TNlH0EmxNfegqTsiwzYk6reM&v=weekly&callback=initGoogleMaps&libraries=marker:1187
[  665289ms] [ERROR] The map is initialized without a valid Map ID, which will prevent use of Advanced Markers. @ https://maps.googleapis.com/maps/api/js?key=AIzaSyBNfAGRfS1TNlH0EmxNfegqTsiwzYk6reM&v=weekly&callback=initGoogleMaps&libraries=marker:1187
[  665704ms] [ERROR] The map is initialized without a valid Map ID, which will prevent use of Advanced Markers. @ https://maps.googleapis.com/maps/api/js?key=AIzaSyBNfAGRfS1TNlH0EmxNfegqTsiwzYk6reM&v=weekly&callback=initGoogleMaps&libraries=marker:1187
[  666411ms] [ERROR] The map is initialized without a valid Map ID, which will prevent use of Advanced Markers. @ https://maps.googleapis.com/maps/api/js?key=AIzaSyBNfAGRfS1TNlH0EmxNfegqTsiwzYk6reM&v=weekly&callback=initGoogleMaps&libraries=marker:1187
[  666907ms] [ERROR] The map is initialized without a valid Map ID, which will prevent use of Advanced Markers. @ https://maps.googleapis.com/maps/api/js?key=AIzaSyBNfAGRfS1TNlH0EmxNfegqTsiwzYk6reM&v=weekly&callback=initGoogleMaps&libraries=marker:1187
[  667387ms] [ERROR] The map is initialized without a valid Map ID, which will prevent use of Advanced Markers. @ https://maps.googleapis.com/maps/api/js?key=AIzaSyBNfAGRfS1TNlH0EmxNfegqTsiwzYk6reM&v=weekly&callback=initGoogleMaps&libraries=marker:1187
[  667872ms] [ERROR] The map is initialized without a valid Map ID, which will prevent use of Advanced Markers. @ https://maps.googleapis.com/maps/api/js?key=AIzaSyBNfAGRfS1TNlH0EmxNfegqTsiwzYk6reM&v=weekly&callback=initGoogleMaps&libraries=marker:1187
[  668404ms] [ERROR] The map is initialized without a valid Map ID, which will prevent use of Advanced Markers. @ https://maps.googleapis.com/maps/api/js?key=AIzaSyBNfAGRfS1TNlH0EmxNfegqTsiwzYk6reM&v=weekly&callback=initGoogleMaps&libraries=marker:1187
[  669196ms] [ERROR] The map is initialized without a valid Map ID, which will prevent use of Advanced Markers. @ https://maps.googleapis.com/maps/api/js?key=AIzaSyBNfAGRfS1TNlH0EmxNfegqTsiwzYk6reM&v=weekly&callback=initGoogleMaps&libraries=marker:1187
[  669905ms] [ERROR] The map is initialized without a valid Map ID, which will prevent use of Advanced Markers. @ https://maps.googleapis.com/maps/api/js?key=AIzaSyBNfAGRfS1TNlH0EmxNfegqTsiwzYk6reM&v=weekly&callback=initGoogleMaps&libraries=marker:1187
[  670473ms] [ERROR] The map is initialized without a valid Map ID, which will prevent use of Advanced Markers. @ https://maps.googleapis.com/maps/api/js?key=AIzaSyBNfAGRfS1TNlH0EmxNfegqTsiwzYk6reM&v=weekly&callback=initGoogleMaps&libraries=marker:1187
[  671097ms] [ERROR] The map is initialized without a valid Map ID, which will prevent use of Advanced Markers. @ https://maps.googleapis.com/maps/api/js?key=AIzaSyBNfAGRfS1TNlH0EmxNfegqTsiwzYk6reM&v=weekly&callback=initGoogleMaps&libraries=marker:1187
[  671695ms] [ERROR] The map is initialized without a valid Map ID, which will prevent use of Advanced Markers. @ https://maps.googleapis.com/maps/api/js?key=AIzaSyBNfAGRfS1TNlH0EmxNfegqTsiwzYk6reM&v=weekly&callback=initGoogleMaps&libraries=marker:1187
[  672530ms] [ERROR] The map is initialized without a valid Map ID, which will prevent use of Advanced Markers. @ https://maps.googleapis.com/maps/api/js?key=AIzaSyBNfAGRfS1TNlH0EmxNfegqTsiwzYk6reM&v=weekly&callback=initGoogleMaps&libraries=marker:1187
[  673086ms] [ERROR] The map is initialized without a valid Map ID, which will prevent use of Advanced Markers. @ https://maps.googleapis.com/maps/api/js?key=AIzaSyBNfAGRfS1TNlH0EmxNfegqTsiwzYk6reM&v=weekly&callback=initGoogleMaps&libraries=marker:1187
[  673403ms] [ERROR] The map is initialized without a valid Map ID, which will prevent use of Advanced Markers. @ https://maps.googleapis.com/maps/api/js?key=AIzaSyBNfAGRfS1TNlH0EmxNfegqTsiwzYk6reM&v=weekly&callback=initGoogleMaps&libraries=marker:1187
[  673810ms] [ERROR] The map is initialized without a valid Map ID, which will prevent use of Advanced Markers. @ https://maps.googleapis.com/maps/api/js?key=AIzaSyBNfAGRfS1TNlH0EmxNfegqTsiwzYk6reM&v=weekly&callback=initGoogleMaps&libraries=marker:1187
[  674164ms] [ERROR] The map is initialized without a valid Map ID, which will prevent use of Advanced Markers. @ https://maps.googleapis.com/maps/api/js?key=AIzaSyBNfAGRfS1TNlH0EmxNfegqTsiwzYk6reM&v=weekly&callback=initGoogleMaps&libraries=marker:1187
[  674483ms] [ERROR] The map is initialized without a valid Map ID, which will prevent use of Advanced Markers. @ https://maps.googleapis.com/maps/api/js?key=AIzaSyBNfAGRfS1TNlH0EmxNfegqTsiwzYk6reM&v=weekly&callback=initGoogleMaps&libraries=marker:1187
[  674891ms] [ERROR] The map is initialized without a valid Map ID, which will prevent use of Advanced Markers. @ https://maps.googleapis.com/maps/api/js?key=AIzaSyBNfAGRfS1TNlH0EmxNfegqTsiwzYk6reM&v=weekly&callback=initGoogleMaps&libraries=marker:1187
[  674994ms] [ERROR] The map is initialized without a valid Map ID, which will prevent use of Advanced Markers. @ https://maps.googleapis.com/maps/api/js?key=AIzaSyBNfAGRfS1TNlH0EmxNfegqTsiwzYk6reM&v=weekly&callback=initGoogleMaps&libraries=marker:1187
[  675380ms] [ERROR] The map is initialized without a valid Map ID, which will prevent use of Advanced Markers. @ https://maps.googleapis.com/maps/api/js?key=AIzaSyBNfAGRfS1TNlH0EmxNfegqTsiwzYk6reM&v=weekly&callback=initGoogleMaps&libraries=marker:1187
[  675480ms] [ERROR] The map is initialized without a valid Map ID, which will prevent use of Advanced Markers. @ https://maps.googleapis.com/maps/api/js?key=AIzaSyBNfAGRfS1TNlH0EmxNfegqTsiwzYk6reM&v=weekly&callback=initGoogleMaps&libraries=marker:1187
[  675704ms] [ERROR] The map is initialized without a valid Map ID, which will prevent use of Advanced Markers. @ https://maps.googleapis.com/maps/api/js?key=AIzaSyBNfAGRfS1TNlH0EmxNfegqTsiwzYk6reM&v=weekly&callback=initGoogleMaps&libraries=marker:1187
[  676004ms] [ERROR] The map is initialized without a valid Map ID, which will prevent use of Advanced Markers. @ https://maps.googleapis.com/maps/api/js?key=AIzaSyBNfAGRfS1TNlH0EmxNfegqTsiwzYk6reM&v=weekly&callback=initGoogleMaps&libraries=marker:1187
[  676208ms] [ERROR] The map is initialized without a valid Map ID, which will prevent use of Advanced Markers. @ https://maps.googleapis.com/maps/api/js?key=AIzaSyBNfAGRfS1TNlH0EmxNfegqTsiwzYk6reM&v=weekly&callback=initGoogleMaps&libraries=marker:1187
[  676389ms] [ERROR] The map is initialized without a valid Map ID, which will prevent use of Advanced Markers. @ https://maps.googleapis.com/maps/api/js?key=AIzaSyBNfAGRfS1TNlH0EmxNfegqTsiwzYk6reM&v=weekly&callback=initGoogleMaps&libraries=marker:1187
[  677407ms] [ERROR] The map is initialized without a valid Map ID, which will prevent use of Advanced Markers. @ https://maps.googleapis.com/maps/api/js?key=AIzaSyBNfAGRfS1TNlH0EmxNfegqTsiwzYk6reM&v=weekly&callback=initGoogleMaps&libraries=marker:1187
[  677803ms] [ERROR] The map is initialized without a valid Map ID, which will prevent use of Advanced Markers. @ https://maps.googleapis.com/maps/api/js?key=AIzaSyBNfAGRfS1TNlH0EmxNfegqTsiwzYk6reM&v=weekly&callback=initGoogleMaps&libraries=marker:1187
[  678079ms] [ERROR] The map is initialized without a valid Map ID, which will prevent use of Advanced Markers. @ https://maps.googleapis.com/maps/api/js?key=AIzaSyBNfAGRfS1TNlH0EmxNfegqTsiwzYk6reM&v=weekly&callback=initGoogleMaps&libraries=marker:1187
[  678244ms] [ERROR] The map is initialized without a valid Map ID, which will prevent use of Advanced Markers. @ https://maps.googleapis.com/maps/api/js?key=AIzaSyBNfAGRfS1TNlH0EmxNfegqTsiwzYk6reM&v=weekly&callback=initGoogleMaps&libraries=marker:1187
[  678477ms] [ERROR] The map is initialized without a valid Map ID, which will prevent use of Advanced Markers. @ https://maps.googleapis.com/maps/api/js?key=AIzaSyBNfAGRfS1TNlH0EmxNfegqTsiwzYk6reM&v=weekly&callback=initGoogleMaps&libraries=marker:1187
[  678595ms] [ERROR] The map is initialized without a valid Map ID, which will prevent use of Advanced Markers. @ https://maps.googleapis.com/maps/api/js?key=AIzaSyBNfAGRfS1TNlH0EmxNfegqTsiwzYk6reM&v=weekly&callback=initGoogleMaps&libraries=marker:1187
[  678898ms] [ERROR] The map is initialized without a valid Map ID, which will prevent use of Advanced Markers. @ https://maps.googleapis.com/maps/api/js?key=AIzaSyBNfAGRfS1TNlH0EmxNfegqTsiwzYk6reM&v=weekly&callback=initGoogleMaps&libraries=marker:1187
[  679206ms] [ERROR] The map is initialized without a valid Map ID, which will prevent use of Advanced Markers. @ https://maps.googleapis.com/maps/api/js?key=AIzaSyBNfAGRfS1TNlH0EmxNfegqTsiwzYk6reM&v=weekly&callback=initGoogleMaps&libraries=marker:1187
[  679505ms] [ERROR] The map is initialized without a valid Map ID, which will prevent use of Advanced Markers. @ https://maps.googleapis.com/maps/api/js?key=AIzaSyBNfAGRfS1TNlH0EmxNfegqTsiwzYk6reM&v=weekly&callback=initGoogleMaps&libraries=marker:1187
[  679891ms] [ERROR] The map is initialized without a valid Map ID, which will prevent use of Advanced Markers. @ https://maps.googleapis.com/maps/api/js?key=AIzaSyBNfAGRfS1TNlH0EmxNfegqTsiwzYk6reM&v=weekly&callback=initGoogleMaps&libraries=marker:1187
[  679997ms] [ERROR] The map is initialized without a valid Map ID, which will prevent use of Advanced Markers. @ https://maps.googleapis.com/maps/api/js?key=AIzaSyBNfAGRfS1TNlH0EmxNfegqTsiwzYk6reM&v=weekly&callback=initGoogleMaps&libraries=marker:1187
[  680233ms] [ERROR] The map is initialized without a valid Map ID, which will prevent use of Advanced Markers. @ https://maps.googleapis.com/maps/api/js?key=AIzaSyBNfAGRfS1TNlH0EmxNfegqTsiwzYk6reM&v=weekly&callback=initGoogleMaps&libraries=marker:1187
[  680445ms] [ERROR] The map is initialized without a valid Map ID, which will prevent use of Advanced Markers. @ https://maps.googleapis.com/maps/api/js?key=AIzaSyBNfAGRfS1TNlH0EmxNfegqTsiwzYk6reM&v=weekly&callback=initGoogleMaps&libraries=marker:1187
[  680643ms] [ERROR] The map is initialized without a valid Map ID, which will prevent use of Advanced Markers. @ https://maps.googleapis.com/maps/api/js?key=AIzaSyBNfAGRfS1TNlH0EmxNfegqTsiwzYk6reM&v=weekly&callback=initGoogleMaps&libraries=marker:1187
[  681218ms] [ERROR] The map is initialized without a valid Map ID, which will prevent use of Advanced Markers. @ https://maps.googleapis.com/maps/api/js?key=AIzaSyBNfAGRfS1TNlH0EmxNfegqTsiwzYk6reM&v=weekly&callback=initGoogleMaps&libraries=marker:1187
[  681484ms] [ERROR] The map is initialized without a valid Map ID, which will prevent use of Advanced Markers. @ https://maps.googleapis.com/maps/api/js?key=AIzaSyBNfAGRfS1TNlH0EmxNfegqTsiwzYk6reM&v=weekly&callback=initGoogleMaps&libraries=marker:1187
[  681651ms] [ERROR] The map is initialized without a valid Map ID, which will prevent use of Advanced Markers. @ https://maps.googleapis.com/maps/api/js?key=AIzaSyBNfAGRfS1TNlH0EmxNfegqTsiwzYk6reM&v=weekly&callback=initGoogleMaps&libraries=marker:1187
[  681922ms] [ERROR] The map is initialized without a valid Map ID, which will prevent use of Advanced Markers. @ https://maps.googleapis.com/maps/api/js?key=AIzaSyBNfAGRfS1TNlH0EmxNfegqTsiwzYk6reM&v=weekly&callback=initGoogleMaps&libraries=marker:1187
[  682594ms] [ERROR] The map is initialized without a valid Map ID, which will prevent use of Advanced Markers. @ https://maps.googleapis.com/maps/api/js?key=AIzaSyBNfAGRfS1TNlH0EmxNfegqTsiwzYk6reM&v=weekly&callback=initGoogleMaps&libraries=marker:1187
[  682979ms] [ERROR] The map is initialized without a valid Map ID, which will prevent use of Advanced Markers. @ https://maps.googleapis.com/maps/api/js?key=AIzaSyBNfAGRfS1TNlH0EmxNfegqTsiwzYk6reM&v=weekly&callback=initGoogleMaps&libraries=marker:1187
[  683320ms] [ERROR] The map is initialized without a valid Map ID, which will prevent use of Advanced Markers. @ https://maps.googleapis.com/maps/api/js?key=AIzaSyBNfAGRfS1TNlH0EmxNfegqTsiwzYk6reM&v=weekly&callback=initGoogleMaps&libraries=marker:1187
[  683516ms] [ERROR] The map is initialized without a valid Map ID, which will prevent use of Advanced Markers. @ https://maps.googleapis.com/maps/api/js?key=AIzaSyBNfAGRfS1TNlH0EmxNfegqTsiwzYk6reM&v=weekly&callback=initGoogleMaps&libraries=marker:1187
[  683883ms] [ERROR] The map is initialized without a valid Map ID, which will prevent use of Advanced Markers. @ https://maps.googleapis.com/maps/api/js?key=AIzaSyBNfAGRfS1TNlH0EmxNfegqTsiwzYk6reM&v=weekly&callback=initGoogleMaps&libraries=marker:1187
[  684281ms] [ERROR] The map is initialized without a valid Map ID, which will prevent use of Advanced Markers. @ https://maps.googleapis.com/maps/api/js?key=AIzaSyBNfAGRfS1TNlH0EmxNfegqTsiwzYk6reM&v=weekly&callback=initGoogleMaps&libraries=marker:1187
[  684398ms] [ERROR] The map is initialized without a valid Map ID, which will prevent use of Advanced Markers. @ https://maps.googleapis.com/maps/api/js?key=AIzaSyBNfAGRfS1TNlH0EmxNfegqTsiwzYk6reM&v=weekly&callback=initGoogleMaps&libraries=marker:1187
[  684672ms] [ERROR] The map is initialized without a valid Map ID, which will prevent use of Advanced Markers. @ https://maps.googleapis.com/maps/api/js?key=AIzaSyBNfAGRfS1TNlH0EmxNfegqTsiwzYk6reM&v=weekly&callback=initGoogleMaps&libraries=marker:1187
[  685069ms] [ERROR] The map is initialized without a valid Map ID, which will prevent use of Advanced Markers. @ https://maps.googleapis.com/maps/api/js?key=AIzaSyBNfAGRfS1TNlH0EmxNfegqTsiwzYk6reM&v=weekly&callback=initGoogleMaps&libraries=marker:1187
[  685336ms] [ERROR] The map is initialized without a valid Map ID, which will prevent use of Advanced Markers. @ https://maps.googleapis.com/maps/api/js?key=AIzaSyBNfAGRfS1TNlH0EmxNfegqTsiwzYk6reM&v=weekly&callback=initGoogleMaps&libraries=marker:1187
[  685504ms] [ERROR] The map is initialized without a valid Map ID, which will prevent use of Advanced Markers. @ https://maps.googleapis.com/maps/api/js?key=AIzaSyBNfAGRfS1TNlH0EmxNfegqTsiwzYk6reM&v=weekly&callback=initGoogleMaps&libraries=marker:1187
[  686068ms] [ERROR] The map is initialized without a valid Map ID, which will prevent use of Advanced Markers. @ https://maps.googleapis.com/maps/api/js?key=AIzaSyBNfAGRfS1TNlH0EmxNfegqTsiwzYk6reM&v=weekly&callback=initGoogleMaps&libraries=marker:1187
[  686911ms] [ERROR] The map is initialized without a valid Map ID, which will prevent use of Advanced Markers. @ https://maps.googleapis.com/maps/api/js?key=AIzaSyBNfAGRfS1TNlH0EmxNfegqTsiwzYk6reM&v=weekly&callback=initGoogleMaps&libraries=marker:1187
[  687385ms] [ERROR] The map is initialized without a valid Map ID, which will prevent use of Advanced Markers. @ https://maps.googleapis.com/maps/api/js?key=AIzaSyBNfAGRfS1TNlH0EmxNfegqTsiwzYk6reM&v=weekly&callback=initGoogleMaps&libraries=marker:1187
[  687990ms] [ERROR] The map is initialized without a valid Map ID, which will prevent use of Advanced Markers. @ https://maps.googleapis.com/maps/api/js?key=AIzaSyBNfAGRfS1TNlH0EmxNfegqTsiwzYk6reM&v=weekly&callback=initGoogleMaps&libraries=marker:1187
[  688111ms] [ERROR] The map is initialized without a valid Map ID, which will prevent use of Advanced Markers. @ https://maps.googleapis.com/maps/api/js?key=AIzaSyBNfAGRfS1TNlH0EmxNfegqTsiwzYk6reM&v=weekly&callback=initGoogleMaps&libraries=marker:1187
[  688701ms] [ERROR] The map is initialized without a valid Map ID, which will prevent use of Advanced Markers. @ https://maps.googleapis.com/maps/api/js?key=AIzaSyBNfAGRfS1TNlH0EmxNfegqTsiwzYk6reM&v=weekly&callback=initGoogleMaps&libraries=marker:1187
[  689145ms] [ERROR] The map is initialized without a valid Map ID, which will prevent use of Advanced Markers. @ https://maps.googleapis.com/maps/api/js?key=AIzaSyBNfAGRfS1TNlH0EmxNfegqTsiwzYk6reM&v=weekly&callback=initGoogleMaps&libraries=marker:1187
[  689320ms] [ERROR] The map is initialized without a valid Map ID, which will prevent use of Advanced Markers. @ https://maps.googleapis.com/maps/api/js?key=AIzaSyBNfAGRfS1TNlH0EmxNfegqTsiwzYk6reM&v=weekly&callback=initGoogleMaps&libraries=marker:1187
[  689605ms] [ERROR] The map is initialized without a valid Map ID, which will prevent use of Advanced Markers. @ https://maps.googleapis.com/maps/api/js?key=AIzaSyBNfAGRfS1TNlH0EmxNfegqTsiwzYk6reM&v=weekly&callback=initGoogleMaps&libraries=marker:1187
[  689779ms] [ERROR] The map is initialized without a valid Map ID, which will prevent use of Advanced Markers. @ https://maps.googleapis.com/maps/api/js?key=AIzaSyBNfAGRfS1TNlH0EmxNfegqTsiwzYk6reM&v=weekly&callback=initGoogleMaps&libraries=marker:1187
[  689841ms] [ERROR] The map is initialized without a valid Map ID, which will prevent use of Advanced Markers. @ https://maps.googleapis.com/maps/api/js?key=AIzaSyBNfAGRfS1TNlH0EmxNfegqTsiwzYk6reM&v=weekly&callback=initGoogleMaps&libraries=marker:1187
[  690073ms] [ERROR] The map is initialized without a valid Map ID, which will prevent use of Advanced Markers. @ https://maps.googleapis.com/maps/api/js?key=AIzaSyBNfAGRfS1TNlH0EmxNfegqTsiwzYk6reM&v=weekly&callback=initGoogleMaps&libraries=marker:1187
[  690225ms] [ERROR] The map is initialized without a valid Map ID, which will prevent use of Advanced Markers. @ https://maps.googleapis.com/maps/api/js?key=AIzaSyBNfAGRfS1TNlH0EmxNfegqTsiwzYk6reM&v=weekly&callback=initGoogleMaps&libraries=marker:1187
[  690897ms] [ERROR] The map is initialized without a valid Map ID, which will prevent use of Advanced Markers. @ https://maps.googleapis.com/maps/api/js?key=AIzaSyBNfAGRfS1TNlH0EmxNfegqTsiwzYk6reM&v=weekly&callback=initGoogleMaps&libraries=marker:1187
[  691299ms] [ERROR] The map is initialized without a valid Map ID, which will prevent use of Advanced Markers. @ https://maps.googleapis.com/maps/api/js?key=AIzaSyBNfAGRfS1TNlH0EmxNfegqTsiwzYk6reM&v=weekly&callback=initGoogleMaps&libraries=marker:1187
[  691502ms] [ERROR] The map is initialized without a valid Map ID, which will prevent use of Advanced Markers. @ https://maps.googleapis.com/maps/api/js?key=AIzaSyBNfAGRfS1TNlH0EmxNfegqTsiwzYk6reM&v=weekly&callback=initGoogleMaps&libraries=marker:1187
[  691643ms] [ERROR] The map is initialized without a valid Map ID, which will prevent use of Advanced Markers. @ https://maps.googleapis.com/maps/api/js?key=AIzaSyBNfAGRfS1TNlH0EmxNfegqTsiwzYk6reM&v=weekly&callback=initGoogleMaps&libraries=marker:1187
[  691716ms] [ERROR] The map is initialized without a valid Map ID, which will prevent use of Advanced Markers. @ https://maps.googleapis.com/maps/api/js?key=AIzaSyBNfAGRfS1TNlH0EmxNfegqTsiwzYk6reM&v=weekly&callback=initGoogleMaps&libraries=marker:1187
[  691918ms] [ERROR] The map is initialized without a valid Map ID, which will prevent use of Advanced Markers. @ https://maps.googleapis.com/maps/api/js?key=AIzaSyBNfAGRfS1TNlH0EmxNfegqTsiwzYk6reM&v=weekly&callback=initGoogleMaps&libraries=marker:1187
[  692094ms] [ERROR] The map is initialized without a valid Map ID, which will prevent use of Advanced Markers. @ https://maps.googleapis.com/maps/api/js?key=AIzaSyBNfAGRfS1TNlH0EmxNfegqTsiwzYk6reM&v=weekly&callback=initGoogleMaps&libraries=marker:1187
[  692611ms] [ERROR] The map is initialized without a valid Map ID, which will prevent use of Advanced Markers. @ https://maps.googleapis.com/maps/api/js?key=AIzaSyBNfAGRfS1TNlH0EmxNfegqTsiwzYk6reM&v=weekly&callback=initGoogleMaps&libraries=marker:1187
[  692809ms] [ERROR] The map is initialized without a valid Map ID, which will prevent use of Advanced Markers. @ https://maps.googleapis.com/maps/api/js?key=AIzaSyBNfAGRfS1TNlH0EmxNfegqTsiwzYk6reM&v=weekly&callback=initGoogleMaps&libraries=marker:1187
[  692981ms] [ERROR] The map is initialized without a valid Map ID, which will prevent use of Advanced Markers. @ https://maps.googleapis.com/maps/api/js?key=AIzaSyBNfAGRfS1TNlH0EmxNfegqTsiwzYk6reM&v=weekly&callback=initGoogleMaps&libraries=marker:1187
[  693289ms] [ERROR] The map is initialized without a valid Map ID, which will prevent use of Advanced Markers. @ https://maps.googleapis.com/maps/api/js?key=AIzaSyBNfAGRfS1TNlH0EmxNfegqTsiwzYk6reM&v=weekly&callback=initGoogleMaps&libraries=marker:1187
[  693485ms] [ERROR] The map is initialized without a valid Map ID, which will prevent use of Advanced Markers. @ https://maps.googleapis.com/maps/api/js?key=AIzaSyBNfAGRfS1TNlH0EmxNfegqTsiwzYk6reM&v=weekly&callback=initGoogleMaps&libraries=marker:1187
[  693736ms] [ERROR] The map is initialized without a valid Map ID, which will prevent use of Advanced Markers. @ https://maps.googleapis.com/maps/api/js?key=AIzaSyBNfAGRfS1TNlH0EmxNfegqTsiwzYk6reM&v=weekly&callback=initGoogleMaps&libraries=marker:1187
[  694179ms] [ERROR] The map is initialized without a valid Map ID, which will prevent use of Advanced Markers. @ https://maps.googleapis.com/maps/api/js?key=AIzaSyBNfAGRfS1TNlH0EmxNfegqTsiwzYk6reM&v=weekly&callback=initGoogleMaps&libraries=marker:1187
[  694409ms] [ERROR] The map is initialized without a valid Map ID, which will prevent use of Advanced Markers. @ https://maps.googleapis.com/maps/api/js?key=AIzaSyBNfAGRfS1TNlH0EmxNfegqTsiwzYk6reM&v=weekly&callback=initGoogleMaps&libraries=marker:1187
[  694805ms] [ERROR] The map is initialized without a valid Map ID, which will prevent use of Advanced Markers. @ https://maps.googleapis.com/maps/api/js?key=AIzaSyBNfAGRfS1TNlH0EmxNfegqTsiwzYk6reM&v=weekly&callback=initGoogleMaps&libraries=marker:1187
[  694976ms] [ERROR] The map is initialized without a valid Map ID, which will prevent use of Advanced Markers. @ https://maps.googleapis.com/maps/api/js?key=AIzaSyBNfAGRfS1TNlH0EmxNfegqTsiwzYk6reM&v=weekly&callback=initGoogleMaps&libraries=marker:1187
[  695123ms] [ERROR] The map is initialized without a valid Map ID, which will prevent use of Advanced Markers. @ https://maps.googleapis.com/maps/api/js?key=AIzaSyBNfAGRfS1TNlH0EmxNfegqTsiwzYk6reM&v=weekly&callback=initGoogleMaps&libraries=marker:1187
[  695384ms] [ERROR] The map is initialized without a valid Map ID, which will prevent use of Advanced Markers. @ https://maps.googleapis.com/maps/api/js?key=AIzaSyBNfAGRfS1TNlH0EmxNfegqTsiwzYk6reM&v=weekly&callback=initGoogleMaps&libraries=marker:1187
[  697094ms] [ERROR] The map is initialized without a valid Map ID, which will prevent use of Advanced Markers. @ https://maps.googleapis.com/maps/api/js?key=AIzaSyBNfAGRfS1TNlH0EmxNfegqTsiwzYk6reM&v=weekly&callback=initGoogleMaps&libraries=marker:1187
[  697605ms] [ERROR] The map is initialized without a valid Map ID, which will prevent use of Advanced Markers. @ https://maps.googleapis.com/maps/api/js?key=AIzaSyBNfAGRfS1TNlH0EmxNfegqTsiwzYk6reM&v=weekly&callback=initGoogleMaps&libraries=marker:1187
[  697947ms] [ERROR] The map is initialized without a valid Map ID, which will prevent use of Advanced Markers. @ https://maps.googleapis.com/maps/api/js?key=AIzaSyBNfAGRfS1TNlH0EmxNfegqTsiwzYk6reM&v=weekly&callback=initGoogleMaps&libraries=marker:1187
[  698439ms] [ERROR] The map is initialized without a valid Map ID, which will prevent use of Advanced Markers. @ https://maps.googleapis.com/maps/api/js?key=AIzaSyBNfAGRfS1TNlH0EmxNfegqTsiwzYk6reM&v=weekly&callback=initGoogleMaps&libraries=marker:1187
[  698575ms] [ERROR] The map is initialized without a valid Map ID, which will prevent use of Advanced Markers. @ https://maps.googleapis.com/maps/api/js?key=AIzaSyBNfAGRfS1TNlH0EmxNfegqTsiwzYk6reM&v=weekly&callback=initGoogleMaps&libraries=marker:1187
[  699007ms] [ERROR] The map is initialized without a valid Map ID, which will prevent use of Advanced Markers. @ https://maps.googleapis.com/maps/api/js?key=AIzaSyBNfAGRfS1TNlH0EmxNfegqTsiwzYk6reM&v=weekly&callback=initGoogleMaps&libraries=marker:1187
[  699226ms] [ERROR] The map is initialized without a valid Map ID, which will prevent use of Advanced Markers. @ https://maps.googleapis.com/maps/api/js?key=AIzaSyBNfAGRfS1TNlH0EmxNfegqTsiwzYk6reM&v=weekly&callback=initGoogleMaps&libraries=marker:1187
[  700082ms] [ERROR] The map is initialized without a valid Map ID, which will prevent use of Advanced Markers. @ https://maps.googleapis.com/maps/api/js?key=AIzaSyBNfAGRfS1TNlH0EmxNfegqTsiwzYk6reM&v=weekly&callback=initGoogleMaps&libraries=marker:1187
[  700290ms] [ERROR] The map is initialized without a valid Map ID, which will prevent use of Advanced Markers. @ https://maps.googleapis.com/maps/api/js?key=AIzaSyBNfAGRfS1TNlH0EmxNfegqTsiwzYk6reM&v=weekly&callback=initGoogleMaps&libraries=marker:1187
[  700674ms] [ERROR] The map is initialized without a valid Map ID, which will prevent use of Advanced Markers. @ https://maps.googleapis.com/maps/api/js?key=AIzaSyBNfAGRfS1TNlH0EmxNfegqTsiwzYk6reM&v=weekly&callback=initGoogleMaps&libraries=marker:1187
[  701421ms] [ERROR] The map is initialized without a valid Map ID, which will prevent use of Advanced Markers. @ https://maps.googleapis.com/maps/api/js?key=AIzaSyBNfAGRfS1TNlH0EmxNfegqTsiwzYk6reM&v=weekly&callback=initGoogleMaps&libraries=marker:1187
[  701768ms] [ERROR] The map is initialized without a valid Map ID, which will prevent use of Advanced Markers. @ https://maps.googleapis.com/maps/api/js?key=AIzaSyBNfAGRfS1TNlH0EmxNfegqTsiwzYk6reM&v=weekly&callback=initGoogleMaps&libraries=marker:1187
[  702001ms] [ERROR] The map is initialized without a valid Map ID, which will prevent use of Advanced Markers. @ https://maps.googleapis.com/maps/api/js?key=AIzaSyBNfAGRfS1TNlH0EmxNfegqTsiwzYk6reM&v=weekly&callback=initGoogleMaps&libraries=marker:1187
[  702416ms] [ERROR] The map is initialized without a valid Map ID, which will prevent use of Advanced Markers. @ https://maps.googleapis.com/maps/api/js?key=AIzaSyBNfAGRfS1TNlH0EmxNfegqTsiwzYk6reM&v=weekly&callback=initGoogleMaps&libraries=marker:1187
[  702913ms] [ERROR] The map is initialized without a valid Map ID, which will prevent use of Advanced Markers. @ https://maps.googleapis.com/maps/api/js?key=AIzaSyBNfAGRfS1TNlH0EmxNfegqTsiwzYk6reM&v=weekly&callback=initGoogleMaps&libraries=marker:1187
[  703282ms] [ERROR] The map is initialized without a valid Map ID, which will prevent use of Advanced Markers. @ https://maps.googleapis.com/maps/api/js?key=AIzaSyBNfAGRfS1TNlH0EmxNfegqTsiwzYk6reM&v=weekly&callback=initGoogleMaps&libraries=marker:1187
[  703685ms] [ERROR] The map is initialized without a valid Map ID, which will prevent use of Advanced Markers. @ https://maps.googleapis.com/maps/api/js?key=AIzaSyBNfAGRfS1TNlH0EmxNfegqTsiwzYk6reM&v=weekly&callback=initGoogleMaps&libraries=marker:1187
[  703972ms] [ERROR] The map is initialized without a valid Map ID, which will prevent use of Advanced Markers. @ https://maps.googleapis.com/maps/api/js?key=AIzaSyBNfAGRfS1TNlH0EmxNfegqTsiwzYk6reM&v=weekly&callback=initGoogleMaps&libraries=marker:1187
[  704279ms] [ERROR] The map is initialized without a valid Map ID, which will prevent use of Advanced Markers. @ https://maps.googleapis.com/maps/api/js?key=AIzaSyBNfAGRfS1TNlH0EmxNfegqTsiwzYk6reM&v=weekly&callback=initGoogleMaps&libraries=marker:1187
[  704586ms] [ERROR] The map is initialized without a valid Map ID, which will prevent use of Advanced Markers. @ https://maps.googleapis.com/maps/api/js?key=AIzaSyBNfAGRfS1TNlH0EmxNfegqTsiwzYk6reM&v=weekly&callback=initGoogleMaps&libraries=marker:1187
[  705069ms] [ERROR] The map is initialized without a valid Map ID, which will prevent use of Advanced Markers. @ https://maps.googleapis.com/maps/api/js?key=AIzaSyBNfAGRfS1TNlH0EmxNfegqTsiwzYk6reM&v=weekly&callback=initGoogleMaps&libraries=marker:1187
[  705420ms] [ERROR] The map is initialized without a valid Map ID, which will prevent use of Advanced Markers. @ https://maps.googleapis.com/maps/api/js?key=AIzaSyBNfAGRfS1TNlH0EmxNfegqTsiwzYk6reM&v=weekly&callback=initGoogleMaps&libraries=marker:1187
[  705704ms] [ERROR] The map is initialized without a valid Map ID, which will prevent use of Advanced Markers. @ https://maps.googleapis.com/maps/api/js?key=AIzaSyBNfAGRfS1TNlH0EmxNfegqTsiwzYk6reM&v=weekly&callback=initGoogleMaps&libraries=marker:1187
[  706081ms] [ERROR] The map is initialized without a valid Map ID, which will prevent use of Advanced Markers. @ https://maps.googleapis.com/maps/api/js?key=AIzaSyBNfAGRfS1TNlH0EmxNfegqTsiwzYk6reM&v=weekly&callback=initGoogleMaps&libraries=marker:1187
[  706388ms] [ERROR] The map is initialized without a valid Map ID, which will prevent use of Advanced Markers. @ https://maps.googleapis.com/maps/api/js?key=AIzaSyBNfAGRfS1TNlH0EmxNfegqTsiwzYk6reM&v=weekly&callback=initGoogleMaps&libraries=marker:1187
[  706686ms] [ERROR] The map is initialized without a valid Map ID, which will prevent use of Advanced Markers. @ https://maps.googleapis.com/maps/api/js?key=AIzaSyBNfAGRfS1TNlH0EmxNfegqTsiwzYk6reM&v=weekly&callback=initGoogleMaps&libraries=marker:1187
[  706798ms] [ERROR] The map is initialized without a valid Map ID, which will prevent use of Advanced Markers. @ https://maps.googleapis.com/maps/api/js?key=AIzaSyBNfAGRfS1TNlH0EmxNfegqTsiwzYk6reM&v=weekly&callback=initGoogleMaps&libraries=marker:1187
[  707001ms] [ERROR] The map is initialized without a valid Map ID, which will prevent use of Advanced Markers. @ https://maps.googleapis.com/maps/api/js?key=AIzaSyBNfAGRfS1TNlH0EmxNfegqTsiwzYk6reM&v=weekly&callback=initGoogleMaps&libraries=marker:1187
[  707283ms] [ERROR] The map is initialized without a valid Map ID, which will prevent use of Advanced Markers. @ https://maps.googleapis.com/maps/api/js?key=AIzaSyBNfAGRfS1TNlH0EmxNfegqTsiwzYk6reM&v=weekly&callback=initGoogleMaps&libraries=marker:1187
[  707914ms] [ERROR] The map is initialized without a valid Map ID, which will prevent use of Advanced Markers. @ https://maps.googleapis.com/maps/api/js?key=AIzaSyBNfAGRfS1TNlH0EmxNfegqTsiwzYk6reM&v=weekly&callback=initGoogleMaps&libraries=marker:1187
[  708271ms] [ERROR] The map is initialized without a valid Map ID, which will prevent use of Advanced Markers. @ https://maps.googleapis.com/maps/api/js?key=AIzaSyBNfAGRfS1TNlH0EmxNfegqTsiwzYk6reM&v=weekly&callback=initGoogleMaps&libraries=marker:1187
[  708405ms] [ERROR] The map is initialized without a valid Map ID, which will prevent use of Advanced Markers. @ https://maps.googleapis.com/maps/api/js?key=AIzaSyBNfAGRfS1TNlH0EmxNfegqTsiwzYk6reM&v=weekly&callback=initGoogleMaps&libraries=marker:1187
[  709082ms] [ERROR] The map is initialized without a valid Map ID, which will prevent use of Advanced Markers. @ https://maps.googleapis.com/maps/api/js?key=AIzaSyBNfAGRfS1TNlH0EmxNfegqTsiwzYk6reM&v=weekly&callback=initGoogleMaps&libraries=marker:1187
[  709477ms] [ERROR] The map is initialized without a valid Map ID, which will prevent use of Advanced Markers. @ https://maps.googleapis.com/maps/api/js?key=AIzaSyBNfAGRfS1TNlH0EmxNfegqTsiwzYk6reM&v=weekly&callback=initGoogleMaps&libraries=marker:1187
[  709812ms] [ERROR] The map is initialized without a valid Map ID, which will prevent use of Advanced Markers. @ https://maps.googleapis.com/maps/api/js?key=AIzaSyBNfAGRfS1TNlH0EmxNfegqTsiwzYk6reM&v=weekly&callback=initGoogleMaps&libraries=marker:1187
[  709980ms] [ERROR] The map is initialized without a valid Map ID, which will prevent use of Advanced Markers. @ https://maps.googleapis.com/maps/api/js?key=AIzaSyBNfAGRfS1TNlH0EmxNfegqTsiwzYk6reM&v=weekly&callback=initGoogleMaps&libraries=marker:1187
[  710375ms] [ERROR] The map is initialized without a valid Map ID, which will prevent use of Advanced Markers. @ https://maps.googleapis.com/maps/api/js?key=AIzaSyBNfAGRfS1TNlH0EmxNfegqTsiwzYk6reM&v=weekly&callback=initGoogleMaps&libraries=marker:1187
[  710444ms] [ERROR] The map is initialized without a valid Map ID, which will prevent use of Advanced Markers. @ https://maps.googleapis.com/maps/api/js?key=AIzaSyBNfAGRfS1TNlH0EmxNfegqTsiwzYk6reM&v=weekly&callback=initGoogleMaps&libraries=marker:1187
[  710873ms] [ERROR] The map is initialized without a valid Map ID, which will prevent use of Advanced Markers. @ https://maps.googleapis.com/maps/api/js?key=AIzaSyBNfAGRfS1TNlH0EmxNfegqTsiwzYk6reM&v=weekly&callback=initGoogleMaps&libraries=marker:1187
[  711199ms] [ERROR] The map is initialized without a valid Map ID, which will prevent use of Advanced Markers. @ https://maps.googleapis.com/maps/api/js?key=AIzaSyBNfAGRfS1TNlH0EmxNfegqTsiwzYk6reM&v=weekly&callback=initGoogleMaps&libraries=marker:1187
[  711306ms] [ERROR] The map is initialized without a valid Map ID, which will prevent use of Advanced Markers. @ https://maps.googleapis.com/maps/api/js?key=AIzaSyBNfAGRfS1TNlH0EmxNfegqTsiwzYk6reM&v=weekly&callback=initGoogleMaps&libraries=marker:1187
[  711618ms] [ERROR] The map is initialized without a valid Map ID, which will prevent use of Advanced Markers. @ https://maps.googleapis.com/maps/api/js?key=AIzaSyBNfAGRfS1TNlH0EmxNfegqTsiwzYk6reM&v=weekly&callback=initGoogleMaps&libraries=marker:1187
[  711881ms] [ERROR] The map is initialized without a valid Map ID, which will prevent use of Advanced Markers. @ https://maps.googleapis.com/maps/api/js?key=AIzaSyBNfAGRfS1TNlH0EmxNfegqTsiwzYk6reM&v=weekly&callback=initGoogleMaps&libraries=marker:1187
[  712092ms] [ERROR] The map is initialized without a valid Map ID, which will prevent use of Advanced Markers. @ https://maps.googleapis.com/maps/api/js?key=AIzaSyBNfAGRfS1TNlH0EmxNfegqTsiwzYk6reM&v=weekly&callback=initGoogleMaps&libraries=marker:1187
[  712225ms] [ERROR] The map is initialized without a valid Map ID, which will prevent use of Advanced Markers. @ https://maps.googleapis.com/maps/api/js?key=AIzaSyBNfAGRfS1TNlH0EmxNfegqTsiwzYk6reM&v=weekly&callback=initGoogleMaps&libraries=marker:1187
[  712518ms] [ERROR] The map is initialized without a valid Map ID, which will prevent use of Advanced Markers. @ https://maps.googleapis.com/maps/api/js?key=AIzaSyBNfAGRfS1TNlH0EmxNfegqTsiwzYk6reM&v=weekly&callback=initGoogleMaps&libraries=marker:1187
[  712880ms] [ERROR] The map is initialized without a valid Map ID, which will prevent use of Advanced Markers. @ https://maps.googleapis.com/maps/api/js?key=AIzaSyBNfAGRfS1TNlH0EmxNfegqTsiwzYk6reM&v=weekly&callback=initGoogleMaps&libraries=marker:1187
[  713017ms] [ERROR] The map is initialized without a valid Map ID, which will prevent use of Advanced Markers. @ https://maps.googleapis.com/maps/api/js?key=AIzaSyBNfAGRfS1TNlH0EmxNfegqTsiwzYk6reM&v=weekly&callback=initGoogleMaps&libraries=marker:1187
[  713290ms] [ERROR] The map is initialized without a valid Map ID, which will prevent use of Advanced Markers. @ https://maps.googleapis.com/maps/api/js?key=AIzaSyBNfAGRfS1TNlH0EmxNfegqTsiwzYk6reM&v=weekly&callback=initGoogleMaps&libraries=marker:1187
[  713513ms] [ERROR] The map is initialized without a valid Map ID, which will prevent use of Advanced Markers. @ https://maps.googleapis.com/maps/api/js?key=AIzaSyBNfAGRfS1TNlH0EmxNfegqTsiwzYk6reM&v=weekly&callback=initGoogleMaps&libraries=marker:1187
[  713799ms] [ERROR] The map is initialized without a valid Map ID, which will prevent use of Advanced Markers. @ https://maps.googleapis.com/maps/api/js?key=AIzaSyBNfAGRfS1TNlH0EmxNfegqTsiwzYk6reM&v=weekly&callback=initGoogleMaps&libraries=marker:1187
[  714081ms] [ERROR] The map is initialized without a valid Map ID, which will prevent use of Advanced Markers. @ https://maps.googleapis.com/maps/api/js?key=AIzaSyBNfAGRfS1TNlH0EmxNfegqTsiwzYk6reM&v=weekly&callback=initGoogleMaps&libraries=marker:1187
[  714292ms] [ERROR] The map is initialized without a valid Map ID, which will prevent use of Advanced Markers. @ https://maps.googleapis.com/maps/api/js?key=AIzaSyBNfAGRfS1TNlH0EmxNfegqTsiwzYk6reM&v=weekly&callback=initGoogleMaps&libraries=marker:1187
[  714471ms] [ERROR] The map is initialized without a valid Map ID, which will prevent use of Advanced Markers. @ https://maps.googleapis.com/maps/api/js?key=AIzaSyBNfAGRfS1TNlH0EmxNfegqTsiwzYk6reM&v=weekly&callback=initGoogleMaps&libraries=marker:1187
[  714722ms] [ERROR] The map is initialized without a valid Map ID, which will prevent use of Advanced Markers. @ https://maps.googleapis.com/maps/api/js?key=AIzaSyBNfAGRfS1TNlH0EmxNfegqTsiwzYk6reM&v=weekly&callback=initGoogleMaps&libraries=marker:1187
[  715007ms] [ERROR] The map is initialized without a valid Map ID, which will prevent use of Advanced Markers. @ https://maps.googleapis.com/maps/api/js?key=AIzaSyBNfAGRfS1TNlH0EmxNfegqTsiwzYk6reM&v=weekly&callback=initGoogleMaps&libraries=marker:1187
[  715102ms] [ERROR] The map is initialized without a valid Map ID, which will prevent use of Advanced Markers. @ https://maps.googleapis.com/maps/api/js?key=AIzaSyBNfAGRfS1TNlH0EmxNfegqTsiwzYk6reM&v=weekly&callback=initGoogleMaps&libraries=marker:1187
[  715218ms] [ERROR] The map is initialized without a valid Map ID, which will prevent use of Advanced Markers. @ https://maps.googleapis.com/maps/api/js?key=AIzaSyBNfAGRfS1TNlH0EmxNfegqTsiwzYk6reM&v=weekly&callback=initGoogleMaps&libraries=marker:1187
[  715573ms] [ERROR] The map is initialized without a valid Map ID, which will prevent use of Advanced Markers. @ https://maps.googleapis.com/maps/api/js?key=AIzaSyBNfAGRfS1TNlH0EmxNfegqTsiwzYk6reM&v=weekly&callback=initGoogleMaps&libraries=marker:1187
[  716278ms] [ERROR] The map is initialized without a valid Map ID, which will prevent use of Advanced Markers. @ https://maps.googleapis.com/maps/api/js?key=AIzaSyBNfAGRfS1TNlH0EmxNfegqTsiwzYk6reM&v=weekly&callback=initGoogleMaps&libraries=marker:1187
[  716425ms] [ERROR] The map is initialized without a valid Map ID, which will prevent use of Advanced Markers. @ https://maps.googleapis.com/maps/api/js?key=AIzaSyBNfAGRfS1TNlH0EmxNfegqTsiwzYk6reM&v=weekly&callback=initGoogleMaps&libraries=marker:1187
[  716830ms] [ERROR] The map is initialized without a valid Map ID, which will prevent use of Advanced Markers. @ https://maps.googleapis.com/maps/api/js?key=AIzaSyBNfAGRfS1TNlH0EmxNfegqTsiwzYk6reM&v=weekly&callback=initGoogleMaps&libraries=marker:1187
[  716986ms] [ERROR] The map is initialized without a valid Map ID, which will prevent use of Advanced Markers. @ https://maps.googleapis.com/maps/api/js?key=AIzaSyBNfAGRfS1TNlH0EmxNfegqTsiwzYk6reM&v=weekly&callback=initGoogleMaps&libraries=marker:1187
[  717109ms] [ERROR] The map is initialized without a valid Map ID, which will prevent use of Advanced Markers. @ https://maps.googleapis.com/maps/api/js?key=AIzaSyBNfAGRfS1TNlH0EmxNfegqTsiwzYk6reM&v=weekly&callback=initGoogleMaps&libraries=marker:1187
[  717264ms] [ERROR] The map is initialized without a valid Map ID, which will prevent use of Advanced Markers. @ https://maps.googleapis.com/maps/api/js?key=AIzaSyBNfAGRfS1TNlH0EmxNfegqTsiwzYk6reM&v=weekly&callback=initGoogleMaps&libraries=marker:1187
[  717792ms] [ERROR] The map is initialized without a valid Map ID, which will prevent use of Advanced Markers. @ https://maps.googleapis.com/maps/api/js?key=AIzaSyBNfAGRfS1TNlH0EmxNfegqTsiwzYk6reM&v=weekly&callback=initGoogleMaps&libraries=marker:1187
[  718127ms] [ERROR] The map is initialized without a valid Map ID, which will prevent use of Advanced Markers. @ https://maps.googleapis.com/maps/api/js?key=AIzaSyBNfAGRfS1TNlH0EmxNfegqTsiwzYk6reM&v=weekly&callback=initGoogleMaps&libraries=marker:1187
[  718645ms] [ERROR] The map is initialized without a valid Map ID, which will prevent use of Advanced Markers. @ https://maps.googleapis.com/maps/api/js?key=AIzaSyBNfAGRfS1TNlH0EmxNfegqTsiwzYk6reM&v=weekly&callback=initGoogleMaps&libraries=marker:1187
[  718735ms] [ERROR] The map is initialized without a valid Map ID, which will prevent use of Advanced Markers. @ https://maps.googleapis.com/maps/api/js?key=AIzaSyBNfAGRfS1TNlH0EmxNfegqTsiwzYk6reM&v=weekly&callback=initGoogleMaps&libraries=marker:1187
[  718868ms] [ERROR] The map is initialized without a valid Map ID, which will prevent use of Advanced Markers. @ https://maps.googleapis.com/maps/api/js?key=AIzaSyBNfAGRfS1TNlH0EmxNfegqTsiwzYk6reM&v=weekly&callback=initGoogleMaps&libraries=marker:1187
[  719503ms] [ERROR] The map is initialized without a valid Map ID, which will prevent use of Advanced Markers. @ https://maps.googleapis.com/maps/api/js?key=AIzaSyBNfAGRfS1TNlH0EmxNfegqTsiwzYk6reM&v=weekly&callback=initGoogleMaps&libraries=marker:1187
[  719907ms] [ERROR] The map is initialized without a valid Map ID, which will prevent use of Advanced Markers. @ https://maps.googleapis.com/maps/api/js?key=AIzaSyBNfAGRfS1TNlH0EmxNfegqTsiwzYk6reM&v=weekly&callback=initGoogleMaps&libraries=marker:1187
[  720052ms] [ERROR] The map is initialized without a valid Map ID, which will prevent use of Advanced Markers. @ https://maps.googleapis.com/maps/api/js?key=AIzaSyBNfAGRfS1TNlH0EmxNfegqTsiwzYk6reM&v=weekly&callback=initGoogleMaps&libraries=marker:1187
[  720508ms] [ERROR] The map is initialized without a valid Map ID, which will prevent use of Advanced Markers. @ https://maps.googleapis.com/maps/api/js?key=AIzaSyBNfAGRfS1TNlH0EmxNfegqTsiwzYk6reM&v=weekly&callback=initGoogleMaps&libraries=marker:1187
[  720690ms] [ERROR] The map is initialized without a valid Map ID, which will prevent use of Advanced Markers. @ https://maps.googleapis.com/maps/api/js?key=AIzaSyBNfAGRfS1TNlH0EmxNfegqTsiwzYk6reM&v=weekly&callback=initGoogleMaps&libraries=marker:1187
[  721186ms] [ERROR] The map is initialized without a valid Map ID, which will prevent use of Advanced Markers. @ https://maps.googleapis.com/maps/api/js?key=AIzaSyBNfAGRfS1TNlH0EmxNfegqTsiwzYk6reM&v=weekly&callback=initGoogleMaps&libraries=marker:1187
[  721412ms] [ERROR] The map is initialized without a valid Map ID, which will prevent use of Advanced Markers. @ https://maps.googleapis.com/maps/api/js?key=AIzaSyBNfAGRfS1TNlH0EmxNfegqTsiwzYk6reM&v=weekly&callback=initGoogleMaps&libraries=marker:1187
[  721799ms] [ERROR] The map is initialized without a valid Map ID, which will prevent use of Advanced Markers. @ https://maps.googleapis.com/maps/api/js?key=AIzaSyBNfAGRfS1TNlH0EmxNfegqTsiwzYk6reM&v=weekly&callback=initGoogleMaps&libraries=marker:1187
[  721998ms] [ERROR] The map is initialized without a valid Map ID, which will prevent use of Advanced Markers. @ https://maps.googleapis.com/maps/api/js?key=AIzaSyBNfAGRfS1TNlH0EmxNfegqTsiwzYk6reM&v=weekly&callback=initGoogleMaps&libraries=marker:1187
[  722291ms] [ERROR] The map is initialized without a valid Map ID, which will prevent use of Advanced Markers. @ https://maps.googleapis.com/maps/api/js?key=AIzaSyBNfAGRfS1TNlH0EmxNfegqTsiwzYk6reM&v=weekly&callback=initGoogleMaps&libraries=marker:1187
[  722906ms] [ERROR] The map is initialized without a valid Map ID, which will prevent use of Advanced Markers. @ https://maps.googleapis.com/maps/api/js?key=AIzaSyBNfAGRfS1TNlH0EmxNfegqTsiwzYk6reM&v=weekly&callback=initGoogleMaps&libraries=marker:1187
[  723192ms] [ERROR] The map is initialized without a valid Map ID, which will prevent use of Advanced Markers. @ https://maps.googleapis.com/maps/api/js?key=AIzaSyBNfAGRfS1TNlH0EmxNfegqTsiwzYk6reM&v=weekly&callback=initGoogleMaps&libraries=marker:1187
[  723607ms] [ERROR] The map is initialized without a valid Map ID, which will prevent use of Advanced Markers. @ https://maps.googleapis.com/maps/api/js?key=AIzaSyBNfAGRfS1TNlH0EmxNfegqTsiwzYk6reM&v=weekly&callback=initGoogleMaps&libraries=marker:1187
[  724036ms] [ERROR] The map is initialized without a valid Map ID, which will prevent use of Advanced Markers. @ https://maps.googleapis.com/maps/api/js?key=AIzaSyBNfAGRfS1TNlH0EmxNfegqTsiwzYk6reM&v=weekly&callback=initGoogleMaps&libraries=marker:1187
[  724785ms] [ERROR] The map is initialized without a valid Map ID, which will prevent use of Advanced Markers. @ https://maps.googleapis.com/maps/api/js?key=AIzaSyBNfAGRfS1TNlH0EmxNfegqTsiwzYk6reM&v=weekly&callback=initGoogleMaps&libraries=marker:1187
[  724968ms] [ERROR] The map is initialized without a valid Map ID, which will prevent use of Advanced Markers. @ https://maps.googleapis.com/maps/api/js?key=AIzaSyBNfAGRfS1TNlH0EmxNfegqTsiwzYk6reM&v=weekly&callback=initGoogleMaps&libraries=marker:1187
[  725035ms] [ERROR] The map is initialized without a valid Map ID, which will prevent use of Advanced Markers. @ https://maps.googleapis.com/maps/api/js?key=AIzaSyBNfAGRfS1TNlH0EmxNfegqTsiwzYk6reM&v=weekly&callback=initGoogleMaps&libraries=marker:1187
[  725107ms] [ERROR] The map is initialized without a valid Map ID, which will prevent use of Advanced Markers. @ https://maps.googleapis.com/maps/api/js?key=AIzaSyBNfAGRfS1TNlH0EmxNfegqTsiwzYk6reM&v=weekly&callback=initGoogleMaps&libraries=marker:1187
[  725306ms] [ERROR] The map is initialized without a valid Map ID, which will prevent use of Advanced Markers. @ https://maps.googleapis.com/maps/api/js?key=AIzaSyBNfAGRfS1TNlH0EmxNfegqTsiwzYk6reM&v=weekly&callback=initGoogleMaps&libraries=marker:1187
[  725408ms] [ERROR] The map is initialized without a valid Map ID, which will prevent use of Advanced Markers. @ https://maps.googleapis.com/maps/api/js?key=AIzaSyBNfAGRfS1TNlH0EmxNfegqTsiwzYk6reM&v=weekly&callback=initGoogleMaps&libraries=marker:1187
[  725616ms] [ERROR] The map is initialized without a valid Map ID, which will prevent use of Advanced Markers. @ https://maps.googleapis.com/maps/api/js?key=AIzaSyBNfAGRfS1TNlH0EmxNfegqTsiwzYk6reM&v=weekly&callback=initGoogleMaps&libraries=marker:1187
[  725909ms] [ERROR] The map is initialized without a valid Map ID, which will prevent use of Advanced Markers. @ https://maps.googleapis.com/maps/api/js?key=AIzaSyBNfAGRfS1TNlH0EmxNfegqTsiwzYk6reM&v=weekly&callback=initGoogleMaps&libraries=marker:1187
[  726264ms] [ERROR] The map is initialized without a valid Map ID, which will prevent use of Advanced Markers. @ https://maps.googleapis.com/maps/api/js?key=AIzaSyBNfAGRfS1TNlH0EmxNfegqTsiwzYk6reM&v=weekly&callback=initGoogleMaps&libraries=marker:1187
[  726376ms] [ERROR] The map is initialized without a valid Map ID, which will prevent use of Advanced Markers. @ https://maps.googleapis.com/maps/api/js?key=AIzaSyBNfAGRfS1TNlH0EmxNfegqTsiwzYk6reM&v=weekly&callback=initGoogleMaps&libraries=marker:1187
[  726692ms] [ERROR] The map is initialized without a valid Map ID, which will prevent use of Advanced Markers. @ https://maps.googleapis.com/maps/api/js?key=AIzaSyBNfAGRfS1TNlH0EmxNfegqTsiwzYk6reM&v=weekly&callback=initGoogleMaps&libraries=marker:1187
[  726882ms] [ERROR] The map is initialized without a valid Map ID, which will prevent use of Advanced Markers. @ https://maps.googleapis.com/maps/api/js?key=AIzaSyBNfAGRfS1TNlH0EmxNfegqTsiwzYk6reM&v=weekly&callback=initGoogleMaps&libraries=marker:1187
[  726996ms] [ERROR] The map is initialized without a valid Map ID, which will prevent use of Advanced Markers. @ https://maps.googleapis.com/maps/api/js?key=AIzaSyBNfAGRfS1TNlH0EmxNfegqTsiwzYk6reM&v=weekly&callback=initGoogleMaps&libraries=marker:1187
[  727720ms] [ERROR] The map is initialized without a valid Map ID, which will prevent use of Advanced Markers. @ https://maps.googleapis.com/maps/api/js?key=AIzaSyBNfAGRfS1TNlH0EmxNfegqTsiwzYk6reM&v=weekly&callback=initGoogleMaps&libraries=marker:1187
[  728143ms] [ERROR] The map is initialized without a valid Map ID, which will prevent use of Advanced Markers. @ https://maps.googleapis.com/maps/api/js?key=AIzaSyBNfAGRfS1TNlH0EmxNfegqTsiwzYk6reM&v=weekly&callback=initGoogleMaps&libraries=marker:1187
[  728401ms] [ERROR] The map is initialized without a valid Map ID, which will prevent use of Advanced Markers. @ https://maps.googleapis.com/maps/api/js?key=AIzaSyBNfAGRfS1TNlH0EmxNfegqTsiwzYk6reM&v=weekly&callback=initGoogleMaps&libraries=marker:1187
[  728625ms] [ERROR] The map is initialized without a valid Map ID, which will prevent use of Advanced Markers. @ https://maps.googleapis.com/maps/api/js?key=AIzaSyBNfAGRfS1TNlH0EmxNfegqTsiwzYk6reM&v=weekly&callback=initGoogleMaps&libraries=marker:1187
[  728802ms] [ERROR] The map is initialized without a valid Map ID, which will prevent use of Advanced Markers. @ https://maps.googleapis.com/maps/api/js?key=AIzaSyBNfAGRfS1TNlH0EmxNfegqTsiwzYk6reM&v=weekly&callback=initGoogleMaps&libraries=marker:1187
[  729120ms] [ERROR] The map is initialized without a valid Map ID, which will prevent use of Advanced Markers. @ https://maps.googleapis.com/maps/api/js?key=AIzaSyBNfAGRfS1TNlH0EmxNfegqTsiwzYk6reM&v=weekly&callback=initGoogleMaps&libraries=marker:1187
[  729432ms] [ERROR] The map is initialized without a valid Map ID, which will prevent use of Advanced Markers. @ https://maps.googleapis.com/maps/api/js?key=AIzaSyBNfAGRfS1TNlH0EmxNfegqTsiwzYk6reM&v=weekly&callback=initGoogleMaps&libraries=marker:1187
[  729558ms] [ERROR] The map is initialized without a valid Map ID, which will prevent use of Advanced Markers. @ https://maps.googleapis.com/maps/api/js?key=AIzaSyBNfAGRfS1TNlH0EmxNfegqTsiwzYk6reM&v=weekly&callback=initGoogleMaps&libraries=marker:1187
[  729756ms] [ERROR] The map is initialized without a valid Map ID, which will prevent use of Advanced Markers. @ https://maps.googleapis.com/maps/api/js?key=AIzaSyBNfAGRfS1TNlH0EmxNfegqTsiwzYk6reM&v=weekly&callback=initGoogleMaps&libraries=marker:1187
[  729846ms] [ERROR] The map is initialized without a valid Map ID, which will prevent use of Advanced Markers. @ https://maps.googleapis.com/maps/api/js?key=AIzaSyBNfAGRfS1TNlH0EmxNfegqTsiwzYk6reM&v=weekly&callback=initGoogleMaps&libraries=marker:1187
[  729904ms] [ERROR] The map is initialized without a valid Map ID, which will prevent use of Advanced Markers. @ https://maps.googleapis.com/maps/api/js?key=AIzaSyBNfAGRfS1TNlH0EmxNfegqTsiwzYk6reM&v=weekly&callback=initGoogleMaps&libraries=marker:1187
[  730102ms] [ERROR] The map is initialized without a valid Map ID, which will prevent use of Advanced Markers. @ https://maps.googleapis.com/maps/api/js?key=AIzaSyBNfAGRfS1TNlH0EmxNfegqTsiwzYk6reM&v=weekly&callback=initGoogleMaps&libraries=marker:1187
[  730294ms] [ERROR] The map is initialized without a valid Map ID, which will prevent use of Advanced Markers. @ https://maps.googleapis.com/maps/api/js?key=AIzaSyBNfAGRfS1TNlH0EmxNfegqTsiwzYk6reM&v=weekly&callback=initGoogleMaps&libraries=marker:1187
[  730585ms] [ERROR] The map is initialized without a valid Map ID, which will prevent use of Advanced Markers. @ https://maps.googleapis.com/maps/api/js?key=AIzaSyBNfAGRfS1TNlH0EmxNfegqTsiwzYk6reM&v=weekly&callback=initGoogleMaps&libraries=marker:1187
[  731096ms] [ERROR] The map is initialized without a valid Map ID, which will prevent use of Advanced Markers. @ https://maps.googleapis.com/maps/api/js?key=AIzaSyBNfAGRfS1TNlH0EmxNfegqTsiwzYk6reM&v=weekly&callback=initGoogleMaps&libraries=marker:1187
[  731402ms] [ERROR] The map is initialized without a valid Map ID, which will prevent use of Advanced Markers. @ https://maps.googleapis.com/maps/api/js?key=AIzaSyBNfAGRfS1TNlH0EmxNfegqTsiwzYk6reM&v=weekly&callback=initGoogleMaps&libraries=marker:1187
[  731715ms] [ERROR] The map is initialized without a valid Map ID, which will prevent use of Advanced Markers. @ https://maps.googleapis.com/maps/api/js?key=AIzaSyBNfAGRfS1TNlH0EmxNfegqTsiwzYk6reM&v=weekly&callback=initGoogleMaps&libraries=marker:1187
[  731895ms] [ERROR] The map is initialized without a valid Map ID, which will prevent use of Advanced Markers. @ https://maps.googleapis.com/maps/api/js?key=AIzaSyBNfAGRfS1TNlH0EmxNfegqTsiwzYk6reM&v=weekly&callback=initGoogleMaps&libraries=marker:1187
[  731981ms] [ERROR] The map is initialized without a valid Map ID, which will prevent use of Advanced Markers. @ https://maps.googleapis.com/maps/api/js?key=AIzaSyBNfAGRfS1TNlH0EmxNfegqTsiwzYk6reM&v=weekly&callback=initGoogleMaps&libraries=marker:1187
[  732481ms] [ERROR] The map is initialized without a valid Map ID, which will prevent use of Advanced Markers. @ https://maps.googleapis.com/maps/api/js?key=AIzaSyBNfAGRfS1TNlH0EmxNfegqTsiwzYk6reM&v=weekly&callback=initGoogleMaps&libraries=marker:1187
[  732602ms] [ERROR] The map is initialized without a valid Map ID, which will prevent use of Advanced Markers. @ https://maps.googleapis.com/maps/api/js?key=AIzaSyBNfAGRfS1TNlH0EmxNfegqTsiwzYk6reM&v=weekly&callback=initGoogleMaps&libraries=marker:1187
[  733036ms] [ERROR] The map is initialized without a valid Map ID, which will prevent use of Advanced Markers. @ https://maps.googleapis.com/maps/api/js?key=AIzaSyBNfAGRfS1TNlH0EmxNfegqTsiwzYk6reM&v=weekly&callback=initGoogleMaps&libraries=marker:1187
[  733367ms] [ERROR] The map is initialized without a valid Map ID, which will prevent use of Advanced Markers. @ https://maps.googleapis.com/maps/api/js?key=AIzaSyBNfAGRfS1TNlH0EmxNfegqTsiwzYk6reM&v=weekly&callback=initGoogleMaps&libraries=marker:1187
[  733675ms] [ERROR] The map is initialized without a valid Map ID, which will prevent use of Advanced Markers. @ https://maps.googleapis.com/maps/api/js?key=AIzaSyBNfAGRfS1TNlH0EmxNfegqTsiwzYk6reM&v=weekly&callback=initGoogleMaps&libraries=marker:1187
[  733899ms] [ERROR] The map is initialized without a valid Map ID, which will prevent use of Advanced Markers. @ https://maps.googleapis.com/maps/api/js?key=AIzaSyBNfAGRfS1TNlH0EmxNfegqTsiwzYk6reM&v=weekly&callback=initGoogleMaps&libraries=marker:1187
[  734190ms] [ERROR] The map is initialized without a valid Map ID, which will prevent use of Advanced Markers. @ https://maps.googleapis.com/maps/api/js?key=AIzaSyBNfAGRfS1TNlH0EmxNfegqTsiwzYk6reM&v=weekly&callback=initGoogleMaps&libraries=marker:1187
[  734700ms] [ERROR] The map is initialized without a valid Map ID, which will prevent use of Advanced Markers. @ https://maps.googleapis.com/maps/api/js?key=AIzaSyBNfAGRfS1TNlH0EmxNfegqTsiwzYk6reM&v=weekly&callback=initGoogleMaps&libraries=marker:1187
[  734919ms] [ERROR] The map is initialized without a valid Map ID, which will prevent use of Advanced Markers. @ https://maps.googleapis.com/maps/api/js?key=AIzaSyBNfAGRfS1TNlH0EmxNfegqTsiwzYk6reM&v=weekly&callback=initGoogleMaps&libraries=marker:1187
[  736086ms] [ERROR] The map is initialized without a valid Map ID, which will prevent use of Advanced Markers. @ https://maps.googleapis.com/maps/api/js?key=AIzaSyBNfAGRfS1TNlH0EmxNfegqTsiwzYk6reM&v=weekly&callback=initGoogleMaps&libraries=marker:1187
[  736429ms] [ERROR] The map is initialized without a valid Map ID, which will prevent use of Advanced Markers. @ https://maps.googleapis.com/maps/api/js?key=AIzaSyBNfAGRfS1TNlH0EmxNfegqTsiwzYk6reM&v=weekly&callback=initGoogleMaps&libraries=marker:1187
[  737087ms] [ERROR] The map is initialized without a valid Map ID, which will prevent use of Advanced Markers. @ https://maps.googleapis.com/maps/api/js?key=AIzaSyBNfAGRfS1TNlH0EmxNfegqTsiwzYk6reM&v=weekly&callback=initGoogleMaps&libraries=marker:1187
[  737427ms] [ERROR] The map is initialized without a valid Map ID, which will prevent use of Advanced Markers. @ https://maps.googleapis.com/maps/api/js?key=AIzaSyBNfAGRfS1TNlH0EmxNfegqTsiwzYk6reM&v=weekly&callback=initGoogleMaps&libraries=marker:1187
[  737809ms] [ERROR] The map is initialized without a valid Map ID, which will prevent use of Advanced Markers. @ https://maps.googleapis.com/maps/api/js?key=AIzaSyBNfAGRfS1TNlH0EmxNfegqTsiwzYk6reM&v=weekly&callback=initGoogleMaps&libraries=marker:1187
[  738209ms] [ERROR] The map is initialized without a valid Map ID, which will prevent use of Advanced Markers. @ https://maps.googleapis.com/maps/api/js?key=AIzaSyBNfAGRfS1TNlH0EmxNfegqTsiwzYk6reM&v=weekly&callback=initGoogleMaps&libraries=marker:1187
[  738318ms] [ERROR] The map is initialized without a valid Map ID, which will prevent use of Advanced Markers. @ https://maps.googleapis.com/maps/api/js?key=AIzaSyBNfAGRfS1TNlH0EmxNfegqTsiwzYk6reM&v=weekly&callback=initGoogleMaps&libraries=marker:1187
[  738452ms] [ERROR] The map is initialized without a valid Map ID, which will prevent use of Advanced Markers. @ https://maps.googleapis.com/maps/api/js?key=AIzaSyBNfAGRfS1TNlH0EmxNfegqTsiwzYk6reM&v=weekly&callback=initGoogleMaps&libraries=marker:1187
[  738927ms] [ERROR] The map is initialized without a valid Map ID, which will prevent use of Advanced Markers. @ https://maps.googleapis.com/maps/api/js?key=AIzaSyBNfAGRfS1TNlH0EmxNfegqTsiwzYk6reM&v=weekly&callback=initGoogleMaps&libraries=marker:1187
[  738976ms] [ERROR] The map is initialized without a valid Map ID, which will prevent use of Advanced Markers. @ https://maps.googleapis.com/maps/api/js?key=AIzaSyBNfAGRfS1TNlH0EmxNfegqTsiwzYk6reM&v=weekly&callback=initGoogleMaps&libraries=marker:1187
[  739606ms] [ERROR] The map is initialized without a valid Map ID, which will prevent use of Advanced Markers. @ https://maps.googleapis.com/maps/api/js?key=AIzaSyBNfAGRfS1TNlH0EmxNfegqTsiwzYk6reM&v=weekly&callback=initGoogleMaps&libraries=marker:1187
[  739718ms] [ERROR] The map is initialized without a valid Map ID, which will prevent use of Advanced Markers. @ https://maps.googleapis.com/maps/api/js?key=AIzaSyBNfAGRfS1TNlH0EmxNfegqTsiwzYk6reM&v=weekly&callback=initGoogleMaps&libraries=marker:1187
[  739907ms] [ERROR] The map is initialized without a valid Map ID, which will prevent use of Advanced Markers. @ https://maps.googleapis.com/maps/api/js?key=AIzaSyBNfAGRfS1TNlH0EmxNfegqTsiwzYk6reM&v=weekly&callback=initGoogleMaps&libraries=marker:1187
[  740252ms] [ERROR] The map is initialized without a valid Map ID, which will prevent use of Advanced Markers. @ https://maps.googleapis.com/maps/api/js?key=AIzaSyBNfAGRfS1TNlH0EmxNfegqTsiwzYk6reM&v=weekly&callback=initGoogleMaps&libraries=marker:1187
[  740322ms] [ERROR] The map is initialized without a valid Map ID, which will prevent use of Advanced Markers. @ https://maps.googleapis.com/maps/api/js?key=AIzaSyBNfAGRfS1TNlH0EmxNfegqTsiwzYk6reM&v=weekly&callback=initGoogleMaps&libraries=marker:1187
[  740496ms] [ERROR] The map is initialized without a valid Map ID, which will prevent use of Advanced Markers. @ https://maps.googleapis.com/maps/api/js?key=AIzaSyBNfAGRfS1TNlH0EmxNfegqTsiwzYk6reM&v=weekly&callback=initGoogleMaps&libraries=marker:1187
[  741091ms] [ERROR] The map is initialized without a valid Map ID, which will prevent use of Advanced Markers. @ https://maps.googleapis.com/maps/api/js?key=AIzaSyBNfAGRfS1TNlH0EmxNfegqTsiwzYk6reM&v=weekly&callback=initGoogleMaps&libraries=marker:1187
[  741333ms] [ERROR] The map is initialized without a valid Map ID, which will prevent use of Advanced Markers. @ https://maps.googleapis.com/maps/api/js?key=AIzaSyBNfAGRfS1TNlH0EmxNfegqTsiwzYk6reM&v=weekly&callback=initGoogleMaps&libraries=marker:1187
[  741697ms] [ERROR] The map is initialized without a valid Map ID, which will prevent use of Advanced Markers. @ https://maps.googleapis.com/maps/api/js?key=AIzaSyBNfAGRfS1TNlH0EmxNfegqTsiwzYk6reM&v=weekly&callback=initGoogleMaps&libraries=marker:1187
[  741878ms] [ERROR] The map is initialized without a valid Map ID, which will prevent use of Advanced Markers. @ https://maps.googleapis.com/maps/api/js?key=AIzaSyBNfAGRfS1TNlH0EmxNfegqTsiwzYk6reM&v=weekly&callback=initGoogleMaps&libraries=marker:1187
[  742093ms] [ERROR] The map is initialized without a valid Map ID, which will prevent use of Advanced Markers. @ https://maps.googleapis.com/maps/api/js?key=AIzaSyBNfAGRfS1TNlH0EmxNfegqTsiwzYk6reM&v=weekly&callback=initGoogleMaps&libraries=marker:1187
[  742312ms] [ERROR] The map is initialized without a valid Map ID, which will prevent use of Advanced Markers. @ https://maps.googleapis.com/maps/api/js?key=AIzaSyBNfAGRfS1TNlH0EmxNfegqTsiwzYk6reM&v=weekly&callback=initGoogleMaps&libraries=marker:1187
[  742575ms] [ERROR] The map is initialized without a valid Map ID, which will prevent use of Advanced Markers. @ https://maps.googleapis.com/maps/api/js?key=AIzaSyBNfAGRfS1TNlH0EmxNfegqTsiwzYk6reM&v=weekly&callback=initGoogleMaps&libraries=marker:1187
[  743077ms] [ERROR] The map is initialized without a valid Map ID, which will prevent use of Advanced Markers. @ https://maps.googleapis.com/maps/api/js?key=AIzaSyBNfAGRfS1TNlH0EmxNfegqTsiwzYk6reM&v=weekly&callback=initGoogleMaps&libraries=marker:1187
[  743190ms] [ERROR] The map is initialized without a valid Map ID, which will prevent use of Advanced Markers. @ https://maps.googleapis.com/maps/api/js?key=AIzaSyBNfAGRfS1TNlH0EmxNfegqTsiwzYk6reM&v=weekly&callback=initGoogleMaps&libraries=marker:1187
[  743590ms] [ERROR] The map is initialized without a valid Map ID, which will prevent use of Advanced Markers. @ https://maps.googleapis.com/maps/api/js?key=AIzaSyBNfAGRfS1TNlH0EmxNfegqTsiwzYk6reM&v=weekly&callback=initGoogleMaps&libraries=marker:1187
[  743643ms] [ERROR] The map is initialized without a valid Map ID, which will prevent use of Advanced Markers. @ https://maps.googleapis.com/maps/api/js?key=AIzaSyBNfAGRfS1TNlH0EmxNfegqTsiwzYk6reM&v=weekly&callback=initGoogleMaps&libraries=marker:1187
[  743787ms] [ERROR] The map is initialized without a valid Map ID, which will prevent use of Advanced Markers. @ https://maps.googleapis.com/maps/api/js?key=AIzaSyBNfAGRfS1TNlH0EmxNfegqTsiwzYk6reM&v=weekly&callback=initGoogleMaps&libraries=marker:1187
[  743840ms] [ERROR] The map is initialized without a valid Map ID, which will prevent use of Advanced Markers. @ https://maps.googleapis.com/maps/api/js?key=AIzaSyBNfAGRfS1TNlH0EmxNfegqTsiwzYk6reM&v=weekly&callback=initGoogleMaps&libraries=marker:1187
[  744111ms] [ERROR] The map is initialized without a valid Map ID, which will prevent use of Advanced Markers. @ https://maps.googleapis.com/maps/api/js?key=AIzaSyBNfAGRfS1TNlH0EmxNfegqTsiwzYk6reM&v=weekly&callback=initGoogleMaps&libraries=marker:1187
[  744283ms] [ERROR] The map is initialized without a valid Map ID, which will prevent use of Advanced Markers. @ https://maps.googleapis.com/maps/api/js?key=AIzaSyBNfAGRfS1TNlH0EmxNfegqTsiwzYk6reM&v=weekly&callback=initGoogleMaps&libraries=marker:1187
[  744538ms] [ERROR] The map is initialized without a valid Map ID, which will prevent use of Advanced Markers. @ https://maps.googleapis.com/maps/api/js?key=AIzaSyBNfAGRfS1TNlH0EmxNfegqTsiwzYk6reM&v=weekly&callback=initGoogleMaps&libraries=marker:1187
[  744868ms] [ERROR] The map is initialized without a valid Map ID, which will prevent use of Advanced Markers. @ https://maps.googleapis.com/maps/api/js?key=AIzaSyBNfAGRfS1TNlH0EmxNfegqTsiwzYk6reM&v=weekly&callback=initGoogleMaps&libraries=marker:1187
[  744940ms] [ERROR] The map is initialized without a valid Map ID, which will prevent use of Advanced Markers. @ https://maps.googleapis.com/maps/api/js?key=AIzaSyBNfAGRfS1TNlH0EmxNfegqTsiwzYk6reM&v=weekly&callback=initGoogleMaps&libraries=marker:1187
[  745500ms] [ERROR] The map is initialized without a valid Map ID, which will prevent use of Advanced Markers. @ https://maps.googleapis.com/maps/api/js?key=AIzaSyBNfAGRfS1TNlH0EmxNfegqTsiwzYk6reM&v=weekly&callback=initGoogleMaps&libraries=marker:1187
[  745740ms] [ERROR] The map is initialized without a valid Map ID, which will prevent use of Advanced Markers. @ https://maps.googleapis.com/maps/api/js?key=AIzaSyBNfAGRfS1TNlH0EmxNfegqTsiwzYk6reM&v=weekly&callback=initGoogleMaps&libraries=marker:1187
[  745834ms] [ERROR] The map is initialized without a valid Map ID, which will prevent use of Advanced Markers. @ https://maps.googleapis.com/maps/api/js?key=AIzaSyBNfAGRfS1TNlH0EmxNfegqTsiwzYk6reM&v=weekly&callback=initGoogleMaps&libraries=marker:1187
[  746096ms] [ERROR] The map is initialized without a valid Map ID, which will prevent use of Advanced Markers. @ https://maps.googleapis.com/maps/api/js?key=AIzaSyBNfAGRfS1TNlH0EmxNfegqTsiwzYk6reM&v=weekly&callback=initGoogleMaps&libraries=marker:1187
[  746189ms] [ERROR] The map is initialized without a valid Map ID, which will prevent use of Advanced Markers. @ https://maps.googleapis.com/maps/api/js?key=AIzaSyBNfAGRfS1TNlH0EmxNfegqTsiwzYk6reM&v=weekly&callback=initGoogleMaps&libraries=marker:1187
[  746388ms] [ERROR] The map is initialized without a valid Map ID, which will prevent use of Advanced Markers. @ https://maps.googleapis.com/maps/api/js?key=AIzaSyBNfAGRfS1TNlH0EmxNfegqTsiwzYk6reM&v=weekly&callback=initGoogleMaps&libraries=marker:1187
[  746478ms] [ERROR] The map is initialized without a valid Map ID, which will prevent use of Advanced Markers. @ https://maps.googleapis.com/maps/api/js?key=AIzaSyBNfAGRfS1TNlH0EmxNfegqTsiwzYk6reM&v=weekly&callback=initGoogleMaps&libraries=marker:1187
[  746685ms] [ERROR] The map is initialized without a valid Map ID, which will prevent use of Advanced Markers. @ https://maps.googleapis.com/maps/api/js?key=AIzaSyBNfAGRfS1TNlH0EmxNfegqTsiwzYk6reM&v=weekly&callback=initGoogleMaps&libraries=marker:1187
[  747093ms] [ERROR] The map is initialized without a valid Map ID, which will prevent use of Advanced Markers. @ https://maps.googleapis.com/maps/api/js?key=AIzaSyBNfAGRfS1TNlH0EmxNfegqTsiwzYk6reM&v=weekly&callback=initGoogleMaps&libraries=marker:1187
[  747553ms] [ERROR] The map is initialized without a valid Map ID, which will prevent use of Advanced Markers. @ https://maps.googleapis.com/maps/api/js?key=AIzaSyBNfAGRfS1TNlH0EmxNfegqTsiwzYk6reM&v=weekly&callback=initGoogleMaps&libraries=marker:1187
[  747763ms] [ERROR] The map is initialized without a valid Map ID, which will prevent use of Advanced Markers. @ https://maps.googleapis.com/maps/api/js?key=AIzaSyBNfAGRfS1TNlH0EmxNfegqTsiwzYk6reM&v=weekly&callback=initGoogleMaps&libraries=marker:1187
[  747802ms] [ERROR] The map is initialized without a valid Map ID, which will prevent use of Advanced Markers. @ https://maps.googleapis.com/maps/api/js?key=AIzaSyBNfAGRfS1TNlH0EmxNfegqTsiwzYk6reM&v=weekly&callback=initGoogleMaps&libraries=marker:1187
[  748601ms] [ERROR] The map is initialized without a valid Map ID, which will prevent use of Advanced Markers. @ https://maps.googleapis.com/maps/api/js?key=AIzaSyBNfAGRfS1TNlH0EmxNfegqTsiwzYk6reM&v=weekly&callback=initGoogleMaps&libraries=marker:1187
[  749078ms] [ERROR] The map is initialized without a valid Map ID, which will prevent use of Advanced Markers. @ https://maps.googleapis.com/maps/api/js?key=AIzaSyBNfAGRfS1TNlH0EmxNfegqTsiwzYk6reM&v=weekly&callback=initGoogleMaps&libraries=marker:1187
[  749256ms] [ERROR] The map is initialized without a valid Map ID, which will prevent use of Advanced Markers. @ https://maps.googleapis.com/maps/api/js?key=AIzaSyBNfAGRfS1TNlH0EmxNfegqTsiwzYk6reM&v=weekly&callback=initGoogleMaps&libraries=marker:1187
[  749484ms] [ERROR] The map is initialized without a valid Map ID, which will prevent use of Advanced Markers. @ https://maps.googleapis.com/maps/api/js?key=AIzaSyBNfAGRfS1TNlH0EmxNfegqTsiwzYk6reM&v=weekly&callback=initGoogleMaps&libraries=marker:1187
[  749591ms] [ERROR] The map is initialized without a valid Map ID, which will prevent use of Advanced Markers. @ https://maps.googleapis.com/maps/api/js?key=AIzaSyBNfAGRfS1TNlH0EmxNfegqTsiwzYk6reM&v=weekly&callback=initGoogleMaps&libraries=marker:1187
[  750093ms] [ERROR] The map is initialized without a valid Map ID, which will prevent use of Advanced Markers. @ https://maps.googleapis.com/maps/api/js?key=AIzaSyBNfAGRfS1TNlH0EmxNfegqTsiwzYk6reM&v=weekly&callback=initGoogleMaps&libraries=marker:1187
[  750287ms] [ERROR] The map is initialized without a valid Map ID, which will prevent use of Advanced Markers. @ https://maps.googleapis.com/maps/api/js?key=AIzaSyBNfAGRfS1TNlH0EmxNfegqTsiwzYk6reM&v=weekly&callback=initGoogleMaps&libraries=marker:1187
[  750415ms] [ERROR] The map is initialized without a valid Map ID, which will prevent use of Advanced Markers. @ https://maps.googleapis.com/maps/api/js?key=AIzaSyBNfAGRfS1TNlH0EmxNfegqTsiwzYk6reM&v=weekly&callback=initGoogleMaps&libraries=marker:1187
[  750904ms] [ERROR] The map is initialized without a valid Map ID, which will prevent use of Advanced Markers. @ https://maps.googleapis.com/maps/api/js?key=AIzaSyBNfAGRfS1TNlH0EmxNfegqTsiwzYk6reM&v=weekly&callback=initGoogleMaps&libraries=marker:1187
[  751344ms] [ERROR] The map is initialized without a valid Map ID, which will prevent use of Advanced Markers. @ https://maps.googleapis.com/maps/api/js?key=AIzaSyBNfAGRfS1TNlH0EmxNfegqTsiwzYk6reM&v=weekly&callback=initGoogleMaps&libraries=marker:1187
[  751485ms] [ERROR] The map is initialized without a valid Map ID, which will prevent use of Advanced Markers. @ https://maps.googleapis.com/maps/api/js?key=AIzaSyBNfAGRfS1TNlH0EmxNfegqTsiwzYk6reM&v=weekly&callback=initGoogleMaps&libraries=marker:1187
[  751749ms] [ERROR] The map is initialized without a valid Map ID, which will prevent use of Advanced Markers. @ https://maps.googleapis.com/maps/api/js?key=AIzaSyBNfAGRfS1TNlH0EmxNfegqTsiwzYk6reM&v=weekly&callback=initGoogleMaps&libraries=marker:1187
[  752320ms] [ERROR] The map is initialized without a valid Map ID, which will prevent use of Advanced Markers. @ https://maps.googleapis.com/maps/api/js?key=AIzaSyBNfAGRfS1TNlH0EmxNfegqTsiwzYk6reM&v=weekly&callback=initGoogleMaps&libraries=marker:1187
[  752453ms] [ERROR] The map is initialized without a valid Map ID, which will prevent use of Advanced Markers. @ https://maps.googleapis.com/maps/api/js?key=AIzaSyBNfAGRfS1TNlH0EmxNfegqTsiwzYk6reM&v=weekly&callback=initGoogleMaps&libraries=marker:1187
[  752578ms] [ERROR] The map is initialized without a valid Map ID, which will prevent use of Advanced Markers. @ https://maps.googleapis.com/maps/api/js?key=AIzaSyBNfAGRfS1TNlH0EmxNfegqTsiwzYk6reM&v=weekly&callback=initGoogleMaps&libraries=marker:1187
[  753094ms] [ERROR] The map is initialized without a valid Map ID, which will prevent use of Advanced Markers. @ https://maps.googleapis.com/maps/api/js?key=AIzaSyBNfAGRfS1TNlH0EmxNfegqTsiwzYk6reM&v=weekly&callback=initGoogleMaps&libraries=marker:1187
[  753385ms] [ERROR] The map is initialized without a valid Map ID, which will prevent use of Advanced Markers. @ https://maps.googleapis.com/maps/api/js?key=AIzaSyBNfAGRfS1TNlH0EmxNfegqTsiwzYk6reM&v=weekly&callback=initGoogleMaps&libraries=marker:1187
[  753520ms] [ERROR] The map is initialized without a valid Map ID, which will prevent use of Advanced Markers. @ https://maps.googleapis.com/maps/api/js?key=AIzaSyBNfAGRfS1TNlH0EmxNfegqTsiwzYk6reM&v=weekly&callback=initGoogleMaps&libraries=marker:1187
[  753834ms] [ERROR] The map is initialized without a valid Map ID, which will prevent use of Advanced Markers. @ https://maps.googleapis.com/maps/api/js?key=AIzaSyBNfAGRfS1TNlH0EmxNfegqTsiwzYk6reM&v=weekly&callback=initGoogleMaps&libraries=marker:1187
[  753894ms] [ERROR] The map is initialized without a valid Map ID, which will prevent use of Advanced Markers. @ https://maps.googleapis.com/maps/api/js?key=AIzaSyBNfAGRfS1TNlH0EmxNfegqTsiwzYk6reM&v=weekly&callback=initGoogleMaps&libraries=marker:1187
[  754042ms] [ERROR] The map is initialized without a valid Map ID, which will prevent use of Advanced Markers. @ https://maps.googleapis.com/maps/api/js?key=AIzaSyBNfAGRfS1TNlH0EmxNfegqTsiwzYk6reM&v=weekly&callback=initGoogleMaps&libraries=marker:1187
[  754119ms] [ERROR] The map is initialized without a valid Map ID, which will prevent use of Advanced Markers. @ https://maps.googleapis.com/maps/api/js?key=AIzaSyBNfAGRfS1TNlH0EmxNfegqTsiwzYk6reM&v=weekly&callback=initGoogleMaps&libraries=marker:1187
[  754599ms] [ERROR] The map is initialized without a valid Map ID, which will prevent use of Advanced Markers. @ https://maps.googleapis.com/maps/api/js?key=AIzaSyBNfAGRfS1TNlH0EmxNfegqTsiwzYk6reM&v=weekly&callback=initGoogleMaps&libraries=marker:1187
[  754920ms] [ERROR] The map is initialized without a valid Map ID, which will prevent use of Advanced Markers. @ https://maps.googleapis.com/maps/api/js?key=AIzaSyBNfAGRfS1TNlH0EmxNfegqTsiwzYk6reM&v=weekly&callback=initGoogleMaps&libraries=marker:1187
[  755229ms] [ERROR] The map is initialized without a valid Map ID, which will prevent use of Advanced Markers. @ https://maps.googleapis.com/maps/api/js?key=AIzaSyBNfAGRfS1TNlH0EmxNfegqTsiwzYk6reM&v=weekly&callback=initGoogleMaps&libraries=marker:1187
[  755407ms] [ERROR] The map is initialized without a valid Map ID, which will prevent use of Advanced Markers. @ https://maps.googleapis.com/maps/api/js?key=AIzaSyBNfAGRfS1TNlH0EmxNfegqTsiwzYk6reM&v=weekly&callback=initGoogleMaps&libraries=marker:1187
[  755672ms] [ERROR] The map is initialized without a valid Map ID, which will prevent use of Advanced Markers. @ https://maps.googleapis.com/maps/api/js?key=AIzaSyBNfAGRfS1TNlH0EmxNfegqTsiwzYk6reM&v=weekly&callback=initGoogleMaps&libraries=marker:1187
[  755960ms] [ERROR] The map is initialized without a valid Map ID, which will prevent use of Advanced Markers. @ https://maps.googleapis.com/maps/api/js?key=AIzaSyBNfAGRfS1TNlH0EmxNfegqTsiwzYk6reM&v=weekly&callback=initGoogleMaps&libraries=marker:1187
[  756578ms] [ERROR] The map is initialized without a valid Map ID, which will prevent use of Advanced Markers. @ https://maps.googleapis.com/maps/api/js?key=AIzaSyBNfAGRfS1TNlH0EmxNfegqTsiwzYk6reM&v=weekly&callback=initGoogleMaps&libraries=marker:1187
[  756895ms] [ERROR] The map is initialized without a valid Map ID, which will prevent use of Advanced Markers. @ https://maps.googleapis.com/maps/api/js?key=AIzaSyBNfAGRfS1TNlH0EmxNfegqTsiwzYk6reM&v=weekly&callback=initGoogleMaps&libraries=marker:1187
[  756954ms] [ERROR] The map is initialized without a valid Map ID, which will prevent use of Advanced Markers. @ https://maps.googleapis.com/maps/api/js?key=AIzaSyBNfAGRfS1TNlH0EmxNfegqTsiwzYk6reM&v=weekly&callback=initGoogleMaps&libraries=marker:1187
[  757477ms] [ERROR] The map is initialized without a valid Map ID, which will prevent use of Advanced Markers. @ https://maps.googleapis.com/maps/api/js?key=AIzaSyBNfAGRfS1TNlH0EmxNfegqTsiwzYk6reM&v=weekly&callback=initGoogleMaps&libraries=marker:1187
[  759011ms] [ERROR] The map is initialized without a valid Map ID, which will prevent use of Advanced Markers. @ https://maps.googleapis.com/maps/api/js?key=AIzaSyBNfAGRfS1TNlH0EmxNfegqTsiwzYk6reM&v=weekly&callback=initGoogleMaps&libraries=marker:1187
[  759204ms] [ERROR] The map is initialized without a valid Map ID, which will prevent use of Advanced Markers. @ https://maps.googleapis.com/maps/api/js?key=AIzaSyBNfAGRfS1TNlH0EmxNfegqTsiwzYk6reM&v=weekly&callback=initGoogleMaps&libraries=marker:1187
[  759501ms] [ERROR] The map is initialized without a valid Map ID, which will prevent use of Advanced Markers. @ https://maps.googleapis.com/maps/api/js?key=AIzaSyBNfAGRfS1TNlH0EmxNfegqTsiwzYk6reM&v=weekly&callback=initGoogleMaps&libraries=marker:1187
[  759923ms] [ERROR] The map is initialized without a valid Map ID, which will prevent use of Advanced Markers. @ https://maps.googleapis.com/maps/api/js?key=AIzaSyBNfAGRfS1TNlH0EmxNfegqTsiwzYk6reM&v=weekly&callback=initGoogleMaps&libraries=marker:1187
[  760044ms] [ERROR] The map is initialized without a valid Map ID, which will prevent use of Advanced Markers. @ https://maps.googleapis.com/maps/api/js?key=AIzaSyBNfAGRfS1TNlH0EmxNfegqTsiwzYk6reM&v=weekly&callback=initGoogleMaps&libraries=marker:1187
[  760393ms] [ERROR] The map is initialized without a valid Map ID, which will prevent use of Advanced Markers. @ https://maps.googleapis.com/maps/api/js?key=AIzaSyBNfAGRfS1TNlH0EmxNfegqTsiwzYk6reM&v=weekly&callback=initGoogleMaps&libraries=marker:1187
[  760648ms] [ERROR] The map is initialized without a valid Map ID, which will prevent use of Advanced Markers. @ https://maps.googleapis.com/maps/api/js?key=AIzaSyBNfAGRfS1TNlH0EmxNfegqTsiwzYk6reM&v=weekly&callback=initGoogleMaps&libraries=marker:1187
[  760897ms] [ERROR] The map is initialized without a valid Map ID, which will prevent use of Advanced Markers. @ https://maps.googleapis.com/maps/api/js?key=AIzaSyBNfAGRfS1TNlH0EmxNfegqTsiwzYk6reM&v=weekly&callback=initGoogleMaps&libraries=marker:1187
[  761380ms] [ERROR] The map is initialized without a valid Map ID, which will prevent use of Advanced Markers. @ https://maps.googleapis.com/maps/api/js?key=AIzaSyBNfAGRfS1TNlH0EmxNfegqTsiwzYk6reM&v=weekly&callback=initGoogleMaps&libraries=marker:1187
[  761774ms] [ERROR] The map is initialized without a valid Map ID, which will prevent use of Advanced Markers. @ https://maps.googleapis.com/maps/api/js?key=AIzaSyBNfAGRfS1TNlH0EmxNfegqTsiwzYk6reM&v=weekly&callback=initGoogleMaps&libraries=marker:1187
[  762088ms] [ERROR] The map is initialized without a valid Map ID, which will prevent use of Advanced Markers. @ https://maps.googleapis.com/maps/api/js?key=AIzaSyBNfAGRfS1TNlH0EmxNfegqTsiwzYk6reM&v=weekly&callback=initGoogleMaps&libraries=marker:1187
[  762508ms] [ERROR] The map is initialized without a valid Map ID, which will prevent use of Advanced Markers. @ https://maps.googleapis.com/maps/api/js?key=AIzaSyBNfAGRfS1TNlH0EmxNfegqTsiwzYk6reM&v=weekly&callback=initGoogleMaps&libraries=marker:1187
[  763099ms] [ERROR] The map is initialized without a valid Map ID, which will prevent use of Advanced Markers. @ https://maps.googleapis.com/maps/api/js?key=AIzaSyBNfAGRfS1TNlH0EmxNfegqTsiwzYk6reM&v=weekly&callback=initGoogleMaps&libraries=marker:1187
[  763189ms] [ERROR] The map is initialized without a valid Map ID, which will prevent use of Advanced Markers. @ https://maps.googleapis.com/maps/api/js?key=AIzaSyBNfAGRfS1TNlH0EmxNfegqTsiwzYk6reM&v=weekly&callback=initGoogleMaps&libraries=marker:1187
[  763498ms] [ERROR] The map is initialized without a valid Map ID, which will prevent use of Advanced Markers. @ https://maps.googleapis.com/maps/api/js?key=AIzaSyBNfAGRfS1TNlH0EmxNfegqTsiwzYk6reM&v=weekly&callback=initGoogleMaps&libraries=marker:1187
[  763786ms] [ERROR] The map is initialized without a valid Map ID, which will prevent use of Advanced Markers. @ https://maps.googleapis.com/maps/api/js?key=AIzaSyBNfAGRfS1TNlH0EmxNfegqTsiwzYk6reM&v=weekly&callback=initGoogleMaps&libraries=marker:1187
[  764099ms] [ERROR] The map is initialized without a valid Map ID, which will prevent use of Advanced Markers. @ https://maps.googleapis.com/maps/api/js?key=AIzaSyBNfAGRfS1TNlH0EmxNfegqTsiwzYk6reM&v=weekly&callback=initGoogleMaps&libraries=marker:1187
[  764289ms] [ERROR] The map is initialized without a valid Map ID, which will prevent use of Advanced Markers. @ https://maps.googleapis.com/maps/api/js?key=AIzaSyBNfAGRfS1TNlH0EmxNfegqTsiwzYk6reM&v=weekly&callback=initGoogleMaps&libraries=marker:1187
[  764698ms] [ERROR] The map is initialized without a valid Map ID, which will prevent use of Advanced Markers. @ https://maps.googleapis.com/maps/api/js?key=AIzaSyBNfAGRfS1TNlH0EmxNfegqTsiwzYk6reM&v=weekly&callback=initGoogleMaps&libraries=marker:1187
[  764899ms] [ERROR] The map is initialized without a valid Map ID, which will prevent use of Advanced Markers. @ https://maps.googleapis.com/maps/api/js?key=AIzaSyBNfAGRfS1TNlH0EmxNfegqTsiwzYk6reM&v=weekly&callback=initGoogleMaps&libraries=marker:1187
[  765114ms] [ERROR] The map is initialized without a valid Map ID, which will prevent use of Advanced Markers. @ https://maps.googleapis.com/maps/api/js?key=AIzaSyBNfAGRfS1TNlH0EmxNfegqTsiwzYk6reM&v=weekly&callback=initGoogleMaps&libraries=marker:1187
[  765319ms] [ERROR] The map is initialized without a valid Map ID, which will prevent use of Advanced Markers. @ https://maps.googleapis.com/maps/api/js?key=AIzaSyBNfAGRfS1TNlH0EmxNfegqTsiwzYk6reM&v=weekly&callback=initGoogleMaps&libraries=marker:1187
[  765593ms] [ERROR] The map is initialized without a valid Map ID, which will prevent use of Advanced Markers. @ https://maps.googleapis.com/maps/api/js?key=AIzaSyBNfAGRfS1TNlH0EmxNfegqTsiwzYk6reM&v=weekly&callback=initGoogleMaps&libraries=marker:1187
[  765707ms] [ERROR] The map is initialized without a valid Map ID, which will prevent use of Advanced Markers. @ https://maps.googleapis.com/maps/api/js?key=AIzaSyBNfAGRfS1TNlH0EmxNfegqTsiwzYk6reM&v=weekly&callback=initGoogleMaps&libraries=marker:1187
[  765801ms] [ERROR] The map is initialized without a valid Map ID, which will prevent use of Advanced Markers. @ https://maps.googleapis.com/maps/api/js?key=AIzaSyBNfAGRfS1TNlH0EmxNfegqTsiwzYk6reM&v=weekly&callback=initGoogleMaps&libraries=marker:1187
[  766552ms] [ERROR] The map is initialized without a valid Map ID, which will prevent use of Advanced Markers. @ https://maps.googleapis.com/maps/api/js?key=AIzaSyBNfAGRfS1TNlH0EmxNfegqTsiwzYk6reM&v=weekly&callback=initGoogleMaps&libraries=marker:1187
[  766701ms] [ERROR] The map is initialized without a valid Map ID, which will prevent use of Advanced Markers. @ https://maps.googleapis.com/maps/api/js?key=AIzaSyBNfAGRfS1TNlH0EmxNfegqTsiwzYk6reM&v=weekly&callback=initGoogleMaps&libraries=marker:1187
[  766905ms] [ERROR] The map is initialized without a valid Map ID, which will prevent use of Advanced Markers. @ https://maps.googleapis.com/maps/api/js?key=AIzaSyBNfAGRfS1TNlH0EmxNfegqTsiwzYk6reM&v=weekly&callback=initGoogleMaps&libraries=marker:1187
[  767074ms] [ERROR] The map is initialized without a valid Map ID, which will prevent use of Advanced Markers. @ https://maps.googleapis.com/maps/api/js?key=AIzaSyBNfAGRfS1TNlH0EmxNfegqTsiwzYk6reM&v=weekly&callback=initGoogleMaps&libraries=marker:1187
[  767459ms] [ERROR] The map is initialized without a valid Map ID, which will prevent use of Advanced Markers. @ https://maps.googleapis.com/maps/api/js?key=AIzaSyBNfAGRfS1TNlH0EmxNfegqTsiwzYk6reM&v=weekly&callback=initGoogleMaps&libraries=marker:1187
[  767599ms] [ERROR] The map is initialized without a valid Map ID, which will prevent use of Advanced Markers. @ https://maps.googleapis.com/maps/api/js?key=AIzaSyBNfAGRfS1TNlH0EmxNfegqTsiwzYk6reM&v=weekly&callback=initGoogleMaps&libraries=marker:1187
[  768089ms] [ERROR] The map is initialized without a valid Map ID, which will prevent use of Advanced Markers. @ https://maps.googleapis.com/maps/api/js?key=AIzaSyBNfAGRfS1TNlH0EmxNfegqTsiwzYk6reM&v=weekly&callback=initGoogleMaps&libraries=marker:1187
[  768371ms] [ERROR] The map is initialized without a valid Map ID, which will prevent use of Advanced Markers. @ https://maps.googleapis.com/maps/api/js?key=AIzaSyBNfAGRfS1TNlH0EmxNfegqTsiwzYk6reM&v=weekly&callback=initGoogleMaps&libraries=marker:1187
[  768483ms] [ERROR] The map is initialized without a valid Map ID, which will prevent use of Advanced Markers. @ https://maps.googleapis.com/maps/api/js?key=AIzaSyBNfAGRfS1TNlH0EmxNfegqTsiwzYk6reM&v=weekly&callback=initGoogleMaps&libraries=marker:1187
[  769673ms] [ERROR] The map is initialized without a valid Map ID, which will prevent use of Advanced Markers. @ https://maps.googleapis.com/maps/api/js?key=AIzaSyBNfAGRfS1TNlH0EmxNfegqTsiwzYk6reM&v=weekly&callback=initGoogleMaps&libraries=marker:1187
[  769976ms] [ERROR] The map is initialized without a valid Map ID, which will prevent use of Advanced Markers. @ https://maps.googleapis.com/maps/api/js?key=AIzaSyBNfAGRfS1TNlH0EmxNfegqTsiwzYk6reM&v=weekly&callback=initGoogleMaps&libraries=marker:1187
[  770418ms] [ERROR] The map is initialized without a valid Map ID, which will prevent use of Advanced Markers. @ https://maps.googleapis.com/maps/api/js?key=AIzaSyBNfAGRfS1TNlH0EmxNfegqTsiwzYk6reM&v=weekly&callback=initGoogleMaps&libraries=marker:1187
[  771516ms] [ERROR] The map is initialized without a valid Map ID, which will prevent use of Advanced Markers. @ https://maps.googleapis.com/maps/api/js?key=AIzaSyBNfAGRfS1TNlH0EmxNfegqTsiwzYk6reM&v=weekly&callback=initGoogleMaps&libraries=marker:1187
[  771696ms] [ERROR] The map is initialized without a valid Map ID, which will prevent use of Advanced Markers. @ https://maps.googleapis.com/maps/api/js?key=AIzaSyBNfAGRfS1TNlH0EmxNfegqTsiwzYk6reM&v=weekly&callback=initGoogleMaps&libraries=marker:1187
[  772104ms] [ERROR] The map is initialized without a valid Map ID, which will prevent use of Advanced Markers. @ https://maps.googleapis.com/maps/api/js?key=AIzaSyBNfAGRfS1TNlH0EmxNfegqTsiwzYk6reM&v=weekly&callback=initGoogleMaps&libraries=marker:1187
[  772372ms] [ERROR] The map is initialized without a valid Map ID, which will prevent use of Advanced Markers. @ https://maps.googleapis.com/maps/api/js?key=AIzaSyBNfAGRfS1TNlH0EmxNfegqTsiwzYk6reM&v=weekly&callback=initGoogleMaps&libraries=marker:1187
[  772518ms] [ERROR] The map is initialized without a valid Map ID, which will prevent use of Advanced Markers. @ https://maps.googleapis.com/maps/api/js?key=AIzaSyBNfAGRfS1TNlH0EmxNfegqTsiwzYk6reM&v=weekly&callback=initGoogleMaps&libraries=marker:1187
[  772683ms] [ERROR] The map is initialized without a valid Map ID, which will prevent use of Advanced Markers. @ https://maps.googleapis.com/maps/api/js?key=AIzaSyBNfAGRfS1TNlH0EmxNfegqTsiwzYk6reM&v=weekly&callback=initGoogleMaps&libraries=marker:1187
[  772907ms] [ERROR] The map is initialized without a valid Map ID, which will prevent use of Advanced Markers. @ https://maps.googleapis.com/maps/api/js?key=AIzaSyBNfAGRfS1TNlH0EmxNfegqTsiwzYk6reM&v=weekly&callback=initGoogleMaps&libraries=marker:1187
[  773040ms] [ERROR] The map is initialized without a valid Map ID, which will prevent use of Advanced Markers. @ https://maps.googleapis.com/maps/api/js?key=AIzaSyBNfAGRfS1TNlH0EmxNfegqTsiwzYk6reM&v=weekly&callback=initGoogleMaps&libraries=marker:1187
[  773401ms] [ERROR] The map is initialized without a valid Map ID, which will prevent use of Advanced Markers. @ https://maps.googleapis.com/maps/api/js?key=AIzaSyBNfAGRfS1TNlH0EmxNfegqTsiwzYk6reM&v=weekly&callback=initGoogleMaps&libraries=marker:1187
[  773865ms] [ERROR] The map is initialized without a valid Map ID, which will prevent use of Advanced Markers. @ https://maps.googleapis.com/maps/api/js?key=AIzaSyBNfAGRfS1TNlH0EmxNfegqTsiwzYk6reM&v=weekly&callback=initGoogleMaps&libraries=marker:1187
[  774391ms] [ERROR] The map is initialized without a valid Map ID, which will prevent use of Advanced Markers. @ https://maps.googleapis.com/maps/api/js?key=AIzaSyBNfAGRfS1TNlH0EmxNfegqTsiwzYk6reM&v=weekly&callback=initGoogleMaps&libraries=marker:1187
[  774616ms] [ERROR] The map is initialized without a valid Map ID, which will prevent use of Advanced Markers. @ https://maps.googleapis.com/maps/api/js?key=AIzaSyBNfAGRfS1TNlH0EmxNfegqTsiwzYk6reM&v=weekly&callback=initGoogleMaps&libraries=marker:1187
[  774804ms] [ERROR] The map is initialized without a valid Map ID, which will prevent use of Advanced Markers. @ https://maps.googleapis.com/maps/api/js?key=AIzaSyBNfAGRfS1TNlH0EmxNfegqTsiwzYk6reM&v=weekly&callback=initGoogleMaps&libraries=marker:1187
[  775441ms] [ERROR] The map is initialized without a valid Map ID, which will prevent use of Advanced Markers. @ https://maps.googleapis.com/maps/api/js?key=AIzaSyBNfAGRfS1TNlH0EmxNfegqTsiwzYk6reM&v=weekly&callback=initGoogleMaps&libraries=marker:1187
[  775714ms] [ERROR] The map is initialized without a valid Map ID, which will prevent use of Advanced Markers. @ https://maps.googleapis.com/maps/api/js?key=AIzaSyBNfAGRfS1TNlH0EmxNfegqTsiwzYk6reM&v=weekly&callback=initGoogleMaps&libraries=marker:1187
[  775886ms] [ERROR] The map is initialized without a valid Map ID, which will prevent use of Advanced Markers. @ https://maps.googleapis.com/maps/api/js?key=AIzaSyBNfAGRfS1TNlH0EmxNfegqTsiwzYk6reM&v=weekly&callback=initGoogleMaps&libraries=marker:1187
[  775983ms] [ERROR] The map is initialized without a valid Map ID, which will prevent use of Advanced Markers. @ https://maps.googleapis.com/maps/api/js?key=AIzaSyBNfAGRfS1TNlH0EmxNfegqTsiwzYk6reM&v=weekly&callback=initGoogleMaps&libraries=marker:1187
[  776275ms] [ERROR] The map is initialized without a valid Map ID, which will prevent use of Advanced Markers. @ https://maps.googleapis.com/maps/api/js?key=AIzaSyBNfAGRfS1TNlH0EmxNfegqTsiwzYk6reM&v=weekly&callback=initGoogleMaps&libraries=marker:1187
[  777402ms] [ERROR] The map is initialized without a valid Map ID, which will prevent use of Advanced Markers. @ https://maps.googleapis.com/maps/api/js?key=AIzaSyBNfAGRfS1TNlH0EmxNfegqTsiwzYk6reM&v=weekly&callback=initGoogleMaps&libraries=marker:1187
[  777811ms] [ERROR] The map is initialized without a valid Map ID, which will prevent use of Advanced Markers. @ https://maps.googleapis.com/maps/api/js?key=AIzaSyBNfAGRfS1TNlH0EmxNfegqTsiwzYk6reM&v=weekly&callback=initGoogleMaps&libraries=marker:1187
[  778052ms] [ERROR] The map is initialized without a valid Map ID, which will prevent use of Advanced Markers. @ https://maps.googleapis.com/maps/api/js?key=AIzaSyBNfAGRfS1TNlH0EmxNfegqTsiwzYk6reM&v=weekly&callback=initGoogleMaps&libraries=marker:1187
[  778337ms] [ERROR] The map is initialized without a valid Map ID, which will prevent use of Advanced Markers. @ https://maps.googleapis.com/maps/api/js?key=AIzaSyBNfAGRfS1TNlH0EmxNfegqTsiwzYk6reM&v=weekly&callback=initGoogleMaps&libraries=marker:1187
[  778472ms] [ERROR] The map is initialized without a valid Map ID, which will prevent use of Advanced Markers. @ https://maps.googleapis.com/maps/api/js?key=AIzaSyBNfAGRfS1TNlH0EmxNfegqTsiwzYk6reM&v=weekly&callback=initGoogleMaps&libraries=marker:1187
[  779094ms] [ERROR] The map is initialized without a valid Map ID, which will prevent use of Advanced Markers. @ https://maps.googleapis.com/maps/api/js?key=AIzaSyBNfAGRfS1TNlH0EmxNfegqTsiwzYk6reM&v=weekly&callback=initGoogleMaps&libraries=marker:1187
[  779329ms] [ERROR] The map is initialized without a valid Map ID, which will prevent use of Advanced Markers. @ https://maps.googleapis.com/maps/api/js?key=AIzaSyBNfAGRfS1TNlH0EmxNfegqTsiwzYk6reM&v=weekly&callback=initGoogleMaps&libraries=marker:1187
[  779413ms] [ERROR] The map is initialized without a valid Map ID, which will prevent use of Advanced Markers. @ https://maps.googleapis.com/maps/api/js?key=AIzaSyBNfAGRfS1TNlH0EmxNfegqTsiwzYk6reM&v=weekly&callback=initGoogleMaps&libraries=marker:1187
[  779832ms] [ERROR] The map is initialized without a valid Map ID, which will prevent use of Advanced Markers. @ https://maps.googleapis.com/maps/api/js?key=AIzaSyBNfAGRfS1TNlH0EmxNfegqTsiwzYk6reM&v=weekly&callback=initGoogleMaps&libraries=marker:1187
[  780009ms] [ERROR] The map is initialized without a valid Map ID, which will prevent use of Advanced Markers. @ https://maps.googleapis.com/maps/api/js?key=AIzaSyBNfAGRfS1TNlH0EmxNfegqTsiwzYk6reM&v=weekly&callback=initGoogleMaps&libraries=marker:1187
[  780515ms] [ERROR] The map is initialized without a valid Map ID, which will prevent use of Advanced Markers. @ https://maps.googleapis.com/maps/api/js?key=AIzaSyBNfAGRfS1TNlH0EmxNfegqTsiwzYk6reM&v=weekly&callback=initGoogleMaps&libraries=marker:1187
[  780720ms] [ERROR] The map is initialized without a valid Map ID, which will prevent use of Advanced Markers. @ https://maps.googleapis.com/maps/api/js?key=AIzaSyBNfAGRfS1TNlH0EmxNfegqTsiwzYk6reM&v=weekly&callback=initGoogleMaps&libraries=marker:1187
[  780772ms] [ERROR] The map is initialized without a valid Map ID, which will prevent use of Advanced Markers. @ https://maps.googleapis.com/maps/api/js?key=AIzaSyBNfAGRfS1TNlH0EmxNfegqTsiwzYk6reM&v=weekly&callback=initGoogleMaps&libraries=marker:1187
[  780895ms] [ERROR] The map is initialized without a valid Map ID, which will prevent use of Advanced Markers. @ https://maps.googleapis.com/maps/api/js?key=AIzaSyBNfAGRfS1TNlH0EmxNfegqTsiwzYk6reM&v=weekly&callback=initGoogleMaps&libraries=marker:1187
[  781178ms] [ERROR] The map is initialized without a valid Map ID, which will prevent use of Advanced Markers. @ https://maps.googleapis.com/maps/api/js?key=AIzaSyBNfAGRfS1TNlH0EmxNfegqTsiwzYk6reM&v=weekly&callback=initGoogleMaps&libraries=marker:1187
[  781412ms] [ERROR] The map is initialized without a valid Map ID, which will prevent use of Advanced Markers. @ https://maps.googleapis.com/maps/api/js?key=AIzaSyBNfAGRfS1TNlH0EmxNfegqTsiwzYk6reM&v=weekly&callback=initGoogleMaps&libraries=marker:1187
[  781791ms] [ERROR] The map is initialized without a valid Map ID, which will prevent use of Advanced Markers. @ https://maps.googleapis.com/maps/api/js?key=AIzaSyBNfAGRfS1TNlH0EmxNfegqTsiwzYk6reM&v=weekly&callback=initGoogleMaps&libraries=marker:1187
[  782107ms] [ERROR] The map is initialized without a valid Map ID, which will prevent use of Advanced Markers. @ https://maps.googleapis.com/maps/api/js?key=AIzaSyBNfAGRfS1TNlH0EmxNfegqTsiwzYk6reM&v=weekly&callback=initGoogleMaps&libraries=marker:1187
[  783123ms] [ERROR] The map is initialized without a valid Map ID, which will prevent use of Advanced Markers. @ https://maps.googleapis.com/maps/api/js?key=AIzaSyBNfAGRfS1TNlH0EmxNfegqTsiwzYk6reM&v=weekly&callback=initGoogleMaps&libraries=marker:1187
[  783516ms] [ERROR] The map is initialized without a valid Map ID, which will prevent use of Advanced Markers. @ https://maps.googleapis.com/maps/api/js?key=AIzaSyBNfAGRfS1TNlH0EmxNfegqTsiwzYk6reM&v=weekly&callback=initGoogleMaps&libraries=marker:1187
[  784077ms] [ERROR] The map is initialized without a valid Map ID, which will prevent use of Advanced Markers. @ https://maps.googleapis.com/maps/api/js?key=AIzaSyBNfAGRfS1TNlH0EmxNfegqTsiwzYk6reM&v=weekly&callback=initGoogleMaps&libraries=marker:1187
[  784520ms] [ERROR] The map is initialized without a valid Map ID, which will prevent use of Advanced Markers. @ https://maps.googleapis.com/maps/api/js?key=AIzaSyBNfAGRfS1TNlH0EmxNfegqTsiwzYk6reM&v=weekly&callback=initGoogleMaps&libraries=marker:1187
[  785082ms] [ERROR] The map is initialized without a valid Map ID, which will prevent use of Advanced Markers. @ https://maps.googleapis.com/maps/api/js?key=AIzaSyBNfAGRfS1TNlH0EmxNfegqTsiwzYk6reM&v=weekly&callback=initGoogleMaps&libraries=marker:1187
[  785873ms] [ERROR] The map is initialized without a valid Map ID, which will prevent use of Advanced Markers. @ https://maps.googleapis.com/maps/api/js?key=AIzaSyBNfAGRfS1TNlH0EmxNfegqTsiwzYk6reM&v=weekly&callback=initGoogleMaps&libraries=marker:1187
[  786202ms] [ERROR] The map is initialized without a valid Map ID, which will prevent use of Advanced Markers. @ https://maps.googleapis.com/maps/api/js?key=AIzaSyBNfAGRfS1TNlH0EmxNfegqTsiwzYk6reM&v=weekly&callback=initGoogleMaps&libraries=marker:1187
[  786326ms] [ERROR] The map is initialized without a valid Map ID, which will prevent use of Advanced Markers. @ https://maps.googleapis.com/maps/api/js?key=AIzaSyBNfAGRfS1TNlH0EmxNfegqTsiwzYk6reM&v=weekly&callback=initGoogleMaps&libraries=marker:1187
[  786855ms] [ERROR] The map is initialized without a valid Map ID, which will prevent use of Advanced Markers. @ https://maps.googleapis.com/maps/api/js?key=AIzaSyBNfAGRfS1TNlH0EmxNfegqTsiwzYk6reM&v=weekly&callback=initGoogleMaps&libraries=marker:1187
[  787070ms] [ERROR] The map is initialized without a valid Map ID, which will prevent use of Advanced Markers. @ https://maps.googleapis.com/maps/api/js?key=AIzaSyBNfAGRfS1TNlH0EmxNfegqTsiwzYk6reM&v=weekly&callback=initGoogleMaps&libraries=marker:1187
[  787487ms] [ERROR] The map is initialized without a valid Map ID, which will prevent use of Advanced Markers. @ https://maps.googleapis.com/maps/api/js?key=AIzaSyBNfAGRfS1TNlH0EmxNfegqTsiwzYk6reM&v=weekly&callback=initGoogleMaps&libraries=marker:1187
[  787717ms] [ERROR] The map is initialized without a valid Map ID, which will prevent use of Advanced Markers. @ https://maps.googleapis.com/maps/api/js?key=AIzaSyBNfAGRfS1TNlH0EmxNfegqTsiwzYk6reM&v=weekly&callback=initGoogleMaps&libraries=marker:1187
[  787932ms] [ERROR] The map is initialized without a valid Map ID, which will prevent use of Advanced Markers. @ https://maps.googleapis.com/maps/api/js?key=AIzaSyBNfAGRfS1TNlH0EmxNfegqTsiwzYk6reM&v=weekly&callback=initGoogleMaps&libraries=marker:1187
[  788305ms] [ERROR] The map is initialized without a valid Map ID, which will prevent use of Advanced Markers. @ https://maps.googleapis.com/maps/api/js?key=AIzaSyBNfAGRfS1TNlH0EmxNfegqTsiwzYk6reM&v=weekly&callback=initGoogleMaps&libraries=marker:1187
[  788790ms] [ERROR] The map is initialized without a valid Map ID, which will prevent use of Advanced Markers. @ https://maps.googleapis.com/maps/api/js?key=AIzaSyBNfAGRfS1TNlH0EmxNfegqTsiwzYk6reM&v=weekly&callback=initGoogleMaps&libraries=marker:1187
[  789054ms] [ERROR] The map is initialized without a valid Map ID, which will prevent use of Advanced Markers. @ https://maps.googleapis.com/maps/api/js?key=AIzaSyBNfAGRfS1TNlH0EmxNfegqTsiwzYk6reM&v=weekly&callback=initGoogleMaps&libraries=marker:1187
[  789410ms] [ERROR] The map is initialized without a valid Map ID, which will prevent use of Advanced Markers. @ https://maps.googleapis.com/maps/api/js?key=AIzaSyBNfAGRfS1TNlH0EmxNfegqTsiwzYk6reM&v=weekly&callback=initGoogleMaps&libraries=marker:1187
[  789606ms] [ERROR] The map is initialized without a valid Map ID, which will prevent use of Advanced Markers. @ https://maps.googleapis.com/maps/api/js?key=AIzaSyBNfAGRfS1TNlH0EmxNfegqTsiwzYk6reM&v=weekly&callback=initGoogleMaps&libraries=marker:1187
[  790075ms] [ERROR] The map is initialized without a valid Map ID, which will prevent use of Advanced Markers. @ https://maps.googleapis.com/maps/api/js?key=AIzaSyBNfAGRfS1TNlH0EmxNfegqTsiwzYk6reM&v=weekly&callback=initGoogleMaps&libraries=marker:1187
[  790273ms] [ERROR] The map is initialized without a valid Map ID, which will prevent use of Advanced Markers. @ https://maps.googleapis.com/maps/api/js?key=AIzaSyBNfAGRfS1TNlH0EmxNfegqTsiwzYk6reM&v=weekly&callback=initGoogleMaps&libraries=marker:1187
[  790783ms] [ERROR] The map is initialized without a valid Map ID, which will prevent use of Advanced Markers. @ https://maps.googleapis.com/maps/api/js?key=AIzaSyBNfAGRfS1TNlH0EmxNfegqTsiwzYk6reM&v=weekly&callback=initGoogleMaps&libraries=marker:1187
[  791178ms] [ERROR] The map is initialized without a valid Map ID, which will prevent use of Advanced Markers. @ https://maps.googleapis.com/maps/api/js?key=AIzaSyBNfAGRfS1TNlH0EmxNfegqTsiwzYk6reM&v=weekly&callback=initGoogleMaps&libraries=marker:1187
[  791291ms] [ERROR] The map is initialized without a valid Map ID, which will prevent use of Advanced Markers. @ https://maps.googleapis.com/maps/api/js?key=AIzaSyBNfAGRfS1TNlH0EmxNfegqTsiwzYk6reM&v=weekly&callback=initGoogleMaps&libraries=marker:1187
[  791622ms] [ERROR] The map is initialized without a valid Map ID, which will prevent use of Advanced Markers. @ https://maps.googleapis.com/maps/api/js?key=AIzaSyBNfAGRfS1TNlH0EmxNfegqTsiwzYk6reM&v=weekly&callback=initGoogleMaps&libraries=marker:1187
[  791801ms] [ERROR] The map is initialized without a valid Map ID, which will prevent use of Advanced Markers. @ https://maps.googleapis.com/maps/api/js?key=AIzaSyBNfAGRfS1TNlH0EmxNfegqTsiwzYk6reM&v=weekly&callback=initGoogleMaps&libraries=marker:1187
[  791935ms] [ERROR] The map is initialized without a valid Map ID, which will prevent use of Advanced Markers. @ https://maps.googleapis.com/maps/api/js?key=AIzaSyBNfAGRfS1TNlH0EmxNfegqTsiwzYk6reM&v=weekly&callback=initGoogleMaps&libraries=marker:1187
[  792114ms] [ERROR] The map is initialized without a valid Map ID, which will prevent use of Advanced Markers. @ https://maps.googleapis.com/maps/api/js?key=AIzaSyBNfAGRfS1TNlH0EmxNfegqTsiwzYk6reM&v=weekly&callback=initGoogleMaps&libraries=marker:1187
[  792249ms] [ERROR] The map is initialized without a valid Map ID, which will prevent use of Advanced Markers. @ https://maps.googleapis.com/maps/api/js?key=AIzaSyBNfAGRfS1TNlH0EmxNfegqTsiwzYk6reM&v=weekly&callback=initGoogleMaps&libraries=marker:1187
[  792295ms] [ERROR] The map is initialized without a valid Map ID, which will prevent use of Advanced Markers. @ https://maps.googleapis.com/maps/api/js?key=AIzaSyBNfAGRfS1TNlH0EmxNfegqTsiwzYk6reM&v=weekly&callback=initGoogleMaps&libraries=marker:1187
[  792509ms] [ERROR] The map is initialized without a valid Map ID, which will prevent use of Advanced Markers. @ https://maps.googleapis.com/maps/api/js?key=AIzaSyBNfAGRfS1TNlH0EmxNfegqTsiwzYk6reM&v=weekly&callback=initGoogleMaps&libraries=marker:1187
[  793211ms] [ERROR] The map is initialized without a valid Map ID, which will prevent use of Advanced Markers. @ https://maps.googleapis.com/maps/api/js?key=AIzaSyBNfAGRfS1TNlH0EmxNfegqTsiwzYk6reM&v=weekly&callback=initGoogleMaps&libraries=marker:1187
[  793483ms] [ERROR] The map is initialized without a valid Map ID, which will prevent use of Advanced Markers. @ https://maps.googleapis.com/maps/api/js?key=AIzaSyBNfAGRfS1TNlH0EmxNfegqTsiwzYk6reM&v=weekly&callback=initGoogleMaps&libraries=marker:1187
[  793772ms] [ERROR] The map is initialized without a valid Map ID, which will prevent use of Advanced Markers. @ https://maps.googleapis.com/maps/api/js?key=AIzaSyBNfAGRfS1TNlH0EmxNfegqTsiwzYk6reM&v=weekly&callback=initGoogleMaps&libraries=marker:1187
[  794000ms] [ERROR] The map is initialized without a valid Map ID, which will prevent use of Advanced Markers. @ https://maps.googleapis.com/maps/api/js?key=AIzaSyBNfAGRfS1TNlH0EmxNfegqTsiwzYk6reM&v=weekly&callback=initGoogleMaps&libraries=marker:1187
[  794656ms] [ERROR] The map is initialized without a valid Map ID, which will prevent use of Advanced Markers. @ https://maps.googleapis.com/maps/api/js?key=AIzaSyBNfAGRfS1TNlH0EmxNfegqTsiwzYk6reM&v=weekly&callback=initGoogleMaps&libraries=marker:1187
[  794803ms] [ERROR] The map is initialized without a valid Map ID, which will prevent use of Advanced Markers. @ https://maps.googleapis.com/maps/api/js?key=AIzaSyBNfAGRfS1TNlH0EmxNfegqTsiwzYk6reM&v=weekly&callback=initGoogleMaps&libraries=marker:1187
[  794916ms] [ERROR] The map is initialized without a valid Map ID, which will prevent use of Advanced Markers. @ https://maps.googleapis.com/maps/api/js?key=AIzaSyBNfAGRfS1TNlH0EmxNfegqTsiwzYk6reM&v=weekly&callback=initGoogleMaps&libraries=marker:1187
[  795096ms] [ERROR] The map is initialized without a valid Map ID, which will prevent use of Advanced Markers. @ https://maps.googleapis.com/maps/api/js?key=AIzaSyBNfAGRfS1TNlH0EmxNfegqTsiwzYk6reM&v=weekly&callback=initGoogleMaps&libraries=marker:1187
[  795306ms] [ERROR] The map is initialized without a valid Map ID, which will prevent use of Advanced Markers. @ https://maps.googleapis.com/maps/api/js?key=AIzaSyBNfAGRfS1TNlH0EmxNfegqTsiwzYk6reM&v=weekly&callback=initGoogleMaps&libraries=marker:1187
[  795525ms] [ERROR] The map is initialized without a valid Map ID, which will prevent use of Advanced Markers. @ https://maps.googleapis.com/maps/api/js?key=AIzaSyBNfAGRfS1TNlH0EmxNfegqTsiwzYk6reM&v=weekly&callback=initGoogleMaps&libraries=marker:1187
[  795776ms] [ERROR] The map is initialized without a valid Map ID, which will prevent use of Advanced Markers. @ https://maps.googleapis.com/maps/api/js?key=AIzaSyBNfAGRfS1TNlH0EmxNfegqTsiwzYk6reM&v=weekly&callback=initGoogleMaps&libraries=marker:1187
[  796409ms] [ERROR] The map is initialized without a valid Map ID, which will prevent use of Advanced Markers. @ https://maps.googleapis.com/maps/api/js?key=AIzaSyBNfAGRfS1TNlH0EmxNfegqTsiwzYk6reM&v=weekly&callback=initGoogleMaps&libraries=marker:1187
[  797347ms] [ERROR] The map is initialized without a valid Map ID, which will prevent use of Advanced Markers. @ https://maps.googleapis.com/maps/api/js?key=AIzaSyBNfAGRfS1TNlH0EmxNfegqTsiwzYk6reM&v=weekly&callback=initGoogleMaps&libraries=marker:1187
[  797501ms] [ERROR] The map is initialized without a valid Map ID, which will prevent use of Advanced Markers. @ https://maps.googleapis.com/maps/api/js?key=AIzaSyBNfAGRfS1TNlH0EmxNfegqTsiwzYk6reM&v=weekly&callback=initGoogleMaps&libraries=marker:1187
[  797830ms] [ERROR] The map is initialized without a valid Map ID, which will prevent use of Advanced Markers. @ https://maps.googleapis.com/maps/api/js?key=AIzaSyBNfAGRfS1TNlH0EmxNfegqTsiwzYk6reM&v=weekly&callback=initGoogleMaps&libraries=marker:1187
[  798014ms] [ERROR] The map is initialized without a valid Map ID, which will prevent use of Advanced Markers. @ https://maps.googleapis.com/maps/api/js?key=AIzaSyBNfAGRfS1TNlH0EmxNfegqTsiwzYk6reM&v=weekly&callback=initGoogleMaps&libraries=marker:1187
[  798100ms] [ERROR] The map is initialized without a valid Map ID, which will prevent use of Advanced Markers. @ https://maps.googleapis.com/maps/api/js?key=AIzaSyBNfAGRfS1TNlH0EmxNfegqTsiwzYk6reM&v=weekly&callback=initGoogleMaps&libraries=marker:1187
[  798147ms] [ERROR] The map is initialized without a valid Map ID, which will prevent use of Advanced Markers. @ https://maps.googleapis.com/maps/api/js?key=AIzaSyBNfAGRfS1TNlH0EmxNfegqTsiwzYk6reM&v=weekly&callback=initGoogleMaps&libraries=marker:1187
[  798805ms] [ERROR] The map is initialized without a valid Map ID, which will prevent use of Advanced Markers. @ https://maps.googleapis.com/maps/api/js?key=AIzaSyBNfAGRfS1TNlH0EmxNfegqTsiwzYk6reM&v=weekly&callback=initGoogleMaps&libraries=marker:1187
[  799365ms] [ERROR] The map is initialized without a valid Map ID, which will prevent use of Advanced Markers. @ https://maps.googleapis.com/maps/api/js?key=AIzaSyBNfAGRfS1TNlH0EmxNfegqTsiwzYk6reM&v=weekly&callback=initGoogleMaps&libraries=marker:1187
[  799625ms] [ERROR] The map is initialized without a valid Map ID, which will prevent use of Advanced Markers. @ https://maps.googleapis.com/maps/api/js?key=AIzaSyBNfAGRfS1TNlH0EmxNfegqTsiwzYk6reM&v=weekly&callback=initGoogleMaps&libraries=marker:1187
[  799835ms] [ERROR] The map is initialized without a valid Map ID, which will prevent use of Advanced Markers. @ https://maps.googleapis.com/maps/api/js?key=AIzaSyBNfAGRfS1TNlH0EmxNfegqTsiwzYk6reM&v=weekly&callback=initGoogleMaps&libraries=marker:1187
[  800158ms] [ERROR] The map is initialized without a valid Map ID, which will prevent use of Advanced Markers. @ https://maps.googleapis.com/maps/api/js?key=AIzaSyBNfAGRfS1TNlH0EmxNfegqTsiwzYk6reM&v=weekly&callback=initGoogleMaps&libraries=marker:1187
[  800334ms] [ERROR] The map is initialized without a valid Map ID, which will prevent use of Advanced Markers. @ https://maps.googleapis.com/maps/api/js?key=AIzaSyBNfAGRfS1TNlH0EmxNfegqTsiwzYk6reM&v=weekly&callback=initGoogleMaps&libraries=marker:1187
[  800753ms] [ERROR] The map is initialized without a valid Map ID, which will prevent use of Advanced Markers. @ https://maps.googleapis.com/maps/api/js?key=AIzaSyBNfAGRfS1TNlH0EmxNfegqTsiwzYk6reM&v=weekly&callback=initGoogleMaps&libraries=marker:1187
[  801104ms] [ERROR] The map is initialized without a valid Map ID, which will prevent use of Advanced Markers. @ https://maps.googleapis.com/maps/api/js?key=AIzaSyBNfAGRfS1TNlH0EmxNfegqTsiwzYk6reM&v=weekly&callback=initGoogleMaps&libraries=marker:1187
[  801314ms] [ERROR] The map is initialized without a valid Map ID, which will prevent use of Advanced Markers. @ https://maps.googleapis.com/maps/api/js?key=AIzaSyBNfAGRfS1TNlH0EmxNfegqTsiwzYk6reM&v=weekly&callback=initGoogleMaps&libraries=marker:1187
[  801612ms] [ERROR] The map is initialized without a valid Map ID, which will prevent use of Advanced Markers. @ https://maps.googleapis.com/maps/api/js?key=AIzaSyBNfAGRfS1TNlH0EmxNfegqTsiwzYk6reM&v=weekly&callback=initGoogleMaps&libraries=marker:1187
[  801682ms] [ERROR] The map is initialized without a valid Map ID, which will prevent use of Advanced Markers. @ https://maps.googleapis.com/maps/api/js?key=AIzaSyBNfAGRfS1TNlH0EmxNfegqTsiwzYk6reM&v=weekly&callback=initGoogleMaps&libraries=marker:1187
[  801731ms] [ERROR] The map is initialized without a valid Map ID, which will prevent use of Advanced Markers. @ https://maps.googleapis.com/maps/api/js?key=AIzaSyBNfAGRfS1TNlH0EmxNfegqTsiwzYk6reM&v=weekly&callback=initGoogleMaps&libraries=marker:1187
[  802313ms] [ERROR] The map is initialized without a valid Map ID, which will prevent use of Advanced Markers. @ https://maps.googleapis.com/maps/api/js?key=AIzaSyBNfAGRfS1TNlH0EmxNfegqTsiwzYk6reM&v=weekly&callback=initGoogleMaps&libraries=marker:1187
[  802483ms] [ERROR] The map is initialized without a valid Map ID, which will prevent use of Advanced Markers. @ https://maps.googleapis.com/maps/api/js?key=AIzaSyBNfAGRfS1TNlH0EmxNfegqTsiwzYk6reM&v=weekly&callback=initGoogleMaps&libraries=marker:1187
[  802672ms] [ERROR] The map is initialized without a valid Map ID, which will prevent use of Advanced Markers. @ https://maps.googleapis.com/maps/api/js?key=AIzaSyBNfAGRfS1TNlH0EmxNfegqTsiwzYk6reM&v=weekly&callback=initGoogleMaps&libraries=marker:1187
[  802941ms] [ERROR] The map is initialized without a valid Map ID, which will prevent use of Advanced Markers. @ https://maps.googleapis.com/maps/api/js?key=AIzaSyBNfAGRfS1TNlH0EmxNfegqTsiwzYk6reM&v=weekly&callback=initGoogleMaps&libraries=marker:1187
[  803287ms] [ERROR] The map is initialized without a valid Map ID, which will prevent use of Advanced Markers. @ https://maps.googleapis.com/maps/api/js?key=AIzaSyBNfAGRfS1TNlH0EmxNfegqTsiwzYk6reM&v=weekly&callback=initGoogleMaps&libraries=marker:1187
[  803606ms] [ERROR] The map is initialized without a valid Map ID, which will prevent use of Advanced Markers. @ https://maps.googleapis.com/maps/api/js?key=AIzaSyBNfAGRfS1TNlH0EmxNfegqTsiwzYk6reM&v=weekly&callback=initGoogleMaps&libraries=marker:1187
[  803937ms] [ERROR] The map is initialized without a valid Map ID, which will prevent use of Advanced Markers. @ https://maps.googleapis.com/maps/api/js?key=AIzaSyBNfAGRfS1TNlH0EmxNfegqTsiwzYk6reM&v=weekly&callback=initGoogleMaps&libraries=marker:1187
[  804179ms] [ERROR] The map is initialized without a valid Map ID, which will prevent use of Advanced Markers. @ https://maps.googleapis.com/maps/api/js?key=AIzaSyBNfAGRfS1TNlH0EmxNfegqTsiwzYk6reM&v=weekly&callback=initGoogleMaps&libraries=marker:1187
[  804481ms] [ERROR] The map is initialized without a valid Map ID, which will prevent use of Advanced Markers. @ https://maps.googleapis.com/maps/api/js?key=AIzaSyBNfAGRfS1TNlH0EmxNfegqTsiwzYk6reM&v=weekly&callback=initGoogleMaps&libraries=marker:1187
[  804875ms] [ERROR] The map is initialized without a valid Map ID, which will prevent use of Advanced Markers. @ https://maps.googleapis.com/maps/api/js?key=AIzaSyBNfAGRfS1TNlH0EmxNfegqTsiwzYk6reM&v=weekly&callback=initGoogleMaps&libraries=marker:1187
[  805202ms] [ERROR] The map is initialized without a valid Map ID, which will prevent use of Advanced Markers. @ https://maps.googleapis.com/maps/api/js?key=AIzaSyBNfAGRfS1TNlH0EmxNfegqTsiwzYk6reM&v=weekly&callback=initGoogleMaps&libraries=marker:1187
[  805527ms] [ERROR] The map is initialized without a valid Map ID, which will prevent use of Advanced Markers. @ https://maps.googleapis.com/maps/api/js?key=AIzaSyBNfAGRfS1TNlH0EmxNfegqTsiwzYk6reM&v=weekly&callback=initGoogleMaps&libraries=marker:1187
[  806020ms] [ERROR] The map is initialized without a valid Map ID, which will prevent use of Advanced Markers. @ https://maps.googleapis.com/maps/api/js?key=AIzaSyBNfAGRfS1TNlH0EmxNfegqTsiwzYk6reM&v=weekly&callback=initGoogleMaps&libraries=marker:1187
[  806381ms] [ERROR] The map is initialized without a valid Map ID, which will prevent use of Advanced Markers. @ https://maps.googleapis.com/maps/api/js?key=AIzaSyBNfAGRfS1TNlH0EmxNfegqTsiwzYk6reM&v=weekly&callback=initGoogleMaps&libraries=marker:1187
[  806916ms] [ERROR] The map is initialized without a valid Map ID, which will prevent use of Advanced Markers. @ https://maps.googleapis.com/maps/api/js?key=AIzaSyBNfAGRfS1TNlH0EmxNfegqTsiwzYk6reM&v=weekly&callback=initGoogleMaps&libraries=marker:1187
[  807587ms] [ERROR] The map is initialized without a valid Map ID, which will prevent use of Advanced Markers. @ https://maps.googleapis.com/maps/api/js?key=AIzaSyBNfAGRfS1TNlH0EmxNfegqTsiwzYk6reM&v=weekly&callback=initGoogleMaps&libraries=marker:1187
[  807700ms] [ERROR] The map is initialized without a valid Map ID, which will prevent use of Advanced Markers. @ https://maps.googleapis.com/maps/api/js?key=AIzaSyBNfAGRfS1TNlH0EmxNfegqTsiwzYk6reM&v=weekly&callback=initGoogleMaps&libraries=marker:1187
[  808200ms] [ERROR] The map is initialized without a valid Map ID, which will prevent use of Advanced Markers. @ https://maps.googleapis.com/maps/api/js?key=AIzaSyBNfAGRfS1TNlH0EmxNfegqTsiwzYk6reM&v=weekly&callback=initGoogleMaps&libraries=marker:1187
[  808486ms] [ERROR] The map is initialized without a valid Map ID, which will prevent use of Advanced Markers. @ https://maps.googleapis.com/maps/api/js?key=AIzaSyBNfAGRfS1TNlH0EmxNfegqTsiwzYk6reM&v=weekly&callback=initGoogleMaps&libraries=marker:1187
[  808796ms] [ERROR] The map is initialized without a valid Map ID, which will prevent use of Advanced Markers. @ https://maps.googleapis.com/maps/api/js?key=AIzaSyBNfAGRfS1TNlH0EmxNfegqTsiwzYk6reM&v=weekly&callback=initGoogleMaps&libraries=marker:1187
[  808917ms] [ERROR] The map is initialized without a valid Map ID, which will prevent use of Advanced Markers. @ https://maps.googleapis.com/maps/api/js?key=AIzaSyBNfAGRfS1TNlH0EmxNfegqTsiwzYk6reM&v=weekly&callback=initGoogleMaps&libraries=marker:1187
[  809143ms] [ERROR] The map is initialized without a valid Map ID, which will prevent use of Advanced Markers. @ https://maps.googleapis.com/maps/api/js?key=AIzaSyBNfAGRfS1TNlH0EmxNfegqTsiwzYk6reM&v=weekly&callback=initGoogleMaps&libraries=marker:1187
[  809879ms] [ERROR] The map is initialized without a valid Map ID, which will prevent use of Advanced Markers. @ https://maps.googleapis.com/maps/api/js?key=AIzaSyBNfAGRfS1TNlH0EmxNfegqTsiwzYk6reM&v=weekly&callback=initGoogleMaps&libraries=marker:1187
[  810072ms] [ERROR] The map is initialized without a valid Map ID, which will prevent use of Advanced Markers. @ https://maps.googleapis.com/maps/api/js?key=AIzaSyBNfAGRfS1TNlH0EmxNfegqTsiwzYk6reM&v=weekly&callback=initGoogleMaps&libraries=marker:1187
[  810393ms] [ERROR] The map is initialized without a valid Map ID, which will prevent use of Advanced Markers. @ https://maps.googleapis.com/maps/api/js?key=AIzaSyBNfAGRfS1TNlH0EmxNfegqTsiwzYk6reM&v=weekly&callback=initGoogleMaps&libraries=marker:1187
[  810518ms] [ERROR] The map is initialized without a valid Map ID, which will prevent use of Advanced Markers. @ https://maps.googleapis.com/maps/api/js?key=AIzaSyBNfAGRfS1TNlH0EmxNfegqTsiwzYk6reM&v=weekly&callback=initGoogleMaps&libraries=marker:1187
[  811378ms] [ERROR] The map is initialized without a valid Map ID, which will prevent use of Advanced Markers. @ https://maps.googleapis.com/maps/api/js?key=AIzaSyBNfAGRfS1TNlH0EmxNfegqTsiwzYk6reM&v=weekly&callback=initGoogleMaps&libraries=marker:1187
[  811899ms] [ERROR] The map is initialized without a valid Map ID, which will prevent use of Advanced Markers. @ https://maps.googleapis.com/maps/api/js?key=AIzaSyBNfAGRfS1TNlH0EmxNfegqTsiwzYk6reM&v=weekly&callback=initGoogleMaps&libraries=marker:1187
[  812333ms] [ERROR] The map is initialized without a valid Map ID, which will prevent use of Advanced Markers. @ https://maps.googleapis.com/maps/api/js?key=AIzaSyBNfAGRfS1TNlH0EmxNfegqTsiwzYk6reM&v=weekly&callback=initGoogleMaps&libraries=marker:1187
[  812511ms] [ERROR] The map is initialized without a valid Map ID, which will prevent use of Advanced Markers. @ https://maps.googleapis.com/maps/api/js?key=AIzaSyBNfAGRfS1TNlH0EmxNfegqTsiwzYk6reM&v=weekly&callback=initGoogleMaps&libraries=marker:1187
[  812635ms] [ERROR] The map is initialized without a valid Map ID, which will prevent use of Advanced Markers. @ https://maps.googleapis.com/maps/api/js?key=AIzaSyBNfAGRfS1TNlH0EmxNfegqTsiwzYk6reM&v=weekly&callback=initGoogleMaps&libraries=marker:1187
[  812950ms] [ERROR] The map is initialized without a valid Map ID, which will prevent use of Advanced Markers. @ https://maps.googleapis.com/maps/api/js?key=AIzaSyBNfAGRfS1TNlH0EmxNfegqTsiwzYk6reM&v=weekly&callback=initGoogleMaps&libraries=marker:1187
[  813585ms] [ERROR] The map is initialized without a valid Map ID, which will prevent use of Advanced Markers. @ https://maps.googleapis.com/maps/api/js?key=AIzaSyBNfAGRfS1TNlH0EmxNfegqTsiwzYk6reM&v=weekly&callback=initGoogleMaps&libraries=marker:1187
[  814329ms] [ERROR] The map is initialized without a valid Map ID, which will prevent use of Advanced Markers. @ https://maps.googleapis.com/maps/api/js?key=AIzaSyBNfAGRfS1TNlH0EmxNfegqTsiwzYk6reM&v=weekly&callback=initGoogleMaps&libraries=marker:1187
[  814994ms] [ERROR] The map is initialized without a valid Map ID, which will prevent use of Advanced Markers. @ https://maps.googleapis.com/maps/api/js?key=AIzaSyBNfAGRfS1TNlH0EmxNfegqTsiwzYk6reM&v=weekly&callback=initGoogleMaps&libraries=marker:1187
[  815319ms] [ERROR] The map is initialized without a valid Map ID, which will prevent use of Advanced Markers. @ https://maps.googleapis.com/maps/api/js?key=AIzaSyBNfAGRfS1TNlH0EmxNfegqTsiwzYk6reM&v=weekly&callback=initGoogleMaps&libraries=marker:1187
[  815491ms] [ERROR] The map is initialized without a valid Map ID, which will prevent use of Advanced Markers. @ https://maps.googleapis.com/maps/api/js?key=AIzaSyBNfAGRfS1TNlH0EmxNfegqTsiwzYk6reM&v=weekly&callback=initGoogleMaps&libraries=marker:1187
[  815652ms] [ERROR] The map is initialized without a valid Map ID, which will prevent use of Advanced Markers. @ https://maps.googleapis.com/maps/api/js?key=AIzaSyBNfAGRfS1TNlH0EmxNfegqTsiwzYk6reM&v=weekly&callback=initGoogleMaps&libraries=marker:1187
[  815930ms] [ERROR] The map is initialized without a valid Map ID, which will prevent use of Advanced Markers. @ https://maps.googleapis.com/maps/api/js?key=AIzaSyBNfAGRfS1TNlH0EmxNfegqTsiwzYk6reM&v=weekly&callback=initGoogleMaps&libraries=marker:1187
[  816341ms] [ERROR] The map is initialized without a valid Map ID, which will prevent use of Advanced Markers. @ https://maps.googleapis.com/maps/api/js?key=AIzaSyBNfAGRfS1TNlH0EmxNfegqTsiwzYk6reM&v=weekly&callback=initGoogleMaps&libraries=marker:1187
[  816533ms] [ERROR] The map is initialized without a valid Map ID, which will prevent use of Advanced Markers. @ https://maps.googleapis.com/maps/api/js?key=AIzaSyBNfAGRfS1TNlH0EmxNfegqTsiwzYk6reM&v=weekly&callback=initGoogleMaps&libraries=marker:1187
[  816647ms] [ERROR] The map is initialized without a valid Map ID, which will prevent use of Advanced Markers. @ https://maps.googleapis.com/maps/api/js?key=AIzaSyBNfAGRfS1TNlH0EmxNfegqTsiwzYk6reM&v=weekly&callback=initGoogleMaps&libraries=marker:1187
[  816842ms] [ERROR] The map is initialized without a valid Map ID, which will prevent use of Advanced Markers. @ https://maps.googleapis.com/maps/api/js?key=AIzaSyBNfAGRfS1TNlH0EmxNfegqTsiwzYk6reM&v=weekly&callback=initGoogleMaps&libraries=marker:1187
[  817100ms] [ERROR] The map is initialized without a valid Map ID, which will prevent use of Advanced Markers. @ https://maps.googleapis.com/maps/api/js?key=AIzaSyBNfAGRfS1TNlH0EmxNfegqTsiwzYk6reM&v=weekly&callback=initGoogleMaps&libraries=marker:1187
[  817456ms] [ERROR] The map is initialized without a valid Map ID, which will prevent use of Advanced Markers. @ https://maps.googleapis.com/maps/api/js?key=AIzaSyBNfAGRfS1TNlH0EmxNfegqTsiwzYk6reM&v=weekly&callback=initGoogleMaps&libraries=marker:1187
[  817700ms] [ERROR] The map is initialized without a valid Map ID, which will prevent use of Advanced Markers. @ https://maps.googleapis.com/maps/api/js?key=AIzaSyBNfAGRfS1TNlH0EmxNfegqTsiwzYk6reM&v=weekly&callback=initGoogleMaps&libraries=marker:1187
[  818014ms] [ERROR] The map is initialized without a valid Map ID, which will prevent use of Advanced Markers. @ https://maps.googleapis.com/maps/api/js?key=AIzaSyBNfAGRfS1TNlH0EmxNfegqTsiwzYk6reM&v=weekly&callback=initGoogleMaps&libraries=marker:1187
[  818137ms] [ERROR] The map is initialized without a valid Map ID, which will prevent use of Advanced Markers. @ https://maps.googleapis.com/maps/api/js?key=AIzaSyBNfAGRfS1TNlH0EmxNfegqTsiwzYk6reM&v=weekly&callback=initGoogleMaps&libraries=marker:1187
[  818235ms] [ERROR] The map is initialized without a valid Map ID, which will prevent use of Advanced Markers. @ https://maps.googleapis.com/maps/api/js?key=AIzaSyBNfAGRfS1TNlH0EmxNfegqTsiwzYk6reM&v=weekly&callback=initGoogleMaps&libraries=marker:1187
[  818607ms] [ERROR] The map is initialized without a valid Map ID, which will prevent use of Advanced Markers. @ https://maps.googleapis.com/maps/api/js?key=AIzaSyBNfAGRfS1TNlH0EmxNfegqTsiwzYk6reM&v=weekly&callback=initGoogleMaps&libraries=marker:1187
[  818928ms] [ERROR] The map is initialized without a valid Map ID, which will prevent use of Advanced Markers. @ https://maps.googleapis.com/maps/api/js?key=AIzaSyBNfAGRfS1TNlH0EmxNfegqTsiwzYk6reM&v=weekly&callback=initGoogleMaps&libraries=marker:1187
[  819176ms] [ERROR] The map is initialized without a valid Map ID, which will prevent use of Advanced Markers. @ https://maps.googleapis.com/maps/api/js?key=AIzaSyBNfAGRfS1TNlH0EmxNfegqTsiwzYk6reM&v=weekly&callback=initGoogleMaps&libraries=marker:1187
[  819833ms] [ERROR] The map is initialized without a valid Map ID, which will prevent use of Advanced Markers. @ https://maps.googleapis.com/maps/api/js?key=AIzaSyBNfAGRfS1TNlH0EmxNfegqTsiwzYk6reM&v=weekly&callback=initGoogleMaps&libraries=marker:1187
[  820085ms] [ERROR] The map is initialized without a valid Map ID, which will prevent use of Advanced Markers. @ https://maps.googleapis.com/maps/api/js?key=AIzaSyBNfAGRfS1TNlH0EmxNfegqTsiwzYk6reM&v=weekly&callback=initGoogleMaps&libraries=marker:1187
[  820402ms] [ERROR] The map is initialized without a valid Map ID, which will prevent use of Advanced Markers. @ https://maps.googleapis.com/maps/api/js?key=AIzaSyBNfAGRfS1TNlH0EmxNfegqTsiwzYk6reM&v=weekly&callback=initGoogleMaps&libraries=marker:1187
[  820624ms] [ERROR] The map is initialized without a valid Map ID, which will prevent use of Advanced Markers. @ https://maps.googleapis.com/maps/api/js?key=AIzaSyBNfAGRfS1TNlH0EmxNfegqTsiwzYk6reM&v=weekly&callback=initGoogleMaps&libraries=marker:1187
[  820770ms] [ERROR] The map is initialized without a valid Map ID, which will prevent use of Advanced Markers. @ https://maps.googleapis.com/maps/api/js?key=AIzaSyBNfAGRfS1TNlH0EmxNfegqTsiwzYk6reM&v=weekly&callback=initGoogleMaps&libraries=marker:1187
[  820937ms] [ERROR] The map is initialized without a valid Map ID, which will prevent use of Advanced Markers. @ https://maps.googleapis.com/maps/api/js?key=AIzaSyBNfAGRfS1TNlH0EmxNfegqTsiwzYk6reM&v=weekly&callback=initGoogleMaps&libraries=marker:1187
[  821591ms] [ERROR] The map is initialized without a valid Map ID, which will prevent use of Advanced Markers. @ https://maps.googleapis.com/maps/api/js?key=AIzaSyBNfAGRfS1TNlH0EmxNfegqTsiwzYk6reM&v=weekly&callback=initGoogleMaps&libraries=marker:1187
[  821787ms] [ERROR] The map is initialized without a valid Map ID, which will prevent use of Advanced Markers. @ https://maps.googleapis.com/maps/api/js?key=AIzaSyBNfAGRfS1TNlH0EmxNfegqTsiwzYk6reM&v=weekly&callback=initGoogleMaps&libraries=marker:1187
[  821898ms] [ERROR] The map is initialized without a valid Map ID, which will prevent use of Advanced Markers. @ https://maps.googleapis.com/maps/api/js?key=AIzaSyBNfAGRfS1TNlH0EmxNfegqTsiwzYk6reM&v=weekly&callback=initGoogleMaps&libraries=marker:1187
[  822113ms] [ERROR] The map is initialized without a valid Map ID, which will prevent use of Advanced Markers. @ https://maps.googleapis.com/maps/api/js?key=AIzaSyBNfAGRfS1TNlH0EmxNfegqTsiwzYk6reM&v=weekly&callback=initGoogleMaps&libraries=marker:1187
[  822397ms] [ERROR] The map is initialized without a valid Map ID, which will prevent use of Advanced Markers. @ https://maps.googleapis.com/maps/api/js?key=AIzaSyBNfAGRfS1TNlH0EmxNfegqTsiwzYk6reM&v=weekly&callback=initGoogleMaps&libraries=marker:1187
[  822593ms] [ERROR] The map is initialized without a valid Map ID, which will prevent use of Advanced Markers. @ https://maps.googleapis.com/maps/api/js?key=AIzaSyBNfAGRfS1TNlH0EmxNfegqTsiwzYk6reM&v=weekly&callback=initGoogleMaps&libraries=marker:1187
[  822811ms] [ERROR] The map is initialized without a valid Map ID, which will prevent use of Advanced Markers. @ https://maps.googleapis.com/maps/api/js?key=AIzaSyBNfAGRfS1TNlH0EmxNfegqTsiwzYk6reM&v=weekly&callback=initGoogleMaps&libraries=marker:1187
[  823479ms] [ERROR] The map is initialized without a valid Map ID, which will prevent use of Advanced Markers. @ https://maps.googleapis.com/maps/api/js?key=AIzaSyBNfAGRfS1TNlH0EmxNfegqTsiwzYk6reM&v=weekly&callback=initGoogleMaps&libraries=marker:1187
[  823690ms] [ERROR] The map is initialized without a valid Map ID, which will prevent use of Advanced Markers. @ https://maps.googleapis.com/maps/api/js?key=AIzaSyBNfAGRfS1TNlH0EmxNfegqTsiwzYk6reM&v=weekly&callback=initGoogleMaps&libraries=marker:1187
[  823836ms] [ERROR] The map is initialized without a valid Map ID, which will prevent use of Advanced Markers. @ https://maps.googleapis.com/maps/api/js?key=AIzaSyBNfAGRfS1TNlH0EmxNfegqTsiwzYk6reM&v=weekly&callback=initGoogleMaps&libraries=marker:1187
[  824418ms] [ERROR] The map is initialized without a valid Map ID, which will prevent use of Advanced Markers. @ https://maps.googleapis.com/maps/api/js?key=AIzaSyBNfAGRfS1TNlH0EmxNfegqTsiwzYk6reM&v=weekly&callback=initGoogleMaps&libraries=marker:1187
[  824546ms] [ERROR] The map is initialized without a valid Map ID, which will prevent use of Advanced Markers. @ https://maps.googleapis.com/maps/api/js?key=AIzaSyBNfAGRfS1TNlH0EmxNfegqTsiwzYk6reM&v=weekly&callback=initGoogleMaps&libraries=marker:1187
[  824689ms] [ERROR] The map is initialized without a valid Map ID, which will prevent use of Advanced Markers. @ https://maps.googleapis.com/maps/api/js?key=AIzaSyBNfAGRfS1TNlH0EmxNfegqTsiwzYk6reM&v=weekly&callback=initGoogleMaps&libraries=marker:1187
[  824738ms] [ERROR] The map is initialized without a valid Map ID, which will prevent use of Advanced Markers. @ https://maps.googleapis.com/maps/api/js?key=AIzaSyBNfAGRfS1TNlH0EmxNfegqTsiwzYk6reM&v=weekly&callback=initGoogleMaps&libraries=marker:1187
[  824911ms] [ERROR] The map is initialized without a valid Map ID, which will prevent use of Advanced Markers. @ https://maps.googleapis.com/maps/api/js?key=AIzaSyBNfAGRfS1TNlH0EmxNfegqTsiwzYk6reM&v=weekly&callback=initGoogleMaps&libraries=marker:1187
[  825086ms] [ERROR] The map is initialized without a valid Map ID, which will prevent use of Advanced Markers. @ https://maps.googleapis.com/maps/api/js?key=AIzaSyBNfAGRfS1TNlH0EmxNfegqTsiwzYk6reM&v=weekly&callback=initGoogleMaps&libraries=marker:1187
[  825227ms] [ERROR] The map is initialized without a valid Map ID, which will prevent use of Advanced Markers. @ https://maps.googleapis.com/maps/api/js?key=AIzaSyBNfAGRfS1TNlH0EmxNfegqTsiwzYk6reM&v=weekly&callback=initGoogleMaps&libraries=marker:1187
[  825496ms] [ERROR] The map is initialized without a valid Map ID, which will prevent use of Advanced Markers. @ https://maps.googleapis.com/maps/api/js?key=AIzaSyBNfAGRfS1TNlH0EmxNfegqTsiwzYk6reM&v=weekly&callback=initGoogleMaps&libraries=marker:1187
[  825795ms] [ERROR] The map is initialized without a valid Map ID, which will prevent use of Advanced Markers. @ https://maps.googleapis.com/maps/api/js?key=AIzaSyBNfAGRfS1TNlH0EmxNfegqTsiwzYk6reM&v=weekly&callback=initGoogleMaps&libraries=marker:1187
[  826080ms] [ERROR] The map is initialized without a valid Map ID, which will prevent use of Advanced Markers. @ https://maps.googleapis.com/maps/api/js?key=AIzaSyBNfAGRfS1TNlH0EmxNfegqTsiwzYk6reM&v=weekly&callback=initGoogleMaps&libraries=marker:1187
[  826337ms] [ERROR] The map is initialized without a valid Map ID, which will prevent use of Advanced Markers. @ https://maps.googleapis.com/maps/api/js?key=AIzaSyBNfAGRfS1TNlH0EmxNfegqTsiwzYk6reM&v=weekly&callback=initGoogleMaps&libraries=marker:1187
[  826510ms] [ERROR] The map is initialized without a valid Map ID, which will prevent use of Advanced Markers. @ https://maps.googleapis.com/maps/api/js?key=AIzaSyBNfAGRfS1TNlH0EmxNfegqTsiwzYk6reM&v=weekly&callback=initGoogleMaps&libraries=marker:1187
[  826871ms] [ERROR] The map is initialized without a valid Map ID, which will prevent use of Advanced Markers. @ https://maps.googleapis.com/maps/api/js?key=AIzaSyBNfAGRfS1TNlH0EmxNfegqTsiwzYk6reM&v=weekly&callback=initGoogleMaps&libraries=marker:1187
[  827148ms] [ERROR] The map is initialized without a valid Map ID, which will prevent use of Advanced Markers. @ https://maps.googleapis.com/maps/api/js?key=AIzaSyBNfAGRfS1TNlH0EmxNfegqTsiwzYk6reM&v=weekly&callback=initGoogleMaps&libraries=marker:1187
[  827516ms] [ERROR] The map is initialized without a valid Map ID, which will prevent use of Advanced Markers. @ https://maps.googleapis.com/maps/api/js?key=AIzaSyBNfAGRfS1TNlH0EmxNfegqTsiwzYk6reM&v=weekly&callback=initGoogleMaps&libraries=marker:1187
[  827655ms] [ERROR] The map is initialized without a valid Map ID, which will prevent use of Advanced Markers. @ https://maps.googleapis.com/maps/api/js?key=AIzaSyBNfAGRfS1TNlH0EmxNfegqTsiwzYk6reM&v=weekly&callback=initGoogleMaps&libraries=marker:1187
[  827778ms] [ERROR] The map is initialized without a valid Map ID, which will prevent use of Advanced Markers. @ https://maps.googleapis.com/maps/api/js?key=AIzaSyBNfAGRfS1TNlH0EmxNfegqTsiwzYk6reM&v=weekly&callback=initGoogleMaps&libraries=marker:1187
[  828111ms] [ERROR] The map is initialized without a valid Map ID, which will prevent use of Advanced Markers. @ https://maps.googleapis.com/maps/api/js?key=AIzaSyBNfAGRfS1TNlH0EmxNfegqTsiwzYk6reM&v=weekly&callback=initGoogleMaps&libraries=marker:1187
[  828716ms] [ERROR] The map is initialized without a valid Map ID, which will prevent use of Advanced Markers. @ https://maps.googleapis.com/maps/api/js?key=AIzaSyBNfAGRfS1TNlH0EmxNfegqTsiwzYk6reM&v=weekly&callback=initGoogleMaps&libraries=marker:1187
[  829051ms] [ERROR] The map is initialized without a valid Map ID, which will prevent use of Advanced Markers. @ https://maps.googleapis.com/maps/api/js?key=AIzaSyBNfAGRfS1TNlH0EmxNfegqTsiwzYk6reM&v=weekly&callback=initGoogleMaps&libraries=marker:1187
[  829308ms] [ERROR] The map is initialized without a valid Map ID, which will prevent use of Advanced Markers. @ https://maps.googleapis.com/maps/api/js?key=AIzaSyBNfAGRfS1TNlH0EmxNfegqTsiwzYk6reM&v=weekly&callback=initGoogleMaps&libraries=marker:1187
[  829455ms] [ERROR] The map is initialized without a valid Map ID, which will prevent use of Advanced Markers. @ https://maps.googleapis.com/maps/api/js?key=AIzaSyBNfAGRfS1TNlH0EmxNfegqTsiwzYk6reM&v=weekly&callback=initGoogleMaps&libraries=marker:1187
[  829698ms] [ERROR] The map is initialized without a valid Map ID, which will prevent use of Advanced Markers. @ https://maps.googleapis.com/maps/api/js?key=AIzaSyBNfAGRfS1TNlH0EmxNfegqTsiwzYk6reM&v=weekly&callback=initGoogleMaps&libraries=marker:1187
[  829819ms] [ERROR] The map is initialized without a valid Map ID, which will prevent use of Advanced Markers. @ https://maps.googleapis.com/maps/api/js?key=AIzaSyBNfAGRfS1TNlH0EmxNfegqTsiwzYk6reM&v=weekly&callback=initGoogleMaps&libraries=marker:1187
[  829914ms] [ERROR] The map is initialized without a valid Map ID, which will prevent use of Advanced Markers. @ https://maps.googleapis.com/maps/api/js?key=AIzaSyBNfAGRfS1TNlH0EmxNfegqTsiwzYk6reM&v=weekly&callback=initGoogleMaps&libraries=marker:1187
[  830570ms] [ERROR] The map is initialized without a valid Map ID, which will prevent use of Advanced Markers. @ https://maps.googleapis.com/maps/api/js?key=AIzaSyBNfAGRfS1TNlH0EmxNfegqTsiwzYk6reM&v=weekly&callback=initGoogleMaps&libraries=marker:1187
[  830891ms] [ERROR] The map is initialized without a valid Map ID, which will prevent use of Advanced Markers. @ https://maps.googleapis.com/maps/api/js?key=AIzaSyBNfAGRfS1TNlH0EmxNfegqTsiwzYk6reM&v=weekly&callback=initGoogleMaps&libraries=marker:1187
[  831470ms] [ERROR] The map is initialized without a valid Map ID, which will prevent use of Advanced Markers. @ https://maps.googleapis.com/maps/api/js?key=AIzaSyBNfAGRfS1TNlH0EmxNfegqTsiwzYk6reM&v=weekly&callback=initGoogleMaps&libraries=marker:1187
[  831691ms] [ERROR] The map is initialized without a valid Map ID, which will prevent use of Advanced Markers. @ https://maps.googleapis.com/maps/api/js?key=AIzaSyBNfAGRfS1TNlH0EmxNfegqTsiwzYk6reM&v=weekly&callback=initGoogleMaps&libraries=marker:1187
[  832273ms] [ERROR] The map is initialized without a valid Map ID, which will prevent use of Advanced Markers. @ https://maps.googleapis.com/maps/api/js?key=AIzaSyBNfAGRfS1TNlH0EmxNfegqTsiwzYk6reM&v=weekly&callback=initGoogleMaps&libraries=marker:1187
[  832574ms] [ERROR] The map is initialized without a valid Map ID, which will prevent use of Advanced Markers. @ https://maps.googleapis.com/maps/api/js?key=AIzaSyBNfAGRfS1TNlH0EmxNfegqTsiwzYk6reM&v=weekly&callback=initGoogleMaps&libraries=marker:1187
[  832997ms] [ERROR] The map is initialized without a valid Map ID, which will prevent use of Advanced Markers. @ https://maps.googleapis.com/maps/api/js?key=AIzaSyBNfAGRfS1TNlH0EmxNfegqTsiwzYk6reM&v=weekly&callback=initGoogleMaps&libraries=marker:1187
[  833283ms] [ERROR] The map is initialized without a valid Map ID, which will prevent use of Advanced Markers. @ https://maps.googleapis.com/maps/api/js?key=AIzaSyBNfAGRfS1TNlH0EmxNfegqTsiwzYk6reM&v=weekly&callback=initGoogleMaps&libraries=marker:1187
[  833691ms] [ERROR] The map is initialized without a valid Map ID, which will prevent use of Advanced Markers. @ https://maps.googleapis.com/maps/api/js?key=AIzaSyBNfAGRfS1TNlH0EmxNfegqTsiwzYk6reM&v=weekly&callback=initGoogleMaps&libraries=marker:1187
[  834078ms] [ERROR] The map is initialized without a valid Map ID, which will prevent use of Advanced Markers. @ https://maps.googleapis.com/maps/api/js?key=AIzaSyBNfAGRfS1TNlH0EmxNfegqTsiwzYk6reM&v=weekly&callback=initGoogleMaps&libraries=marker:1187
[  834293ms] [ERROR] The map is initialized without a valid Map ID, which will prevent use of Advanced Markers. @ https://maps.googleapis.com/maps/api/js?key=AIzaSyBNfAGRfS1TNlH0EmxNfegqTsiwzYk6reM&v=weekly&callback=initGoogleMaps&libraries=marker:1187
[  834537ms] [ERROR] The map is initialized without a valid Map ID, which will prevent use of Advanced Markers. @ https://maps.googleapis.com/maps/api/js?key=AIzaSyBNfAGRfS1TNlH0EmxNfegqTsiwzYk6reM&v=weekly&callback=initGoogleMaps&libraries=marker:1187
[  834795ms] [ERROR] The map is initialized without a valid Map ID, which will prevent use of Advanced Markers. @ https://maps.googleapis.com/maps/api/js?key=AIzaSyBNfAGRfS1TNlH0EmxNfegqTsiwzYk6reM&v=weekly&callback=initGoogleMaps&libraries=marker:1187
[  835479ms] [ERROR] The map is initialized without a valid Map ID, which will prevent use of Advanced Markers. @ https://maps.googleapis.com/maps/api/js?key=AIzaSyBNfAGRfS1TNlH0EmxNfegqTsiwzYk6reM&v=weekly&callback=initGoogleMaps&libraries=marker:1187
[  835815ms] [ERROR] The map is initialized without a valid Map ID, which will prevent use of Advanced Markers. @ https://maps.googleapis.com/maps/api/js?key=AIzaSyBNfAGRfS1TNlH0EmxNfegqTsiwzYk6reM&v=weekly&callback=initGoogleMaps&libraries=marker:1187
[  836678ms] [ERROR] The map is initialized without a valid Map ID, which will prevent use of Advanced Markers. @ https://maps.googleapis.com/maps/api/js?key=AIzaSyBNfAGRfS1TNlH0EmxNfegqTsiwzYk6reM&v=weekly&callback=initGoogleMaps&libraries=marker:1187
[  838401ms] [ERROR] The map is initialized without a valid Map ID, which will prevent use of Advanced Markers. @ https://maps.googleapis.com/maps/api/js?key=AIzaSyBNfAGRfS1TNlH0EmxNfegqTsiwzYk6reM&v=weekly&callback=initGoogleMaps&libraries=marker:1187
[  838515ms] [ERROR] The map is initialized without a valid Map ID, which will prevent use of Advanced Markers. @ https://maps.googleapis.com/maps/api/js?key=AIzaSyBNfAGRfS1TNlH0EmxNfegqTsiwzYk6reM&v=weekly&callback=initGoogleMaps&libraries=marker:1187
[  839524ms] [ERROR] The map is initialized without a valid Map ID, which will prevent use of Advanced Markers. @ https://maps.googleapis.com/maps/api/js?key=AIzaSyBNfAGRfS1TNlH0EmxNfegqTsiwzYk6reM&v=weekly&callback=initGoogleMaps&libraries=marker:1187
[  839709ms] [ERROR] The map is initialized without a valid Map ID, which will prevent use of Advanced Markers. @ https://maps.googleapis.com/maps/api/js?key=AIzaSyBNfAGRfS1TNlH0EmxNfegqTsiwzYk6reM&v=weekly&callback=initGoogleMaps&libraries=marker:1187
[  840324ms] [ERROR] The map is initialized without a valid Map ID, which will prevent use of Advanced Markers. @ https://maps.googleapis.com/maps/api/js?key=AIzaSyBNfAGRfS1TNlH0EmxNfegqTsiwzYk6reM&v=weekly&callback=initGoogleMaps&libraries=marker:1187
[  840707ms] [ERROR] The map is initialized without a valid Map ID, which will prevent use of Advanced Markers. @ https://maps.googleapis.com/maps/api/js?key=AIzaSyBNfAGRfS1TNlH0EmxNfegqTsiwzYk6reM&v=weekly&callback=initGoogleMaps&libraries=marker:1187
[  841149ms] [ERROR] The map is initialized without a valid Map ID, which will prevent use of Advanced Markers. @ https://maps.googleapis.com/maps/api/js?key=AIzaSyBNfAGRfS1TNlH0EmxNfegqTsiwzYk6reM&v=weekly&callback=initGoogleMaps&libraries=marker:1187
[  841416ms] [ERROR] The map is initialized without a valid Map ID, which will prevent use of Advanced Markers. @ https://maps.googleapis.com/maps/api/js?key=AIzaSyBNfAGRfS1TNlH0EmxNfegqTsiwzYk6reM&v=weekly&callback=initGoogleMaps&libraries=marker:1187
[  841896ms] [ERROR] The map is initialized without a valid Map ID, which will prevent use of Advanced Markers. @ https://maps.googleapis.com/maps/api/js?key=AIzaSyBNfAGRfS1TNlH0EmxNfegqTsiwzYk6reM&v=weekly&callback=initGoogleMaps&libraries=marker:1187
[  842494ms] [ERROR] The map is initialized without a valid Map ID, which will prevent use of Advanced Markers. @ https://maps.googleapis.com/maps/api/js?key=AIzaSyBNfAGRfS1TNlH0EmxNfegqTsiwzYk6reM&v=weekly&callback=initGoogleMaps&libraries=marker:1187
[  842811ms] [ERROR] The map is initialized without a valid Map ID, which will prevent use of Advanced Markers. @ https://maps.googleapis.com/maps/api/js?key=AIzaSyBNfAGRfS1TNlH0EmxNfegqTsiwzYk6reM&v=weekly&callback=initGoogleMaps&libraries=marker:1187
[  843105ms] [ERROR] The map is initialized without a valid Map ID, which will prevent use of Advanced Markers. @ https://maps.googleapis.com/maps/api/js?key=AIzaSyBNfAGRfS1TNlH0EmxNfegqTsiwzYk6reM&v=weekly&callback=initGoogleMaps&libraries=marker:1187
[  843588ms] [ERROR] The map is initialized without a valid Map ID, which will prevent use of Advanced Markers. @ https://maps.googleapis.com/maps/api/js?key=AIzaSyBNfAGRfS1TNlH0EmxNfegqTsiwzYk6reM&v=weekly&callback=initGoogleMaps&libraries=marker:1187
[  844099ms] [ERROR] The map is initialized without a valid Map ID, which will prevent use of Advanced Markers. @ https://maps.googleapis.com/maps/api/js?key=AIzaSyBNfAGRfS1TNlH0EmxNfegqTsiwzYk6reM&v=weekly&callback=initGoogleMaps&libraries=marker:1187
[  844235ms] [ERROR] The map is initialized without a valid Map ID, which will prevent use of Advanced Markers. @ https://maps.googleapis.com/maps/api/js?key=AIzaSyBNfAGRfS1TNlH0EmxNfegqTsiwzYk6reM&v=weekly&callback=initGoogleMaps&libraries=marker:1187
[  844404ms] [ERROR] The map is initialized without a valid Map ID, which will prevent use of Advanced Markers. @ https://maps.googleapis.com/maps/api/js?key=AIzaSyBNfAGRfS1TNlH0EmxNfegqTsiwzYk6reM&v=weekly&callback=initGoogleMaps&libraries=marker:1187
[  844795ms] [ERROR] The map is initialized without a valid Map ID, which will prevent use of Advanced Markers. @ https://maps.googleapis.com/maps/api/js?key=AIzaSyBNfAGRfS1TNlH0EmxNfegqTsiwzYk6reM&v=weekly&callback=initGoogleMaps&libraries=marker:1187
[  845023ms] [ERROR] The map is initialized without a valid Map ID, which will prevent use of Advanced Markers. @ https://maps.googleapis.com/maps/api/js?key=AIzaSyBNfAGRfS1TNlH0EmxNfegqTsiwzYk6reM&v=weekly&callback=initGoogleMaps&libraries=marker:1187
[  845972ms] [ERROR] The map is initialized without a valid Map ID, which will prevent use of Advanced Markers. @ https://maps.googleapis.com/maps/api/js?key=AIzaSyBNfAGRfS1TNlH0EmxNfegqTsiwzYk6reM&v=weekly&callback=initGoogleMaps&libraries=marker:1187
[  846202ms] [ERROR] The map is initialized without a valid Map ID, which will prevent use of Advanced Markers. @ https://maps.googleapis.com/maps/api/js?key=AIzaSyBNfAGRfS1TNlH0EmxNfegqTsiwzYk6reM&v=weekly&callback=initGoogleMaps&libraries=marker:1187
[  846606ms] [ERROR] The map is initialized without a valid Map ID, which will prevent use of Advanced Markers. @ https://maps.googleapis.com/maps/api/js?key=AIzaSyBNfAGRfS1TNlH0EmxNfegqTsiwzYk6reM&v=weekly&callback=initGoogleMaps&libraries=marker:1187
[  846877ms] [ERROR] The map is initialized without a valid Map ID, which will prevent use of Advanced Markers. @ https://maps.googleapis.com/maps/api/js?key=AIzaSyBNfAGRfS1TNlH0EmxNfegqTsiwzYk6reM&v=weekly&callback=initGoogleMaps&libraries=marker:1187
[  847192ms] [ERROR] The map is initialized without a valid Map ID, which will prevent use of Advanced Markers. @ https://maps.googleapis.com/maps/api/js?key=AIzaSyBNfAGRfS1TNlH0EmxNfegqTsiwzYk6reM&v=weekly&callback=initGoogleMaps&libraries=marker:1187
[  847870ms] [ERROR] The map is initialized without a valid Map ID, which will prevent use of Advanced Markers. @ https://maps.googleapis.com/maps/api/js?key=AIzaSyBNfAGRfS1TNlH0EmxNfegqTsiwzYk6reM&v=weekly&callback=initGoogleMaps&libraries=marker:1187
[  848088ms] [ERROR] The map is initialized without a valid Map ID, which will prevent use of Advanced Markers. @ https://maps.googleapis.com/maps/api/js?key=AIzaSyBNfAGRfS1TNlH0EmxNfegqTsiwzYk6reM&v=weekly&callback=initGoogleMaps&libraries=marker:1187
[  848503ms] [ERROR] The map is initialized without a valid Map ID, which will prevent use of Advanced Markers. @ https://maps.googleapis.com/maps/api/js?key=AIzaSyBNfAGRfS1TNlH0EmxNfegqTsiwzYk6reM&v=weekly&callback=initGoogleMaps&libraries=marker:1187
[  849002ms] [ERROR] The map is initialized without a valid Map ID, which will prevent use of Advanced Markers. @ https://maps.googleapis.com/maps/api/js?key=AIzaSyBNfAGRfS1TNlH0EmxNfegqTsiwzYk6reM&v=weekly&callback=initGoogleMaps&libraries=marker:1187
[  849573ms] [ERROR] The map is initialized without a valid Map ID, which will prevent use of Advanced Markers. @ https://maps.googleapis.com/maps/api/js?key=AIzaSyBNfAGRfS1TNlH0EmxNfegqTsiwzYk6reM&v=weekly&callback=initGoogleMaps&libraries=marker:1187
[  849724ms] [ERROR] The map is initialized without a valid Map ID, which will prevent use of Advanced Markers. @ https://maps.googleapis.com/maps/api/js?key=AIzaSyBNfAGRfS1TNlH0EmxNfegqTsiwzYk6reM&v=weekly&callback=initGoogleMaps&libraries=marker:1187
[  849919ms] [ERROR] The map is initialized without a valid Map ID, which will prevent use of Advanced Markers. @ https://maps.googleapis.com/maps/api/js?key=AIzaSyBNfAGRfS1TNlH0EmxNfegqTsiwzYk6reM&v=weekly&callback=initGoogleMaps&libraries=marker:1187
[  850287ms] [ERROR] The map is initialized without a valid Map ID, which will prevent use of Advanced Markers. @ https://maps.googleapis.com/maps/api/js?key=AIzaSyBNfAGRfS1TNlH0EmxNfegqTsiwzYk6reM&v=weekly&callback=initGoogleMaps&libraries=marker:1187
[  850495ms] [ERROR] The map is initialized without a valid Map ID, which will prevent use of Advanced Markers. @ https://maps.googleapis.com/maps/api/js?key=AIzaSyBNfAGRfS1TNlH0EmxNfegqTsiwzYk6reM&v=weekly&callback=initGoogleMaps&libraries=marker:1187
[  850808ms] [ERROR] The map is initialized without a valid Map ID, which will prevent use of Advanced Markers. @ https://maps.googleapis.com/maps/api/js?key=AIzaSyBNfAGRfS1TNlH0EmxNfegqTsiwzYk6reM&v=weekly&callback=initGoogleMaps&libraries=marker:1187
[  851016ms] [ERROR] The map is initialized without a valid Map ID, which will prevent use of Advanced Markers. @ https://maps.googleapis.com/maps/api/js?key=AIzaSyBNfAGRfS1TNlH0EmxNfegqTsiwzYk6reM&v=weekly&callback=initGoogleMaps&libraries=marker:1187
[  851210ms] [ERROR] The map is initialized without a valid Map ID, which will prevent use of Advanced Markers. @ https://maps.googleapis.com/maps/api/js?key=AIzaSyBNfAGRfS1TNlH0EmxNfegqTsiwzYk6reM&v=weekly&callback=initGoogleMaps&libraries=marker:1187
[  851392ms] [ERROR] The map is initialized without a valid Map ID, which will prevent use of Advanced Markers. @ https://maps.googleapis.com/maps/api/js?key=AIzaSyBNfAGRfS1TNlH0EmxNfegqTsiwzYk6reM&v=weekly&callback=initGoogleMaps&libraries=marker:1187
[  852033ms] [ERROR] The map is initialized without a valid Map ID, which will prevent use of Advanced Markers. @ https://maps.googleapis.com/maps/api/js?key=AIzaSyBNfAGRfS1TNlH0EmxNfegqTsiwzYk6reM&v=weekly&callback=initGoogleMaps&libraries=marker:1187
[  852507ms] [ERROR] The map is initialized without a valid Map ID, which will prevent use of Advanced Markers. @ https://maps.googleapis.com/maps/api/js?key=AIzaSyBNfAGRfS1TNlH0EmxNfegqTsiwzYk6reM&v=weekly&callback=initGoogleMaps&libraries=marker:1187
[  852780ms] [ERROR] The map is initialized without a valid Map ID, which will prevent use of Advanced Markers. @ https://maps.googleapis.com/maps/api/js?key=AIzaSyBNfAGRfS1TNlH0EmxNfegqTsiwzYk6reM&v=weekly&callback=initGoogleMaps&libraries=marker:1187
[  853526ms] [ERROR] The map is initialized without a valid Map ID, which will prevent use of Advanced Markers. @ https://maps.googleapis.com/maps/api/js?key=AIzaSyBNfAGRfS1TNlH0EmxNfegqTsiwzYk6reM&v=weekly&callback=initGoogleMaps&libraries=marker:1187
[  853696ms] [ERROR] The map is initialized without a valid Map ID, which will prevent use of Advanced Markers. @ https://maps.googleapis.com/maps/api/js?key=AIzaSyBNfAGRfS1TNlH0EmxNfegqTsiwzYk6reM&v=weekly&callback=initGoogleMaps&libraries=marker:1187
[  854261ms] [ERROR] The map is initialized without a valid Map ID, which will prevent use of Advanced Markers. @ https://maps.googleapis.com/maps/api/js?key=AIzaSyBNfAGRfS1TNlH0EmxNfegqTsiwzYk6reM&v=weekly&callback=initGoogleMaps&libraries=marker:1187
[  854476ms] [ERROR] The map is initialized without a valid Map ID, which will prevent use of Advanced Markers. @ https://maps.googleapis.com/maps/api/js?key=AIzaSyBNfAGRfS1TNlH0EmxNfegqTsiwzYk6reM&v=weekly&callback=initGoogleMaps&libraries=marker:1187
[  854576ms] [ERROR] The map is initialized without a valid Map ID, which will prevent use of Advanced Markers. @ https://maps.googleapis.com/maps/api/js?key=AIzaSyBNfAGRfS1TNlH0EmxNfegqTsiwzYk6reM&v=weekly&callback=initGoogleMaps&libraries=marker:1187
[  854813ms] [ERROR] The map is initialized without a valid Map ID, which will prevent use of Advanced Markers. @ https://maps.googleapis.com/maps/api/js?key=AIzaSyBNfAGRfS1TNlH0EmxNfegqTsiwzYk6reM&v=weekly&callback=initGoogleMaps&libraries=marker:1187
[  855119ms] [ERROR] The map is initialized without a valid Map ID, which will prevent use of Advanced Markers. @ https://maps.googleapis.com/maps/api/js?key=AIzaSyBNfAGRfS1TNlH0EmxNfegqTsiwzYk6reM&v=weekly&callback=initGoogleMaps&libraries=marker:1187
[  855220ms] [ERROR] The map is initialized without a valid Map ID, which will prevent use of Advanced Markers. @ https://maps.googleapis.com/maps/api/js?key=AIzaSyBNfAGRfS1TNlH0EmxNfegqTsiwzYk6reM&v=weekly&callback=initGoogleMaps&libraries=marker:1187
[  855868ms] [ERROR] The map is initialized without a valid Map ID, which will prevent use of Advanced Markers. @ https://maps.googleapis.com/maps/api/js?key=AIzaSyBNfAGRfS1TNlH0EmxNfegqTsiwzYk6reM&v=weekly&callback=initGoogleMaps&libraries=marker:1187
[  855954ms] [ERROR] The map is initialized without a valid Map ID, which will prevent use of Advanced Markers. @ https://maps.googleapis.com/maps/api/js?key=AIzaSyBNfAGRfS1TNlH0EmxNfegqTsiwzYk6reM&v=weekly&callback=initGoogleMaps&libraries=marker:1187
[  856150ms] [ERROR] The map is initialized without a valid Map ID, which will prevent use of Advanced Markers. @ https://maps.googleapis.com/maps/api/js?key=AIzaSyBNfAGRfS1TNlH0EmxNfegqTsiwzYk6reM&v=weekly&callback=initGoogleMaps&libraries=marker:1187
[  856377ms] [ERROR] The map is initialized without a valid Map ID, which will prevent use of Advanced Markers. @ https://maps.googleapis.com/maps/api/js?key=AIzaSyBNfAGRfS1TNlH0EmxNfegqTsiwzYk6reM&v=weekly&callback=initGoogleMaps&libraries=marker:1187
[  856739ms] [ERROR] The map is initialized without a valid Map ID, which will prevent use of Advanced Markers. @ https://maps.googleapis.com/maps/api/js?key=AIzaSyBNfAGRfS1TNlH0EmxNfegqTsiwzYk6reM&v=weekly&callback=initGoogleMaps&libraries=marker:1187
[  857099ms] [ERROR] The map is initialized without a valid Map ID, which will prevent use of Advanced Markers. @ https://maps.googleapis.com/maps/api/js?key=AIzaSyBNfAGRfS1TNlH0EmxNfegqTsiwzYk6reM&v=weekly&callback=initGoogleMaps&libraries=marker:1187
[  857421ms] [ERROR] The map is initialized without a valid Map ID, which will prevent use of Advanced Markers. @ https://maps.googleapis.com/maps/api/js?key=AIzaSyBNfAGRfS1TNlH0EmxNfegqTsiwzYk6reM&v=weekly&callback=initGoogleMaps&libraries=marker:1187
[  857595ms] [ERROR] The map is initialized without a valid Map ID, which will prevent use of Advanced Markers. @ https://maps.googleapis.com/maps/api/js?key=AIzaSyBNfAGRfS1TNlH0EmxNfegqTsiwzYk6reM&v=weekly&callback=initGoogleMaps&libraries=marker:1187
[  857801ms] [ERROR] The map is initialized without a valid Map ID, which will prevent use of Advanced Markers. @ https://maps.googleapis.com/maps/api/js?key=AIzaSyBNfAGRfS1TNlH0EmxNfegqTsiwzYk6reM&v=weekly&callback=initGoogleMaps&libraries=marker:1187
[  858194ms] [ERROR] The map is initialized without a valid Map ID, which will prevent use of Advanced Markers. @ https://maps.googleapis.com/maps/api/js?key=AIzaSyBNfAGRfS1TNlH0EmxNfegqTsiwzYk6reM&v=weekly&callback=initGoogleMaps&libraries=marker:1187
[  858704ms] [ERROR] The map is initialized without a valid Map ID, which will prevent use of Advanced Markers. @ https://maps.googleapis.com/maps/api/js?key=AIzaSyBNfAGRfS1TNlH0EmxNfegqTsiwzYk6reM&v=weekly&callback=initGoogleMaps&libraries=marker:1187
[  859019ms] [ERROR] The map is initialized without a valid Map ID, which will prevent use of Advanced Markers. @ https://maps.googleapis.com/maps/api/js?key=AIzaSyBNfAGRfS1TNlH0EmxNfegqTsiwzYk6reM&v=weekly&callback=initGoogleMaps&libraries=marker:1187
[  859434ms] [ERROR] The map is initialized without a valid Map ID, which will prevent use of Advanced Markers. @ https://maps.googleapis.com/maps/api/js?key=AIzaSyBNfAGRfS1TNlH0EmxNfegqTsiwzYk6reM&v=weekly&callback=initGoogleMaps&libraries=marker:1187
[  859725ms] [ERROR] The map is initialized without a valid Map ID, which will prevent use of Advanced Markers. @ https://maps.googleapis.com/maps/api/js?key=AIzaSyBNfAGRfS1TNlH0EmxNfegqTsiwzYk6reM&v=weekly&callback=initGoogleMaps&libraries=marker:1187
[  859842ms] [ERROR] The map is initialized without a valid Map ID, which will prevent use of Advanced Markers. @ https://maps.googleapis.com/maps/api/js?key=AIzaSyBNfAGRfS1TNlH0EmxNfegqTsiwzYk6reM&v=weekly&callback=initGoogleMaps&libraries=marker:1187
[  860517ms] [ERROR] The map is initialized without a valid Map ID, which will prevent use of Advanced Markers. @ https://maps.googleapis.com/maps/api/js?key=AIzaSyBNfAGRfS1TNlH0EmxNfegqTsiwzYk6reM&v=weekly&callback=initGoogleMaps&libraries=marker:1187
[  861070ms] [ERROR] The map is initialized without a valid Map ID, which will prevent use of Advanced Markers. @ https://maps.googleapis.com/maps/api/js?key=AIzaSyBNfAGRfS1TNlH0EmxNfegqTsiwzYk6reM&v=weekly&callback=initGoogleMaps&libraries=marker:1187
[  861383ms] [ERROR] The map is initialized without a valid Map ID, which will prevent use of Advanced Markers. @ https://maps.googleapis.com/maps/api/js?key=AIzaSyBNfAGRfS1TNlH0EmxNfegqTsiwzYk6reM&v=weekly&callback=initGoogleMaps&libraries=marker:1187
[  861689ms] [ERROR] The map is initialized without a valid Map ID, which will prevent use of Advanced Markers. @ https://maps.googleapis.com/maps/api/js?key=AIzaSyBNfAGRfS1TNlH0EmxNfegqTsiwzYk6reM&v=weekly&callback=initGoogleMaps&libraries=marker:1187
[  861992ms] [ERROR] The map is initialized without a valid Map ID, which will prevent use of Advanced Markers. @ https://maps.googleapis.com/maps/api/js?key=AIzaSyBNfAGRfS1TNlH0EmxNfegqTsiwzYk6reM&v=weekly&callback=initGoogleMaps&libraries=marker:1187
[  862397ms] [ERROR] The map is initialized without a valid Map ID, which will prevent use of Advanced Markers. @ https://maps.googleapis.com/maps/api/js?key=AIzaSyBNfAGRfS1TNlH0EmxNfegqTsiwzYk6reM&v=weekly&callback=initGoogleMaps&libraries=marker:1187
[  862580ms] [ERROR] The map is initialized without a valid Map ID, which will prevent use of Advanced Markers. @ https://maps.googleapis.com/maps/api/js?key=AIzaSyBNfAGRfS1TNlH0EmxNfegqTsiwzYk6reM&v=weekly&callback=initGoogleMaps&libraries=marker:1187
[  862897ms] [ERROR] The map is initialized without a valid Map ID, which will prevent use of Advanced Markers. @ https://maps.googleapis.com/maps/api/js?key=AIzaSyBNfAGRfS1TNlH0EmxNfegqTsiwzYk6reM&v=weekly&callback=initGoogleMaps&libraries=marker:1187
[  863112ms] [ERROR] The map is initialized without a valid Map ID, which will prevent use of Advanced Markers. @ https://maps.googleapis.com/maps/api/js?key=AIzaSyBNfAGRfS1TNlH0EmxNfegqTsiwzYk6reM&v=weekly&callback=initGoogleMaps&libraries=marker:1187
[  863570ms] [ERROR] The map is initialized without a valid Map ID, which will prevent use of Advanced Markers. @ https://maps.googleapis.com/maps/api/js?key=AIzaSyBNfAGRfS1TNlH0EmxNfegqTsiwzYk6reM&v=weekly&callback=initGoogleMaps&libraries=marker:1187
[  863809ms] [ERROR] The map is initialized without a valid Map ID, which will prevent use of Advanced Markers. @ https://maps.googleapis.com/maps/api/js?key=AIzaSyBNfAGRfS1TNlH0EmxNfegqTsiwzYk6reM&v=weekly&callback=initGoogleMaps&libraries=marker:1187
[  864205ms] [ERROR] The map is initialized without a valid Map ID, which will prevent use of Advanced Markers. @ https://maps.googleapis.com/maps/api/js?key=AIzaSyBNfAGRfS1TNlH0EmxNfegqTsiwzYk6reM&v=weekly&callback=initGoogleMaps&libraries=marker:1187
[  864516ms] [ERROR] The map is initialized without a valid Map ID, which will prevent use of Advanced Markers. @ https://maps.googleapis.com/maps/api/js?key=AIzaSyBNfAGRfS1TNlH0EmxNfegqTsiwzYk6reM&v=weekly&callback=initGoogleMaps&libraries=marker:1187
[  864813ms] [ERROR] The map is initialized without a valid Map ID, which will prevent use of Advanced Markers. @ https://maps.googleapis.com/maps/api/js?key=AIzaSyBNfAGRfS1TNlH0EmxNfegqTsiwzYk6reM&v=weekly&callback=initGoogleMaps&libraries=marker:1187
[  865174ms] [ERROR] The map is initialized without a valid Map ID, which will prevent use of Advanced Markers. @ https://maps.googleapis.com/maps/api/js?key=AIzaSyBNfAGRfS1TNlH0EmxNfegqTsiwzYk6reM&v=weekly&callback=initGoogleMaps&libraries=marker:1187
[  865597ms] [ERROR] The map is initialized without a valid Map ID, which will prevent use of Advanced Markers. @ https://maps.googleapis.com/maps/api/js?key=AIzaSyBNfAGRfS1TNlH0EmxNfegqTsiwzYk6reM&v=weekly&callback=initGoogleMaps&libraries=marker:1187
[  865837ms] [ERROR] The map is initialized without a valid Map ID, which will prevent use of Advanced Markers. @ https://maps.googleapis.com/maps/api/js?key=AIzaSyBNfAGRfS1TNlH0EmxNfegqTsiwzYk6reM&v=weekly&callback=initGoogleMaps&libraries=marker:1187
[  866501ms] [ERROR] The map is initialized without a valid Map ID, which will prevent use of Advanced Markers. @ https://maps.googleapis.com/maps/api/js?key=AIzaSyBNfAGRfS1TNlH0EmxNfegqTsiwzYk6reM&v=weekly&callback=initGoogleMaps&libraries=marker:1187
[  866738ms] [ERROR] The map is initialized without a valid Map ID, which will prevent use of Advanced Markers. @ https://maps.googleapis.com/maps/api/js?key=AIzaSyBNfAGRfS1TNlH0EmxNfegqTsiwzYk6reM&v=weekly&callback=initGoogleMaps&libraries=marker:1187
[  867284ms] [ERROR] The map is initialized without a valid Map ID, which will prevent use of Advanced Markers. @ https://maps.googleapis.com/maps/api/js?key=AIzaSyBNfAGRfS1TNlH0EmxNfegqTsiwzYk6reM&v=weekly&callback=initGoogleMaps&libraries=marker:1187
[  867621ms] [ERROR] The map is initialized without a valid Map ID, which will prevent use of Advanced Markers. @ https://maps.googleapis.com/maps/api/js?key=AIzaSyBNfAGRfS1TNlH0EmxNfegqTsiwzYk6reM&v=weekly&callback=initGoogleMaps&libraries=marker:1187
[  867912ms] [ERROR] The map is initialized without a valid Map ID, which will prevent use of Advanced Markers. @ https://maps.googleapis.com/maps/api/js?key=AIzaSyBNfAGRfS1TNlH0EmxNfegqTsiwzYk6reM&v=weekly&callback=initGoogleMaps&libraries=marker:1187
[  868330ms] [ERROR] The map is initialized without a valid Map ID, which will prevent use of Advanced Markers. @ https://maps.googleapis.com/maps/api/js?key=AIzaSyBNfAGRfS1TNlH0EmxNfegqTsiwzYk6reM&v=weekly&callback=initGoogleMaps&libraries=marker:1187
[  868686ms] [ERROR] The map is initialized without a valid Map ID, which will prevent use of Advanced Markers. @ https://maps.googleapis.com/maps/api/js?key=AIzaSyBNfAGRfS1TNlH0EmxNfegqTsiwzYk6reM&v=weekly&callback=initGoogleMaps&libraries=marker:1187
[  869016ms] [ERROR] The map is initialized without a valid Map ID, which will prevent use of Advanced Markers. @ https://maps.googleapis.com/maps/api/js?key=AIzaSyBNfAGRfS1TNlH0EmxNfegqTsiwzYk6reM&v=weekly&callback=initGoogleMaps&libraries=marker:1187
[  869289ms] [ERROR] The map is initialized without a valid Map ID, which will prevent use of Advanced Markers. @ https://maps.googleapis.com/maps/api/js?key=AIzaSyBNfAGRfS1TNlH0EmxNfegqTsiwzYk6reM&v=weekly&callback=initGoogleMaps&libraries=marker:1187
[  869500ms] [ERROR] The map is initialized without a valid Map ID, which will prevent use of Advanced Markers. @ https://maps.googleapis.com/maps/api/js?key=AIzaSyBNfAGRfS1TNlH0EmxNfegqTsiwzYk6reM&v=weekly&callback=initGoogleMaps&libraries=marker:1187
[  869813ms] [ERROR] The map is initialized without a valid Map ID, which will prevent use of Advanced Markers. @ https://maps.googleapis.com/maps/api/js?key=AIzaSyBNfAGRfS1TNlH0EmxNfegqTsiwzYk6reM&v=weekly&callback=initGoogleMaps&libraries=marker:1187
[  870029ms] [ERROR] The map is initialized without a valid Map ID, which will prevent use of Advanced Markers. @ https://maps.googleapis.com/maps/api/js?key=AIzaSyBNfAGRfS1TNlH0EmxNfegqTsiwzYk6reM&v=weekly&callback=initGoogleMaps&libraries=marker:1187
[  870511ms] [ERROR] The map is initialized without a valid Map ID, which will prevent use of Advanced Markers. @ https://maps.googleapis.com/maps/api/js?key=AIzaSyBNfAGRfS1TNlH0EmxNfegqTsiwzYk6reM&v=weekly&callback=initGoogleMaps&libraries=marker:1187
[  870688ms] [ERROR] The map is initialized without a valid Map ID, which will prevent use of Advanced Markers. @ https://maps.googleapis.com/maps/api/js?key=AIzaSyBNfAGRfS1TNlH0EmxNfegqTsiwzYk6reM&v=weekly&callback=initGoogleMaps&libraries=marker:1187
[  870918ms] [ERROR] The map is initialized without a valid Map ID, which will prevent use of Advanced Markers. @ https://maps.googleapis.com/maps/api/js?key=AIzaSyBNfAGRfS1TNlH0EmxNfegqTsiwzYk6reM&v=weekly&callback=initGoogleMaps&libraries=marker:1187
[  871183ms] [ERROR] The map is initialized without a valid Map ID, which will prevent use of Advanced Markers. @ https://maps.googleapis.com/maps/api/js?key=AIzaSyBNfAGRfS1TNlH0EmxNfegqTsiwzYk6reM&v=weekly&callback=initGoogleMaps&libraries=marker:1187
[  871222ms] [ERROR] The map is initialized without a valid Map ID, which will prevent use of Advanced Markers. @ https://maps.googleapis.com/maps/api/js?key=AIzaSyBNfAGRfS1TNlH0EmxNfegqTsiwzYk6reM&v=weekly&callback=initGoogleMaps&libraries=marker:1187
[  871418ms] [ERROR] The map is initialized without a valid Map ID, which will prevent use of Advanced Markers. @ https://maps.googleapis.com/maps/api/js?key=AIzaSyBNfAGRfS1TNlH0EmxNfegqTsiwzYk6reM&v=weekly&callback=initGoogleMaps&libraries=marker:1187
[  871783ms] [ERROR] The map is initialized without a valid Map ID, which will prevent use of Advanced Markers. @ https://maps.googleapis.com/maps/api/js?key=AIzaSyBNfAGRfS1TNlH0EmxNfegqTsiwzYk6reM&v=weekly&callback=initGoogleMaps&libraries=marker:1187
[  872078ms] [ERROR] The map is initialized without a valid Map ID, which will prevent use of Advanced Markers. @ https://maps.googleapis.com/maps/api/js?key=AIzaSyBNfAGRfS1TNlH0EmxNfegqTsiwzYk6reM&v=weekly&callback=initGoogleMaps&libraries=marker:1187
[  872518ms] [ERROR] The map is initialized without a valid Map ID, which will prevent use of Advanced Markers. @ https://maps.googleapis.com/maps/api/js?key=AIzaSyBNfAGRfS1TNlH0EmxNfegqTsiwzYk6reM&v=weekly&callback=initGoogleMaps&libraries=marker:1187
[  873009ms] [ERROR] The map is initialized without a valid Map ID, which will prevent use of Advanced Markers. @ https://maps.googleapis.com/maps/api/js?key=AIzaSyBNfAGRfS1TNlH0EmxNfegqTsiwzYk6reM&v=weekly&callback=initGoogleMaps&libraries=marker:1187
[  873597ms] [ERROR] The map is initialized without a valid Map ID, which will prevent use of Advanced Markers. @ https://maps.googleapis.com/maps/api/js?key=AIzaSyBNfAGRfS1TNlH0EmxNfegqTsiwzYk6reM&v=weekly&callback=initGoogleMaps&libraries=marker:1187
[  873885ms] [ERROR] The map is initialized without a valid Map ID, which will prevent use of Advanced Markers. @ https://maps.googleapis.com/maps/api/js?key=AIzaSyBNfAGRfS1TNlH0EmxNfegqTsiwzYk6reM&v=weekly&callback=initGoogleMaps&libraries=marker:1187
[  874201ms] [ERROR] The map is initialized without a valid Map ID, which will prevent use of Advanced Markers. @ https://maps.googleapis.com/maps/api/js?key=AIzaSyBNfAGRfS1TNlH0EmxNfegqTsiwzYk6reM&v=weekly&callback=initGoogleMaps&libraries=marker:1187
[  874378ms] [ERROR] The map is initialized without a valid Map ID, which will prevent use of Advanced Markers. @ https://maps.googleapis.com/maps/api/js?key=AIzaSyBNfAGRfS1TNlH0EmxNfegqTsiwzYk6reM&v=weekly&callback=initGoogleMaps&libraries=marker:1187
[  874610ms] [ERROR] The map is initialized without a valid Map ID, which will prevent use of Advanced Markers. @ https://maps.googleapis.com/maps/api/js?key=AIzaSyBNfAGRfS1TNlH0EmxNfegqTsiwzYk6reM&v=weekly&callback=initGoogleMaps&libraries=marker:1187
[  874986ms] [ERROR] The map is initialized without a valid Map ID, which will prevent use of Advanced Markers. @ https://maps.googleapis.com/maps/api/js?key=AIzaSyBNfAGRfS1TNlH0EmxNfegqTsiwzYk6reM&v=weekly&callback=initGoogleMaps&libraries=marker:1187
[  875396ms] [ERROR] The map is initialized without a valid Map ID, which will prevent use of Advanced Markers. @ https://maps.googleapis.com/maps/api/js?key=AIzaSyBNfAGRfS1TNlH0EmxNfegqTsiwzYk6reM&v=weekly&callback=initGoogleMaps&libraries=marker:1187
[  875706ms] [ERROR] The map is initialized without a valid Map ID, which will prevent use of Advanced Markers. @ https://maps.googleapis.com/maps/api/js?key=AIzaSyBNfAGRfS1TNlH0EmxNfegqTsiwzYk6reM&v=weekly&callback=initGoogleMaps&libraries=marker:1187
[  876003ms] [ERROR] The map is initialized without a valid Map ID, which will prevent use of Advanced Markers. @ https://maps.googleapis.com/maps/api/js?key=AIzaSyBNfAGRfS1TNlH0EmxNfegqTsiwzYk6reM&v=weekly&callback=initGoogleMaps&libraries=marker:1187
[  876510ms] [ERROR] The map is initialized without a valid Map ID, which will prevent use of Advanced Markers. @ https://maps.googleapis.com/maps/api/js?key=AIzaSyBNfAGRfS1TNlH0EmxNfegqTsiwzYk6reM&v=weekly&callback=initGoogleMaps&libraries=marker:1187
[  876805ms] [ERROR] The map is initialized without a valid Map ID, which will prevent use of Advanced Markers. @ https://maps.googleapis.com/maps/api/js?key=AIzaSyBNfAGRfS1TNlH0EmxNfegqTsiwzYk6reM&v=weekly&callback=initGoogleMaps&libraries=marker:1187
[  877171ms] [ERROR] The map is initialized without a valid Map ID, which will prevent use of Advanced Markers. @ https://maps.googleapis.com/maps/api/js?key=AIzaSyBNfAGRfS1TNlH0EmxNfegqTsiwzYk6reM&v=weekly&callback=initGoogleMaps&libraries=marker:1187
[  877391ms] [ERROR] The map is initialized without a valid Map ID, which will prevent use of Advanced Markers. @ https://maps.googleapis.com/maps/api/js?key=AIzaSyBNfAGRfS1TNlH0EmxNfegqTsiwzYk6reM&v=weekly&callback=initGoogleMaps&libraries=marker:1187
[  877692ms] [ERROR] The map is initialized without a valid Map ID, which will prevent use of Advanced Markers. @ https://maps.googleapis.com/maps/api/js?key=AIzaSyBNfAGRfS1TNlH0EmxNfegqTsiwzYk6reM&v=weekly&callback=initGoogleMaps&libraries=marker:1187
[  877828ms] [ERROR] The map is initialized without a valid Map ID, which will prevent use of Advanced Markers. @ https://maps.googleapis.com/maps/api/js?key=AIzaSyBNfAGRfS1TNlH0EmxNfegqTsiwzYk6reM&v=weekly&callback=initGoogleMaps&libraries=marker:1187
[  878096ms] [ERROR] The map is initialized without a valid Map ID, which will prevent use of Advanced Markers. @ https://maps.googleapis.com/maps/api/js?key=AIzaSyBNfAGRfS1TNlH0EmxNfegqTsiwzYk6reM&v=weekly&callback=initGoogleMaps&libraries=marker:1187
[  878596ms] [ERROR] The map is initialized without a valid Map ID, which will prevent use of Advanced Markers. @ https://maps.googleapis.com/maps/api/js?key=AIzaSyBNfAGRfS1TNlH0EmxNfegqTsiwzYk6reM&v=weekly&callback=initGoogleMaps&libraries=marker:1187
[  878792ms] [ERROR] The map is initialized without a valid Map ID, which will prevent use of Advanced Markers. @ https://maps.googleapis.com/maps/api/js?key=AIzaSyBNfAGRfS1TNlH0EmxNfegqTsiwzYk6reM&v=weekly&callback=initGoogleMaps&libraries=marker:1187
[  878899ms] [ERROR] The map is initialized without a valid Map ID, which will prevent use of Advanced Markers. @ https://maps.googleapis.com/maps/api/js?key=AIzaSyBNfAGRfS1TNlH0EmxNfegqTsiwzYk6reM&v=weekly&callback=initGoogleMaps&libraries=marker:1187
[  879492ms] [ERROR] The map is initialized without a valid Map ID, which will prevent use of Advanced Markers. @ https://maps.googleapis.com/maps/api/js?key=AIzaSyBNfAGRfS1TNlH0EmxNfegqTsiwzYk6reM&v=weekly&callback=initGoogleMaps&libraries=marker:1187
[  879693ms] [ERROR] The map is initialized without a valid Map ID, which will prevent use of Advanced Markers. @ https://maps.googleapis.com/maps/api/js?key=AIzaSyBNfAGRfS1TNlH0EmxNfegqTsiwzYk6reM&v=weekly&callback=initGoogleMaps&libraries=marker:1187
[  879817ms] [ERROR] The map is initialized without a valid Map ID, which will prevent use of Advanced Markers. @ https://maps.googleapis.com/maps/api/js?key=AIzaSyBNfAGRfS1TNlH0EmxNfegqTsiwzYk6reM&v=weekly&callback=initGoogleMaps&libraries=marker:1187
[  880098ms] [ERROR] The map is initialized without a valid Map ID, which will prevent use of Advanced Markers. @ https://maps.googleapis.com/maps/api/js?key=AIzaSyBNfAGRfS1TNlH0EmxNfegqTsiwzYk6reM&v=weekly&callback=initGoogleMaps&libraries=marker:1187
[  880371ms] [ERROR] The map is initialized without a valid Map ID, which will prevent use of Advanced Markers. @ https://maps.googleapis.com/maps/api/js?key=AIzaSyBNfAGRfS1TNlH0EmxNfegqTsiwzYk6reM&v=weekly&callback=initGoogleMaps&libraries=marker:1187
[  880594ms] [ERROR] The map is initialized without a valid Map ID, which will prevent use of Advanced Markers. @ https://maps.googleapis.com/maps/api/js?key=AIzaSyBNfAGRfS1TNlH0EmxNfegqTsiwzYk6reM&v=weekly&callback=initGoogleMaps&libraries=marker:1187
[  881100ms] [ERROR] The map is initialized without a valid Map ID, which will prevent use of Advanced Markers. @ https://maps.googleapis.com/maps/api/js?key=AIzaSyBNfAGRfS1TNlH0EmxNfegqTsiwzYk6reM&v=weekly&callback=initGoogleMaps&libraries=marker:1187
[  881400ms] [ERROR] The map is initialized without a valid Map ID, which will prevent use of Advanced Markers. @ https://maps.googleapis.com/maps/api/js?key=AIzaSyBNfAGRfS1TNlH0EmxNfegqTsiwzYk6reM&v=weekly&callback=initGoogleMaps&libraries=marker:1187
[  881886ms] [ERROR] The map is initialized without a valid Map ID, which will prevent use of Advanced Markers. @ https://maps.googleapis.com/maps/api/js?key=AIzaSyBNfAGRfS1TNlH0EmxNfegqTsiwzYk6reM&v=weekly&callback=initGoogleMaps&libraries=marker:1187
[  882301ms] [ERROR] The map is initialized without a valid Map ID, which will prevent use of Advanced Markers. @ https://maps.googleapis.com/maps/api/js?key=AIzaSyBNfAGRfS1TNlH0EmxNfegqTsiwzYk6reM&v=weekly&callback=initGoogleMaps&libraries=marker:1187
[  882633ms] [ERROR] The map is initialized without a valid Map ID, which will prevent use of Advanced Markers. @ https://maps.googleapis.com/maps/api/js?key=AIzaSyBNfAGRfS1TNlH0EmxNfegqTsiwzYk6reM&v=weekly&callback=initGoogleMaps&libraries=marker:1187
[  883008ms] [ERROR] The map is initialized without a valid Map ID, which will prevent use of Advanced Markers. @ https://maps.googleapis.com/maps/api/js?key=AIzaSyBNfAGRfS1TNlH0EmxNfegqTsiwzYk6reM&v=weekly&callback=initGoogleMaps&libraries=marker:1187
[  883189ms] [ERROR] The map is initialized without a valid Map ID, which will prevent use of Advanced Markers. @ https://maps.googleapis.com/maps/api/js?key=AIzaSyBNfAGRfS1TNlH0EmxNfegqTsiwzYk6reM&v=weekly&callback=initGoogleMaps&libraries=marker:1187
[  883369ms] [ERROR] The map is initialized without a valid Map ID, which will prevent use of Advanced Markers. @ https://maps.googleapis.com/maps/api/js?key=AIzaSyBNfAGRfS1TNlH0EmxNfegqTsiwzYk6reM&v=weekly&callback=initGoogleMaps&libraries=marker:1187
[  883804ms] [ERROR] The map is initialized without a valid Map ID, which will prevent use of Advanced Markers. @ https://maps.googleapis.com/maps/api/js?key=AIzaSyBNfAGRfS1TNlH0EmxNfegqTsiwzYk6reM&v=weekly&callback=initGoogleMaps&libraries=marker:1187
[  884399ms] [ERROR] The map is initialized without a valid Map ID, which will prevent use of Advanced Markers. @ https://maps.googleapis.com/maps/api/js?key=AIzaSyBNfAGRfS1TNlH0EmxNfegqTsiwzYk6reM&v=weekly&callback=initGoogleMaps&libraries=marker:1187
[  884619ms] [ERROR] The map is initialized without a valid Map ID, which will prevent use of Advanced Markers. @ https://maps.googleapis.com/maps/api/js?key=AIzaSyBNfAGRfS1TNlH0EmxNfegqTsiwzYk6reM&v=weekly&callback=initGoogleMaps&libraries=marker:1187
[  884813ms] [ERROR] The map is initialized without a valid Map ID, which will prevent use of Advanced Markers. @ https://maps.googleapis.com/maps/api/js?key=AIzaSyBNfAGRfS1TNlH0EmxNfegqTsiwzYk6reM&v=weekly&callback=initGoogleMaps&libraries=marker:1187
[  884887ms] [ERROR] The map is initialized without a valid Map ID, which will prevent use of Advanced Markers. @ https://maps.googleapis.com/maps/api/js?key=AIzaSyBNfAGRfS1TNlH0EmxNfegqTsiwzYk6reM&v=weekly&callback=initGoogleMaps&libraries=marker:1187
[  885096ms] [ERROR] The map is initialized without a valid Map ID, which will prevent use of Advanced Markers. @ https://maps.googleapis.com/maps/api/js?key=AIzaSyBNfAGRfS1TNlH0EmxNfegqTsiwzYk6reM&v=weekly&callback=initGoogleMaps&libraries=marker:1187
[  885189ms] [ERROR] The map is initialized without a valid Map ID, which will prevent use of Advanced Markers. @ https://maps.googleapis.com/maps/api/js?key=AIzaSyBNfAGRfS1TNlH0EmxNfegqTsiwzYk6reM&v=weekly&callback=initGoogleMaps&libraries=marker:1187
[  885591ms] [ERROR] The map is initialized without a valid Map ID, which will prevent use of Advanced Markers. @ https://maps.googleapis.com/maps/api/js?key=AIzaSyBNfAGRfS1TNlH0EmxNfegqTsiwzYk6reM&v=weekly&callback=initGoogleMaps&libraries=marker:1187
[  886300ms] [ERROR] The map is initialized without a valid Map ID, which will prevent use of Advanced Markers. @ https://maps.googleapis.com/maps/api/js?key=AIzaSyBNfAGRfS1TNlH0EmxNfegqTsiwzYk6reM&v=weekly&callback=initGoogleMaps&libraries=marker:1187
[  886700ms] [ERROR] The map is initialized without a valid Map ID, which will prevent use of Advanced Markers. @ https://maps.googleapis.com/maps/api/js?key=AIzaSyBNfAGRfS1TNlH0EmxNfegqTsiwzYk6reM&v=weekly&callback=initGoogleMaps&libraries=marker:1187
[  887103ms] [ERROR] The map is initialized without a valid Map ID, which will prevent use of Advanced Markers. @ https://maps.googleapis.com/maps/api/js?key=AIzaSyBNfAGRfS1TNlH0EmxNfegqTsiwzYk6reM&v=weekly&callback=initGoogleMaps&libraries=marker:1187
[  887413ms] [ERROR] The map is initialized without a valid Map ID, which will prevent use of Advanced Markers. @ https://maps.googleapis.com/maps/api/js?key=AIzaSyBNfAGRfS1TNlH0EmxNfegqTsiwzYk6reM&v=weekly&callback=initGoogleMaps&libraries=marker:1187
[  887949ms] [ERROR] The map is initialized without a valid Map ID, which will prevent use of Advanced Markers. @ https://maps.googleapis.com/maps/api/js?key=AIzaSyBNfAGRfS1TNlH0EmxNfegqTsiwzYk6reM&v=weekly&callback=initGoogleMaps&libraries=marker:1187
[  888226ms] [ERROR] The map is initialized without a valid Map ID, which will prevent use of Advanced Markers. @ https://maps.googleapis.com/maps/api/js?key=AIzaSyBNfAGRfS1TNlH0EmxNfegqTsiwzYk6reM&v=weekly&callback=initGoogleMaps&libraries=marker:1187
[  888786ms] [ERROR] The map is initialized without a valid Map ID, which will prevent use of Advanced Markers. @ https://maps.googleapis.com/maps/api/js?key=AIzaSyBNfAGRfS1TNlH0EmxNfegqTsiwzYk6reM&v=weekly&callback=initGoogleMaps&libraries=marker:1187
[  889395ms] [ERROR] The map is initialized without a valid Map ID, which will prevent use of Advanced Markers. @ https://maps.googleapis.com/maps/api/js?key=AIzaSyBNfAGRfS1TNlH0EmxNfegqTsiwzYk6reM&v=weekly&callback=initGoogleMaps&libraries=marker:1187
[  889986ms] [ERROR] The map is initialized without a valid Map ID, which will prevent use of Advanced Markers. @ https://maps.googleapis.com/maps/api/js?key=AIzaSyBNfAGRfS1TNlH0EmxNfegqTsiwzYk6reM&v=weekly&callback=initGoogleMaps&libraries=marker:1187
[  890340ms] [ERROR] The map is initialized without a valid Map ID, which will prevent use of Advanced Markers. @ https://maps.googleapis.com/maps/api/js?key=AIzaSyBNfAGRfS1TNlH0EmxNfegqTsiwzYk6reM&v=weekly&callback=initGoogleMaps&libraries=marker:1187
[  890675ms] [ERROR] The map is initialized without a valid Map ID, which will prevent use of Advanced Markers. @ https://maps.googleapis.com/maps/api/js?key=AIzaSyBNfAGRfS1TNlH0EmxNfegqTsiwzYk6reM&v=weekly&callback=initGoogleMaps&libraries=marker:1187
[  891193ms] [ERROR] The map is initialized without a valid Map ID, which will prevent use of Advanced Markers. @ https://maps.googleapis.com/maps/api/js?key=AIzaSyBNfAGRfS1TNlH0EmxNfegqTsiwzYk6reM&v=weekly&callback=initGoogleMaps&libraries=marker:1187
[  891592ms] [ERROR] The map is initialized without a valid Map ID, which will prevent use of Advanced Markers. @ https://maps.googleapis.com/maps/api/js?key=AIzaSyBNfAGRfS1TNlH0EmxNfegqTsiwzYk6reM&v=weekly&callback=initGoogleMaps&libraries=marker:1187
[  891732ms] [ERROR] The map is initialized without a valid Map ID, which will prevent use of Advanced Markers. @ https://maps.googleapis.com/maps/api/js?key=AIzaSyBNfAGRfS1TNlH0EmxNfegqTsiwzYk6reM&v=weekly&callback=initGoogleMaps&libraries=marker:1187
[  892403ms] [ERROR] The map is initialized without a valid Map ID, which will prevent use of Advanced Markers. @ https://maps.googleapis.com/maps/api/js?key=AIzaSyBNfAGRfS1TNlH0EmxNfegqTsiwzYk6reM&v=weekly&callback=initGoogleMaps&libraries=marker:1187
[  892883ms] [ERROR] The map is initialized without a valid Map ID, which will prevent use of Advanced Markers. @ https://maps.googleapis.com/maps/api/js?key=AIzaSyBNfAGRfS1TNlH0EmxNfegqTsiwzYk6reM&v=weekly&callback=initGoogleMaps&libraries=marker:1187
[  893098ms] [ERROR] The map is initialized without a valid Map ID, which will prevent use of Advanced Markers. @ https://maps.googleapis.com/maps/api/js?key=AIzaSyBNfAGRfS1TNlH0EmxNfegqTsiwzYk6reM&v=weekly&callback=initGoogleMaps&libraries=marker:1187
[  893229ms] [ERROR] The map is initialized without a valid Map ID, which will prevent use of Advanced Markers. @ https://maps.googleapis.com/maps/api/js?key=AIzaSyBNfAGRfS1TNlH0EmxNfegqTsiwzYk6reM&v=weekly&callback=initGoogleMaps&libraries=marker:1187
[  893477ms] [ERROR] The map is initialized without a valid Map ID, which will prevent use of Advanced Markers. @ https://maps.googleapis.com/maps/api/js?key=AIzaSyBNfAGRfS1TNlH0EmxNfegqTsiwzYk6reM&v=weekly&callback=initGoogleMaps&libraries=marker:1187
[  893692ms] [ERROR] The map is initialized without a valid Map ID, which will prevent use of Advanced Markers. @ https://maps.googleapis.com/maps/api/js?key=AIzaSyBNfAGRfS1TNlH0EmxNfegqTsiwzYk6reM&v=weekly&callback=initGoogleMaps&libraries=marker:1187
[  894298ms] [ERROR] The map is initialized without a valid Map ID, which will prevent use of Advanced Markers. @ https://maps.googleapis.com/maps/api/js?key=AIzaSyBNfAGRfS1TNlH0EmxNfegqTsiwzYk6reM&v=weekly&callback=initGoogleMaps&libraries=marker:1187
[  894537ms] [ERROR] The map is initialized without a valid Map ID, which will prevent use of Advanced Markers. @ https://maps.googleapis.com/maps/api/js?key=AIzaSyBNfAGRfS1TNlH0EmxNfegqTsiwzYk6reM&v=weekly&callback=initGoogleMaps&libraries=marker:1187
[  894627ms] [ERROR] The map is initialized without a valid Map ID, which will prevent use of Advanced Markers. @ https://maps.googleapis.com/maps/api/js?key=AIzaSyBNfAGRfS1TNlH0EmxNfegqTsiwzYk6reM&v=weekly&callback=initGoogleMaps&libraries=marker:1187
[  894799ms] [ERROR] The map is initialized without a valid Map ID, which will prevent use of Advanced Markers. @ https://maps.googleapis.com/maps/api/js?key=AIzaSyBNfAGRfS1TNlH0EmxNfegqTsiwzYk6reM&v=weekly&callback=initGoogleMaps&libraries=marker:1187
[  895249ms] [ERROR] The map is initialized without a valid Map ID, which will prevent use of Advanced Markers. @ https://maps.googleapis.com/maps/api/js?key=AIzaSyBNfAGRfS1TNlH0EmxNfegqTsiwzYk6reM&v=weekly&callback=initGoogleMaps&libraries=marker:1187
[  895575ms] [ERROR] The map is initialized without a valid Map ID, which will prevent use of Advanced Markers. @ https://maps.googleapis.com/maps/api/js?key=AIzaSyBNfAGRfS1TNlH0EmxNfegqTsiwzYk6reM&v=weekly&callback=initGoogleMaps&libraries=marker:1187
[  896081ms] [ERROR] The map is initialized without a valid Map ID, which will prevent use of Advanced Markers. @ https://maps.googleapis.com/maps/api/js?key=AIzaSyBNfAGRfS1TNlH0EmxNfegqTsiwzYk6reM&v=weekly&callback=initGoogleMaps&libraries=marker:1187
[  896296ms] [ERROR] The map is initialized without a valid Map ID, which will prevent use of Advanced Markers. @ https://maps.googleapis.com/maps/api/js?key=AIzaSyBNfAGRfS1TNlH0EmxNfegqTsiwzYk6reM&v=weekly&callback=initGoogleMaps&libraries=marker:1187
[  896412ms] [ERROR] The map is initialized without a valid Map ID, which will prevent use of Advanced Markers. @ https://maps.googleapis.com/maps/api/js?key=AIzaSyBNfAGRfS1TNlH0EmxNfegqTsiwzYk6reM&v=weekly&callback=initGoogleMaps&libraries=marker:1187
[  896734ms] [ERROR] The map is initialized without a valid Map ID, which will prevent use of Advanced Markers. @ https://maps.googleapis.com/maps/api/js?key=AIzaSyBNfAGRfS1TNlH0EmxNfegqTsiwzYk6reM&v=weekly&callback=initGoogleMaps&libraries=marker:1187
[  897080ms] [ERROR] The map is initialized without a valid Map ID, which will prevent use of Advanced Markers. @ https://maps.googleapis.com/maps/api/js?key=AIzaSyBNfAGRfS1TNlH0EmxNfegqTsiwzYk6reM&v=weekly&callback=initGoogleMaps&libraries=marker:1187
[  897502ms] [ERROR] The map is initialized without a valid Map ID, which will prevent use of Advanced Markers. @ https://maps.googleapis.com/maps/api/js?key=AIzaSyBNfAGRfS1TNlH0EmxNfegqTsiwzYk6reM&v=weekly&callback=initGoogleMaps&libraries=marker:1187
[  897729ms] [ERROR] The map is initialized without a valid Map ID, which will prevent use of Advanced Markers. @ https://maps.googleapis.com/maps/api/js?key=AIzaSyBNfAGRfS1TNlH0EmxNfegqTsiwzYk6reM&v=weekly&callback=initGoogleMaps&libraries=marker:1187
[  897876ms] [ERROR] The map is initialized without a valid Map ID, which will prevent use of Advanced Markers. @ https://maps.googleapis.com/maps/api/js?key=AIzaSyBNfAGRfS1TNlH0EmxNfegqTsiwzYk6reM&v=weekly&callback=initGoogleMaps&libraries=marker:1187
[  898103ms] [ERROR] The map is initialized without a valid Map ID, which will prevent use of Advanced Markers. @ https://maps.googleapis.com/maps/api/js?key=AIzaSyBNfAGRfS1TNlH0EmxNfegqTsiwzYk6reM&v=weekly&callback=initGoogleMaps&libraries=marker:1187
[  898343ms] [ERROR] The map is initialized without a valid Map ID, which will prevent use of Advanced Markers. @ https://maps.googleapis.com/maps/api/js?key=AIzaSyBNfAGRfS1TNlH0EmxNfegqTsiwzYk6reM&v=weekly&callback=initGoogleMaps&libraries=marker:1187
[  899009ms] [ERROR] The map is initialized without a valid Map ID, which will prevent use of Advanced Markers. @ https://maps.googleapis.com/maps/api/js?key=AIzaSyBNfAGRfS1TNlH0EmxNfegqTsiwzYk6reM&v=weekly&callback=initGoogleMaps&libraries=marker:1187
[  899508ms] [ERROR] The map is initialized without a valid Map ID, which will prevent use of Advanced Markers. @ https://maps.googleapis.com/maps/api/js?key=AIzaSyBNfAGRfS1TNlH0EmxNfegqTsiwzYk6reM&v=weekly&callback=initGoogleMaps&libraries=marker:1187
[  899746ms] [ERROR] The map is initialized without a valid Map ID, which will prevent use of Advanced Markers. @ https://maps.googleapis.com/maps/api/js?key=AIzaSyBNfAGRfS1TNlH0EmxNfegqTsiwzYk6reM&v=weekly&callback=initGoogleMaps&libraries=marker:1187
[  900103ms] [ERROR] The map is initialized without a valid Map ID, which will prevent use of Advanced Markers. @ https://maps.googleapis.com/maps/api/js?key=AIzaSyBNfAGRfS1TNlH0EmxNfegqTsiwzYk6reM&v=weekly&callback=initGoogleMaps&libraries=marker:1187
[  900696ms] [ERROR] The map is initialized without a valid Map ID, which will prevent use of Advanced Markers. @ https://maps.googleapis.com/maps/api/js?key=AIzaSyBNfAGRfS1TNlH0EmxNfegqTsiwzYk6reM&v=weekly&callback=initGoogleMaps&libraries=marker:1187
[  900967ms] [ERROR] The map is initialized without a valid Map ID, which will prevent use of Advanced Markers. @ https://maps.googleapis.com/maps/api/js?key=AIzaSyBNfAGRfS1TNlH0EmxNfegqTsiwzYk6reM&v=weekly&callback=initGoogleMaps&libraries=marker:1187
[  901364ms] [ERROR] The map is initialized without a valid Map ID, which will prevent use of Advanced Markers. @ https://maps.googleapis.com/maps/api/js?key=AIzaSyBNfAGRfS1TNlH0EmxNfegqTsiwzYk6reM&v=weekly&callback=initGoogleMaps&libraries=marker:1187
[  901513ms] [ERROR] The map is initialized without a valid Map ID, which will prevent use of Advanced Markers. @ https://maps.googleapis.com/maps/api/js?key=AIzaSyBNfAGRfS1TNlH0EmxNfegqTsiwzYk6reM&v=weekly&callback=initGoogleMaps&libraries=marker:1187
[  901603ms] [ERROR] The map is initialized without a valid Map ID, which will prevent use of Advanced Markers. @ https://maps.googleapis.com/maps/api/js?key=AIzaSyBNfAGRfS1TNlH0EmxNfegqTsiwzYk6reM&v=weekly&callback=initGoogleMaps&libraries=marker:1187
[  901743ms] [ERROR] The map is initialized without a valid Map ID, which will prevent use of Advanced Markers. @ https://maps.googleapis.com/maps/api/js?key=AIzaSyBNfAGRfS1TNlH0EmxNfegqTsiwzYk6reM&v=weekly&callback=initGoogleMaps&libraries=marker:1187
[  902135ms] [ERROR] The map is initialized without a valid Map ID, which will prevent use of Advanced Markers. @ https://maps.googleapis.com/maps/api/js?key=AIzaSyBNfAGRfS1TNlH0EmxNfegqTsiwzYk6reM&v=weekly&callback=initGoogleMaps&libraries=marker:1187
[  902616ms] [ERROR] The map is initialized without a valid Map ID, which will prevent use of Advanced Markers. @ https://maps.googleapis.com/maps/api/js?key=AIzaSyBNfAGRfS1TNlH0EmxNfegqTsiwzYk6reM&v=weekly&callback=initGoogleMaps&libraries=marker:1187
[  902990ms] [ERROR] The map is initialized without a valid Map ID, which will prevent use of Advanced Markers. @ https://maps.googleapis.com/maps/api/js?key=AIzaSyBNfAGRfS1TNlH0EmxNfegqTsiwzYk6reM&v=weekly&callback=initGoogleMaps&libraries=marker:1187
[  903282ms] [ERROR] The map is initialized without a valid Map ID, which will prevent use of Advanced Markers. @ https://maps.googleapis.com/maps/api/js?key=AIzaSyBNfAGRfS1TNlH0EmxNfegqTsiwzYk6reM&v=weekly&callback=initGoogleMaps&libraries=marker:1187
[  903479ms] [ERROR] The map is initialized without a valid Map ID, which will prevent use of Advanced Markers. @ https://maps.googleapis.com/maps/api/js?key=AIzaSyBNfAGRfS1TNlH0EmxNfegqTsiwzYk6reM&v=weekly&callback=initGoogleMaps&libraries=marker:1187
[  903794ms] [ERROR] The map is initialized without a valid Map ID, which will prevent use of Advanced Markers. @ https://maps.googleapis.com/maps/api/js?key=AIzaSyBNfAGRfS1TNlH0EmxNfegqTsiwzYk6reM&v=weekly&callback=initGoogleMaps&libraries=marker:1187
[  904126ms] [ERROR] The map is initialized without a valid Map ID, which will prevent use of Advanced Markers. @ https://maps.googleapis.com/maps/api/js?key=AIzaSyBNfAGRfS1TNlH0EmxNfegqTsiwzYk6reM&v=weekly&callback=initGoogleMaps&libraries=marker:1187
[  904307ms] [ERROR] The map is initialized without a valid Map ID, which will prevent use of Advanced Markers. @ https://maps.googleapis.com/maps/api/js?key=AIzaSyBNfAGRfS1TNlH0EmxNfegqTsiwzYk6reM&v=weekly&callback=initGoogleMaps&libraries=marker:1187
[  904486ms] [ERROR] The map is initialized without a valid Map ID, which will prevent use of Advanced Markers. @ https://maps.googleapis.com/maps/api/js?key=AIzaSyBNfAGRfS1TNlH0EmxNfegqTsiwzYk6reM&v=weekly&callback=initGoogleMaps&libraries=marker:1187
[  904739ms] [ERROR] The map is initialized without a valid Map ID, which will prevent use of Advanced Markers. @ https://maps.googleapis.com/maps/api/js?key=AIzaSyBNfAGRfS1TNlH0EmxNfegqTsiwzYk6reM&v=weekly&callback=initGoogleMaps&libraries=marker:1187
[  905348ms] [ERROR] The map is initialized without a valid Map ID, which will prevent use of Advanced Markers. @ https://maps.googleapis.com/maps/api/js?key=AIzaSyBNfAGRfS1TNlH0EmxNfegqTsiwzYk6reM&v=weekly&callback=initGoogleMaps&libraries=marker:1187
[  905590ms] [ERROR] The map is initialized without a valid Map ID, which will prevent use of Advanced Markers. @ https://maps.googleapis.com/maps/api/js?key=AIzaSyBNfAGRfS1TNlH0EmxNfegqTsiwzYk6reM&v=weekly&callback=initGoogleMaps&libraries=marker:1187
[  905807ms] [ERROR] The map is initialized without a valid Map ID, which will prevent use of Advanced Markers. @ https://maps.googleapis.com/maps/api/js?key=AIzaSyBNfAGRfS1TNlH0EmxNfegqTsiwzYk6reM&v=weekly&callback=initGoogleMaps&libraries=marker:1187
[  906100ms] [ERROR] The map is initialized without a valid Map ID, which will prevent use of Advanced Markers. @ https://maps.googleapis.com/maps/api/js?key=AIzaSyBNfAGRfS1TNlH0EmxNfegqTsiwzYk6reM&v=weekly&callback=initGoogleMaps&libraries=marker:1187
[  906289ms] [ERROR] The map is initialized without a valid Map ID, which will prevent use of Advanced Markers. @ https://maps.googleapis.com/maps/api/js?key=AIzaSyBNfAGRfS1TNlH0EmxNfegqTsiwzYk6reM&v=weekly&callback=initGoogleMaps&libraries=marker:1187
[  906477ms] [ERROR] The map is initialized without a valid Map ID, which will prevent use of Advanced Markers. @ https://maps.googleapis.com/maps/api/js?key=AIzaSyBNfAGRfS1TNlH0EmxNfegqTsiwzYk6reM&v=weekly&callback=initGoogleMaps&libraries=marker:1187
[  906591ms] [ERROR] The map is initialized without a valid Map ID, which will prevent use of Advanced Markers. @ https://maps.googleapis.com/maps/api/js?key=AIzaSyBNfAGRfS1TNlH0EmxNfegqTsiwzYk6reM&v=weekly&callback=initGoogleMaps&libraries=marker:1187
[  906801ms] [ERROR] The map is initialized without a valid Map ID, which will prevent use of Advanced Markers. @ https://maps.googleapis.com/maps/api/js?key=AIzaSyBNfAGRfS1TNlH0EmxNfegqTsiwzYk6reM&v=weekly&callback=initGoogleMaps&libraries=marker:1187
[  906997ms] [ERROR] The map is initialized without a valid Map ID, which will prevent use of Advanced Markers. @ https://maps.googleapis.com/maps/api/js?key=AIzaSyBNfAGRfS1TNlH0EmxNfegqTsiwzYk6reM&v=weekly&callback=initGoogleMaps&libraries=marker:1187
[  907481ms] [ERROR] The map is initialized without a valid Map ID, which will prevent use of Advanced Markers. @ https://maps.googleapis.com/maps/api/js?key=AIzaSyBNfAGRfS1TNlH0EmxNfegqTsiwzYk6reM&v=weekly&callback=initGoogleMaps&libraries=marker:1187
[  907642ms] [ERROR] The map is initialized without a valid Map ID, which will prevent use of Advanced Markers. @ https://maps.googleapis.com/maps/api/js?key=AIzaSyBNfAGRfS1TNlH0EmxNfegqTsiwzYk6reM&v=weekly&callback=initGoogleMaps&libraries=marker:1187
[  907906ms] [ERROR] The map is initialized without a valid Map ID, which will prevent use of Advanced Markers. @ https://maps.googleapis.com/maps/api/js?key=AIzaSyBNfAGRfS1TNlH0EmxNfegqTsiwzYk6reM&v=weekly&callback=initGoogleMaps&libraries=marker:1187
[  908101ms] [ERROR] The map is initialized without a valid Map ID, which will prevent use of Advanced Markers. @ https://maps.googleapis.com/maps/api/js?key=AIzaSyBNfAGRfS1TNlH0EmxNfegqTsiwzYk6reM&v=weekly&callback=initGoogleMaps&libraries=marker:1187
[  908634ms] [ERROR] The map is initialized without a valid Map ID, which will prevent use of Advanced Markers. @ https://maps.googleapis.com/maps/api/js?key=AIzaSyBNfAGRfS1TNlH0EmxNfegqTsiwzYk6reM&v=weekly&callback=initGoogleMaps&libraries=marker:1187
[  908802ms] [ERROR] The map is initialized without a valid Map ID, which will prevent use of Advanced Markers. @ https://maps.googleapis.com/maps/api/js?key=AIzaSyBNfAGRfS1TNlH0EmxNfegqTsiwzYk6reM&v=weekly&callback=initGoogleMaps&libraries=marker:1187
[  909115ms] [ERROR] The map is initialized without a valid Map ID, which will prevent use of Advanced Markers. @ https://maps.googleapis.com/maps/api/js?key=AIzaSyBNfAGRfS1TNlH0EmxNfegqTsiwzYk6reM&v=weekly&callback=initGoogleMaps&libraries=marker:1187
[  909402ms] [ERROR] The map is initialized without a valid Map ID, which will prevent use of Advanced Markers. @ https://maps.googleapis.com/maps/api/js?key=AIzaSyBNfAGRfS1TNlH0EmxNfegqTsiwzYk6reM&v=weekly&callback=initGoogleMaps&libraries=marker:1187
[  909696ms] [ERROR] The map is initialized without a valid Map ID, which will prevent use of Advanced Markers. @ https://maps.googleapis.com/maps/api/js?key=AIzaSyBNfAGRfS1TNlH0EmxNfegqTsiwzYk6reM&v=weekly&callback=initGoogleMaps&libraries=marker:1187
[  909999ms] [ERROR] The map is initialized without a valid Map ID, which will prevent use of Advanced Markers. @ https://maps.googleapis.com/maps/api/js?key=AIzaSyBNfAGRfS1TNlH0EmxNfegqTsiwzYk6reM&v=weekly&callback=initGoogleMaps&libraries=marker:1187
[  910110ms] [ERROR] The map is initialized without a valid Map ID, which will prevent use of Advanced Markers. @ https://maps.googleapis.com/maps/api/js?key=AIzaSyBNfAGRfS1TNlH0EmxNfegqTsiwzYk6reM&v=weekly&callback=initGoogleMaps&libraries=marker:1187
[  910498ms] [ERROR] The map is initialized without a valid Map ID, which will prevent use of Advanced Markers. @ https://maps.googleapis.com/maps/api/js?key=AIzaSyBNfAGRfS1TNlH0EmxNfegqTsiwzYk6reM&v=weekly&callback=initGoogleMaps&libraries=marker:1187
[  910796ms] [ERROR] The map is initialized without a valid Map ID, which will prevent use of Advanced Markers. @ https://maps.googleapis.com/maps/api/js?key=AIzaSyBNfAGRfS1TNlH0EmxNfegqTsiwzYk6reM&v=weekly&callback=initGoogleMaps&libraries=marker:1187
[  910979ms] [ERROR] The map is initialized without a valid Map ID, which will prevent use of Advanced Markers. @ https://maps.googleapis.com/maps/api/js?key=AIzaSyBNfAGRfS1TNlH0EmxNfegqTsiwzYk6reM&v=weekly&callback=initGoogleMaps&libraries=marker:1187
[  911375ms] [ERROR] The map is initialized without a valid Map ID, which will prevent use of Advanced Markers. @ https://maps.googleapis.com/maps/api/js?key=AIzaSyBNfAGRfS1TNlH0EmxNfegqTsiwzYk6reM&v=weekly&callback=initGoogleMaps&libraries=marker:1187
